account_id,customer_id,account_type,account_category,product_family,deposit_credit_type,interest_bearing_flag,risk_category,currency_code,is_active_product,account_status,balance,opened_date,closed_date,branch_code,branch_name,branch_city,branch_state,branch_country,branch_region,branch_type,is_active_branch,created_date,updated_date
A00001,C00250,Line of Credit,Credit,Lending,Credit,1,Medium,CAD,1,C,68247.79,2019-11-06,2023-05-31,BR014,Halifax Branch 14,Halifax,Nova Scotia,Canada,Atlantic,Retail,1,2019-11-06,2026-08-18
A00002,C00130,Checking,Deposit,Retail Banking,Deposit,0,Low,CAD,1,C,36641.54,2019-06-24,2020-12-29,BR016,Calgary Branch 16,Calgary,Alberta,Canada,West,Retail,1,2019-06-24,2026-08-18
A00003,C00479,Savings,Deposit,Retail Banking,Deposit,1,Low,CAD,1,ACTIVE,94429.96,2021-07-08,,BR023,Vancouver Branch 23,Vancouver,British Columbia,Canada,West,Retail,1,2021-07-08,2026-08-18
A00004,C00660,Credit Card,Credit,Cards,Credit,1,Medium,CAD,1,C,19034.97,2018-09-11,2026-08-10,BR005,Vancouver Branch 5,Vancouver,British Columbia,Canada,West,Retail,1,2018-09-11,2026-08-18
A00005,C00787,Checking,Deposit,Retail Banking,Deposit,0,Low,CAD,1,CLOSED,31002.73,2017-04-16,2017-08-03,BR004,Calgary Branch 4,Calgary,Alberta,Canada,West,Retail,1,2017-04-16,2026-08-18
A00006,C00545,Checking,Deposit,Retail Banking,Deposit,0,Low,CAD,1,CLOSED,60061.28,2020-02-17,2025-05-26,BR024,Calgary Branch 24,Calgary,Alberta,Canada,West,Retail,1,2020-02-17,2026-08-18
A00007,C00121,SAVING,Deposit,Retail Banking,Deposit,1,Low,CAD,1,C,13879.88,2022-04-26,2026-05-22,BR025,Vancouver Branch 25,Vancouver,British Columbia,Canada,West,Retail,1,2022-04-26,2026-08-18
A00008,C01151,Line of Credit,Credit,Lending,Credit,1,Medium,CAD,1,C,82396.1,2017-11-01,2021-11-28,BR016,Toronto Branch 16,Toronto,Ontario,Canada,Central,Retail,1,2017-11-01,2026-08-18
A00009,C00386,Checking,Deposit,Retail Banking,Deposit,0,Low,CAD,1,ACTIVE,82325.71,2020-08-11,,BR021,Montreal Branch 21,Montreal,Quebec,Canada,Central,Retail,1,2020-08-11,2026-08-18
A00010,C00023,Savings,Deposit,Retail Banking,Deposit,1,Low,CAD,1,C,78966.29,2011-12-07,2017-07-31,BR014,Montreal Branch 14,Montreal,Quebec,Canada,Central,Retail,1,2011-12-07,2026-08-18
A00011,C00864,Credit Card,Credit,Cards,Credit,1,Medium,CAD,1,A,2396.53,2016-03-10,,BR021,Montreal Branch 21,Montreal,Quebec,Canada,Central,Retail,1,2016-03-10,2026-08-18
A00012,C00644,Savings,Deposit,Retail Banking,Deposit,1,Low,CAD,1,CLOSED,15276.33,2024-03-15,2025-11-03,BR015,Montreal Branch 15,Montreal,Quebec,Canada,Central,Retail,1,2024-03-15,2026-08-18
A00013,C00662,Savings,Deposit,Retail Banking,Deposit,1,Low,CAD,1,CLOSED,15871.56,2024-05-07,2025-03-24,BR005,Montreal Branch 5,Montreal,Quebec,Canada,Central,Retail,1,2024-05-07,2026-08-18
A00014,C00769,SAVING,Deposit,Retail Banking,Deposit,1,Low,CAD,1,CLOSED,13746.16,2011-06-18,2019-10-25,BR024,Halifax Branch 24,Halifax,Nova Scotia,Canada,Atlantic,Retail,1,2011-06-18,2026-08-18
A00015,C01159,Savings,Deposit,Retail Banking,Deposit,1,Low,CAD,1,C,64183.91,2020-07-06,2020-12-24,BR011,Vancouver Branch 11,Vancouver,British Columbia,Canada,West,Retail,1,2020-07-06,2026-08-18
A00016,C00287,Savings,Deposit,Retail Banking,Deposit,1,Low,CAD,1,ACTIVE,49416.0,2011-12-23,,BR003,Calgary Branch 3,Calgary,Alberta,Canada,West,Retail,1,2011-12-23,2026-08-18
A00017,C00693,Checking,Deposit,Retail Banking,Deposit,0,Low,CAD,1,A,75343.29,2015-12-08,,BR012,Halifax Branch 12,Halifax,Nova Scotia,Canada,Atlantic,Retail,1,2015-12-08,2026-08-18
A00018,C00811,Savings,Deposit,Retail Banking,Deposit,1,Low,CAD,1,CLOSED,5746.12,2020-02-16,2026-04-27,BR014,Vancouver Branch 14,Vancouver,British Columbia,Canada,West,Retail,1,2020-02-16,2026-08-18
A00019,C00466,Checking,Deposit,Retail Banking,Deposit,0,Low,CAD,1,ACTIVE,11082.54,2012-04-15,,BR009,Calgary Branch 9,Calgary,Alberta,Canada,West,Retail,1,2012-04-15,2026-08-18
A00020,C00449,Checking,Deposit,Retail Banking,Deposit,0,Low,CAD,1,ACTIVE,47608.67,2010-01-21,,BR002,Halifax Branch 2,Halifax,Nova Scotia,Canada,Atlantic,Retail,1,2010-01-21,2026-08-18
A00021,C00811,Checking,Deposit,Retail Banking,Deposit,0,Low,CAD,1,C,75474.29,2014-09-11,2023-06-20,BR022,Toronto Branch 22,Toronto,Ontario,Canada,Central,Retail,1,2014-09-11,2026-08-18
A00022,C00074,Savings,Deposit,Retail Banking,Deposit,1,Low,CAD,1,CLOSED,6330.13,2019-08-01,2025-10-30,BR007,Calgary Branch 7,Calgary,Alberta,Canada,West,Retail,1,2019-08-01,2026-08-18
A00023,C01043,Checking,Deposit,Retail Banking,Deposit,0,Low,CAD,1,A,57949.11,2025-01-12,,BR012,Toronto Branch 12,Toronto,Ontario,Canada,Central,Retail,1,2025-01-12,2026-08-18
A00024,C00577,Checking,Deposit,Retail Banking,Deposit,0,Low,CAD,1,A,91477.67,2016-03-18,,BR024,Vancouver Branch 24,Vancouver,British Columbia,Canada,West,Retail,1,2016-03-18,2026-08-18
A00025,C00525,Credit Card,Credit,Cards,Credit,1,Medium,CAD,1,ACTIVE,83399.65,2021-09-13,,BR025,Calgary Branch 25,Calgary,Alberta,Canada,West,Retail,1,2021-09-13,2026-08-18
A00026,C00060,CREDIT CARD,Credit,Cards,Credit,1,Medium,CAD,1,A,64871.5,2020-05-13,,BR015,Toronto Branch 15,Toronto,Ontario,Canada,Central,Retail,1,2020-05-13,2026-08-18
A00027,C00422,Line of Credit,Credit,Lending,Credit,1,Medium,CAD,1,A,3686.84,2022-04-06,,BR004,Calgary Branch 4,Calgary,Alberta,Canada,West,Retail,1,2022-04-06,2026-08-18
A00028,C00740,Checking,Deposit,Retail Banking,Deposit,0,Low,CAD,1,ACTIVE,88608.54,2019-12-22,,BR010,Calgary Branch 10,Calgary,Alberta,Canada,West,Retail,1,2019-12-22,2026-08-18
A00029,C00026,Line of Credit,Credit,Lending,Credit,1,Medium,CAD,1,C,50865.49,2017-10-27,2020-05-02,BR010,Halifax Branch 10,Halifax,Nova Scotia,Canada,Atlantic,Retail,1,2017-10-27,2026-08-18
A00030,C00339,Checking,Deposit,Retail Banking,Deposit,0,Low,CAD,1,CLOSED,45517.38,2020-04-16,2024-01-16,BR013,Toronto Branch 13,Toronto,Ontario,Canada,Central,Retail,1,2020-04-16,2026-08-18
A00031,C00001,Line of Credit,Credit,Lending,Credit,1,Medium,CAD,1,ACTIVE,7306.25,2019-11-28,,BR004,Vancouver Branch 4,Vancouver,British Columbia,Canada,West,Retail,1,2019-11-28,2026-08-18
A00032,C01164,Savings,Deposit,Retail Banking,Deposit,1,Low,CAD,1,A,29996.38,2011-01-09,,BR013,Calgary Branch 13,Calgary,Alberta,Canada,West,Retail,1,2011-01-09,2026-08-18
A00033,C00764,CHEQUING,Deposit,Retail Banking,Deposit,0,Low,CAD,1,ACTIVE,97079.49,2011-06-07,,BR024,Halifax Branch 24,Halifax,Nova Scotia,Canada,Atlantic,Retail,1,2011-06-07,2026-08-18
A00034,C00619,Savings,Deposit,Retail Banking,Deposit,1,Low,CAD,1,C,3016.77,2023-11-01,2026-01-27,BR004,Montreal Branch 4,Montreal,Quebec,Canada,Central,Retail,1,2023-11-01,2026-08-18
A00035,C00358,Checking,Deposit,Retail Banking,Deposit,0,Low,CAD,1,A,87969.2,2024-04-04,,BR016,Montreal Branch 16,Montreal,Quebec,Canada,Central,Retail,1,2024-04-04,2026-08-18
A00036,C00554,Savings,Deposit,Retail Banking,Deposit,1,Low,CAD,1,CLOSED,69339.32,2012-12-08,2026-01-08,BR009,Halifax Branch 9,Halifax,Nova Scotia,Canada,Atlantic,Retail,1,2012-12-08,2026-08-18
A00037,C00773,Savings,Deposit,Retail Banking,Deposit,1,Low,CAD,1,ACTIVE,21155.3,2025-02-24,,BR013,Calgary Branch 13,Calgary,Alberta,Canada,West,Retail,1,2025-02-24,2026-08-18
A00038,C01182,Savings,Deposit,Retail Banking,Deposit,1,Low,CAD,1,CLOSED,17089.8,2025-07-27,2026-03-25,BR001,Halifax Branch 1,Halifax,Nova Scotia,Canada,Atlantic,Retail,1,2025-07-27,2026-08-18
A00039,C00557,Savings,Deposit,Retail Banking,Deposit,1,Low,CAD,1,CLOSED,80095.07,2018-12-10,2021-04-18,BR001,Halifax Branch 1,Halifax,Nova Scotia,Canada,Atlantic,Retail,1,2018-12-10,2026-08-18
A00040,C01145,Checking,Deposit,Retail Banking,Deposit,0,Low,CAD,1,A,87288.85,2024-01-21,,BR014,Toronto Branch 14,Toronto,Ontario,Canada,Central,Retail,1,2024-01-21,2026-08-18
A00041,C00968,Line of Credit,Credit,Lending,Credit,1,Medium,CAD,1,A,59603.93,2011-05-12,,BR015,Toronto Branch 15,Toronto,Ontario,Canada,Central,Retail,1,2011-05-12,2026-08-18
A00042,C00711,Checking,Deposit,Retail Banking,Deposit,0,Low,CAD,1,ACTIVE,31731.48,2021-12-18,,BR021,Montreal Branch 21,Montreal,Quebec,Canada,Central,Retail,1,2021-12-18,2026-08-18
A00043,C01013,Line of Credit,Credit,Lending,Credit,1,Medium,CAD,1,C,14337.14,2022-06-15,2024-03-04,BR022,Toronto Branch 22,Toronto,Ontario,Canada,Central,Retail,1,2022-06-15,2026-08-18
A00044,C00956,Line of Credit,Credit,Lending,Credit,1,Medium,CAD,1,C,32946.81,2023-02-20,2023-12-28,BR012,Montreal Branch 12,Montreal,Quebec,Canada,Central,Retail,1,2023-02-20,2026-08-18
A00045,C00327,Line of Credit,Credit,Lending,Credit,1,Medium,CAD,1,ACTIVE,59678.65,2015-01-11,,BR018,Calgary Branch 18,Calgary,Alberta,Canada,West,Retail,1,2015-01-11,2026-08-18
A00046,C00086,Checking,Deposit,Retail Banking,Deposit,0,Low,CAD,1,CLOSED,99045.65,2022-02-27,2022-11-13,BR018,Toronto Branch 18,Toronto,Ontario,Canada,Central,Retail,1,2022-02-27,2026-08-18
A00047,C00686,Savings,Deposit,Retail Banking,Deposit,1,Low,CAD,1,ACTIVE,73840.98,2010-05-18,,BR022,Calgary Branch 22,Calgary,Alberta,Canada,West,Retail,1,2010-05-18,2026-08-18
A00048,C00805,Line of Credit,Credit,Lending,Credit,1,Medium,CAD,1,C,93661.27,2020-12-27,2024-02-23,BR017,Halifax Branch 17,Halifax,Nova Scotia,Canada,Atlantic,Retail,1,2020-12-27,2026-08-18
A00049,C00930,Checking,Deposit,Retail Banking,Deposit,0,Low,CAD,1,A,22194.39,2021-12-14,,BR021,Calgary Branch 21,Calgary,Alberta,Canada,West,Retail,1,2021-12-14,2026-08-18
A00050,C00628,Checking,Deposit,Retail Banking,Deposit,0,Low,CAD,1,A,49267.89,2010-09-26,,BR003,Toronto Branch 3,Toronto,Ontario,Canada,Central,Retail,1,2010-09-26,2026-08-18
A00051,C00049,Checking,Deposit,Retail Banking,Deposit,0,Low,CAD,1,A,95130.83,2019-04-18,,BR007,Vancouver Branch 7,Vancouver,British Columbia,Canada,West,Retail,1,2019-04-18,2026-08-18
A00052,C00147,Savings,Deposit,Retail Banking,Deposit,1,Low,CAD,1,ACTIVE,82679.49,2019-02-07,,BR022,Halifax Branch 22,Halifax,Nova Scotia,Canada,Atlantic,Retail,1,2019-02-07,2026-08-18
A00053,C00615,Savings,Deposit,Retail Banking,Deposit,1,Low,CAD,1,C,40001.58,2024-02-14,2026-01-21,BR023,Montreal Branch 23,Montreal,Quebec,Canada,Central,Retail,1,2024-02-14,2026-08-18
A00054,C00086,Credit Card,Credit,Cards,Credit,1,Medium,CAD,1,CLOSED,58763.93,2021-04-10,2024-10-29,BR016,Vancouver Branch 16,Vancouver,British Columbia,Canada,West,Retail,1,2021-04-10,2026-08-18
A00055,C00786,Line of Credit,Credit,Lending,Credit,1,Medium,CAD,1,A,25206.11,2025-06-12,,BR016,Halifax Branch 16,Halifax,Nova Scotia,Canada,Atlantic,Retail,1,2025-06-12,2026-08-18
A00056,C00178,SAVING,Deposit,Retail Banking,Deposit,1,Low,CAD,1,A,37686.71,2021-11-16,,BR016,Vancouver Branch 16,Vancouver,British Columbia,Canada,West,Retail,1,2021-11-16,2026-08-18
A00057,C00691,Line of Credit,Credit,Lending,Credit,1,Medium,CAD,1,A,45195.96,2012-02-08,,BR024,Montreal Branch 24,Montreal,Quebec,Canada,Central,Retail,1,2012-02-08,2026-08-18
A00058,C00195,Checking,Deposit,Retail Banking,Deposit,0,Low,CAD,1,C,21263.81,2025-01-11,2026-05-18,BR014,Calgary Branch 14,Calgary,Alberta,Canada,West,Retail,1,2025-01-11,2026-08-18
A00059,C00563,Savings,Deposit,Retail Banking,Deposit,1,Low,CAD,1,A,49958.3,2010-09-15,,BR015,Toronto Branch 15,Toronto,Ontario,Canada,Central,Retail,1,2010-09-15,2026-08-18
A00060,C00357,Line of Credit,Credit,Lending,Credit,1,Medium,CAD,1,A,69670.76,2011-05-19,,BR016,Calgary Branch 16,Calgary,Alberta,Canada,West,Retail,1,2011-05-19,2026-08-18
A00061,C00318,Line of Credit,Credit,Lending,Credit,1,Medium,CAD,1,C,,2015-01-10,2024-09-04,BR004,Montreal Branch 4,Montreal,Quebec,Canada,Central,Retail,1,2015-01-10,2026-08-18
A00062,C00362,Savings,Deposit,Retail Banking,Deposit,1,Low,CAD,1,A,38424.02,2025-08-08,,BR024,Toronto Branch 24,Toronto,Ontario,Canada,Central,Retail,1,2025-08-08,2026-08-18
A00063,C00911,Line of Credit,Credit,Lending,Credit,1,Medium,CAD,1,C,84476.61,2019-03-08,2025-10-22,BR008,Halifax Branch 8,Halifax,Nova Scotia,Canada,Atlantic,Retail,1,2019-03-08,2026-08-18
A00064,C00881,Savings,Deposit,Retail Banking,Deposit,1,Low,CAD,1,A,43528.78,2015-03-05,,BR012,Halifax Branch 12,Halifax,Nova Scotia,Canada,Atlantic,Retail,1,2015-03-05,2026-08-18
A00065,C00572,Savings,Deposit,Retail Banking,Deposit,1,Low,CAD,1,A,41571.77,2021-11-18,,BR002,Calgary Branch 2,Calgary,Alberta,Canada,West,Retail,1,2021-11-18,2026-08-18
A00066,C00733,Line of Credit,Credit,Lending,Credit,1,Medium,CAD,1,A,25908.95,2023-02-03,,BR022,Calgary Branch 22,Calgary,Alberta,Canada,West,Retail,1,2023-02-03,2026-08-18
A00067,C00383,Line of Credit,Credit,Lending,Credit,1,Medium,CAD,1,A,15780.53,2017-03-04,,BR019,Vancouver Branch 19,Vancouver,British Columbia,Canada,West,Retail,1,2017-03-04,2026-08-18
A00068,C00380,Checking,Deposit,Retail Banking,Deposit,0,Low,CAD,1,CLOSED,97071.97,2021-09-09,2022-02-22,BR022,Vancouver Branch 22,Vancouver,British Columbia,Canada,West,Retail,1,2021-09-09,2026-08-18
A00069,C00801,Line of Credit,Credit,Lending,Credit,1,Medium,CAD,1,ACTIVE,29684.48,2011-04-07,,BR024,Halifax Branch 24,Halifax,Nova Scotia,Canada,Atlantic,Retail,1,2011-04-07,2026-08-18
A00070,C00545,SAVING,Deposit,Retail Banking,Deposit,1,Low,CAD,1,A,10831.63,2011-09-26,,BR022,Montreal Branch 22,Montreal,Quebec,Canada,Central,Retail,1,2011-09-26,2026-08-18
A00071,C00980,Savings,Deposit,Retail Banking,Deposit,1,Low,CAD,1,CLOSED,18461.03,2014-06-08,2019-04-22,BR016,Montreal Branch 16,Montreal,Quebec,Canada,Central,Retail,1,2014-06-08,2026-08-18
A00072,C01045,Line of Credit,Credit,Lending,Credit,1,Medium,CAD,1,A,14184.3,2013-03-13,,BR005,Toronto Branch 5,Toronto,Ontario,Canada,Central,Retail,1,2013-03-13,2026-08-18
A00073,C00847,Checking,Deposit,Retail Banking,Deposit,0,Low,CAD,1,ACTIVE,24330.32,2025-09-03,,BR025,Halifax Branch 25,Halifax,Nova Scotia,Canada,Atlantic,Retail,1,2025-09-03,2026-08-18
A00074,C00809,Credit Card,Credit,Cards,Credit,1,Medium,CAD,1,CLOSED,87002.21,2018-07-02,2019-01-23,BR025,Toronto Branch 25,Toronto,Ontario,Canada,Central,Retail,1,2018-07-02,2026-08-18
A00075,C00982,Savings,Deposit,Retail Banking,Deposit,1,Low,CAD,1,ACTIVE,74735.15,2021-07-15,,BR005,Toronto Branch 5,Toronto,Ontario,Canada,Central,Retail,1,2021-07-15,2026-08-18
A00076,C00064,Line of Credit,Credit,Lending,Credit,1,Medium,CAD,1,C,77196.47,2017-10-17,2023-06-14,BR014,Toronto Branch 14,Toronto,Ontario,Canada,Central,Retail,1,2017-10-17,2026-08-18
A00077,C00757,Line of Credit,Credit,Lending,Credit,1,Medium,CAD,1,ACTIVE,77178.27,2012-12-25,,BR002,Halifax Branch 2,Halifax,Nova Scotia,Canada,Atlantic,Retail,1,2012-12-25,2026-08-18
A00078,C00670,CREDIT CARD,Credit,Cards,Credit,1,Medium,CAD,1,C,83550.61,2018-08-21,2022-02-14,BR020,Vancouver Branch 20,Vancouver,British Columbia,Canada,West,Retail,1,2018-08-21,2026-08-18
A00079,C01003,Credit Card,Credit,Cards,Credit,1,Medium,CAD,1,ACTIVE,46667.47,2025-07-25,,BR003,Vancouver Branch 3,Vancouver,British Columbia,Canada,West,Retail,1,2025-07-25,2026-08-18
A00080,C01052,Credit Card,Credit,Cards,Credit,1,Medium,CAD,1,C,87412.53,2012-05-21,2018-07-21,BR020,Calgary Branch 20,Calgary,Alberta,Canada,West,Retail,1,2012-05-21,2026-08-18
A00081,C00393,Checking,Deposit,Retail Banking,Deposit,0,Low,CAD,1,ACTIVE,34525.58,2020-04-19,,BR010,Montreal Branch 10,Montreal,Quebec,Canada,Central,Retail,1,2020-04-19,2026-08-18
A00082,C00605,Credit Card,Credit,Cards,Credit,1,Medium,CAD,1,CLOSED,76715.56,2023-05-09,2024-06-27,BR005,Calgary Branch 5,Calgary,Alberta,Canada,West,Retail,1,2023-05-09,2026-08-18
A00083,C00597,Checking,Deposit,Retail Banking,Deposit,0,Low,CAD,1,CLOSED,16928.27,2020-04-26,2026-03-26,BR024,Montreal Branch 24,Montreal,Quebec,Canada,Central,Retail,1,2020-04-26,2026-08-18
A00084,C00555,Checking,Deposit,Retail Banking,Deposit,0,Low,CAD,1,CLOSED,24186.2,2020-03-21,2024-07-03,BR016,Toronto Branch 16,Toronto,Ontario,Canada,Central,Retail,1,2020-03-21,2026-08-18
A00085,C01128,Line of Credit,Credit,Lending,Credit,1,Medium,CAD,1,A,24879.84,2020-03-09,,BR013,Calgary Branch 13,Calgary,Alberta,Canada,West,Retail,1,2020-03-09,2026-08-18
A00086,C01196,Line of Credit,Credit,Lending,Credit,1,Medium,CAD,1,C,45203.44,2012-04-26,2023-07-03,BR018,Halifax Branch 18,Halifax,Nova Scotia,Canada,Atlantic,Retail,1,2012-04-26,2026-08-18
A00087,C01003,Credit Card,Credit,Cards,Credit,1,Medium,CAD,1,A,98148.55,2023-04-09,,BR021,Calgary Branch 21,Calgary,Alberta,Canada,West,Retail,1,2023-04-09,2026-08-18
A00088,C00741,Savings,Deposit,Retail Banking,Deposit,1,Low,CAD,1,A,13542.6,2023-07-11,,BR004,Vancouver Branch 4,Vancouver,British Columbia,Canada,West,Retail,1,2023-07-11,2026-08-18
A00089,C00867,Savings,Deposit,Retail Banking,Deposit,1,Low,CAD,1,C,78279.0,2012-05-04,2015-04-12,BR024,Halifax Branch 24,Halifax,Nova Scotia,Canada,Atlantic,Retail,1,2012-05-04,2026-08-18
A00090,C00881,Checking,Deposit,Retail Banking,Deposit,0,Low,CAD,1,C,71816.98,2011-01-04,2025-02-03,BR010,Halifax Branch 10,Halifax,Nova Scotia,Canada,Atlantic,Retail,1,2011-01-04,2026-08-18
A00091,C00311,Checking,Deposit,Retail Banking,Deposit,0,Low,CAD,1,C,35031.92,2017-10-20,2024-01-30,BR008,Toronto Branch 8,Toronto,Ontario,Canada,Central,Retail,1,2017-10-20,2026-08-18
A00092,C00329,Savings,Deposit,Retail Banking,Deposit,1,Low,CAD,1,CLOSED,53941.98,2020-04-06,2022-08-16,BR001,Calgary Branch 1,Calgary,Alberta,Canada,West,Retail,1,2020-04-06,2026-08-18
A00093,C00453,Savings,Deposit,Retail Banking,Deposit,1,Low,CAD,1,A,24242.39,2018-08-04,,BR014,Calgary Branch 14,Calgary,Alberta,Canada,West,Retail,1,2018-08-04,2026-08-18
A00094,C00632,Checking,Deposit,Retail Banking,Deposit,0,Low,CAD,1,C,-181.58,2015-03-08,2017-09-02,BR022,Vancouver Branch 22,Vancouver,British Columbia,Canada,West,Retail,1,2015-03-08,2026-08-18
A00095,C00837,Line of Credit,Credit,Lending,Credit,1,Medium,CAD,1,ACTIVE,9586.84,2022-08-07,,BR003,Calgary Branch 3,Calgary,Alberta,Canada,West,Retail,1,2022-08-07,2026-08-18
A00096,C00421,Line of Credit,Credit,Lending,Credit,1,Medium,CAD,1,CLOSED,53897.09,2014-12-13,2015-07-19,BR009,Vancouver Branch 9,Vancouver,British Columbia,Canada,West,Retail,1,2014-12-13,2026-08-18
A00097,C00421,Line of Credit,Credit,Lending,Credit,1,Medium,CAD,1,CLOSED,61371.6,2020-06-01,2026-03-10,BR015,Vancouver Branch 15,Vancouver,British Columbia,Canada,West,Retail,1,2020-06-01,2026-08-18
A00098,C00447,Credit Card,Credit,Cards,Credit,1,Medium,CAD,1,CLOSED,78701.03,2012-10-27,2016-09-05,BR007,Toronto Branch 7,Toronto,Ontario,Canada,Central,Retail,1,2012-10-27,2026-08-18
A00099,C00050,Credit Card,Credit,Cards,Credit,1,Medium,CAD,1,C,37634.13,2022-05-08,2023-09-22,BR016,Montreal Branch 16,Montreal,Quebec,Canada,Central,Retail,1,2022-05-08,2026-08-18
A00100,C00737,Checking,Deposit,Retail Banking,Deposit,0,Low,CAD,1,A,38581.42,2024-12-26,,BR012,Halifax Branch 12,Halifax,Nova Scotia,Canada,Atlantic,Retail,1,2024-12-26,2026-08-18
A00101,C00714,Line of Credit,Credit,Lending,Credit,1,Medium,CAD,1,CLOSED,8490.82,2025-07-24,2026-03-28,BR009,Halifax Branch 9,Halifax,Nova Scotia,Canada,Atlantic,Retail,1,2025-07-24,2026-08-18
A00102,C01060,Checking,Deposit,Retail Banking,Deposit,0,Low,CAD,1,ACTIVE,16438.44,2021-05-16,,BR019,Montreal Branch 19,Montreal,Quebec,Canada,Central,Retail,1,2021-05-16,2026-08-18
A00103,C00190,Checking,Deposit,Retail Banking,Deposit,0,Low,CAD,1,ACTIVE,8542.24,2022-06-02,,BR006,Halifax Branch 6,Halifax,Nova Scotia,Canada,Atlantic,Retail,1,2022-06-02,2026-08-18
A00104,C00571,Savings,Deposit,Retail Banking,Deposit,1,Low,CAD,1,CLOSED,28961.86,2012-09-09,2016-02-11,BR014,Montreal Branch 14,Montreal,Quebec,Canada,Central,Retail,1,2012-09-09,2026-08-18
A00105,C00107,Checking,Deposit,Retail Banking,Deposit,0,Low,CAD,1,A,22797.47,2023-05-06,,BR003,Toronto Branch 3,Toronto,Ontario,Canada,Central,Retail,1,2023-05-06,2026-08-18
A00106,C00158,Checking,Deposit,Retail Banking,Deposit,0,Low,CAD,1,ACTIVE,1226.77,2025-07-06,,BR007,Montreal Branch 7,Montreal,Quebec,Canada,Central,Retail,1,2025-07-06,2026-08-18
A00107,C00756,Savings,Deposit,Retail Banking,Deposit,1,Low,CAD,1,A,77795.46,2018-03-18,,BR018,Halifax Branch 18,Halifax,Nova Scotia,Canada,Atlantic,Retail,1,2018-03-18,2026-08-18
A00108,C00558,Checking,Deposit,Retail Banking,Deposit,0,Low,CAD,1,A,32210.52,2015-04-26,,BR006,Toronto Branch 6,Toronto,Ontario,Canada,Central,Retail,1,2015-04-26,2026-08-18
A00109,C00271,Savings,Deposit,Retail Banking,Deposit,1,Low,CAD,1,ACTIVE,4358.62,2011-07-05,,BR005,Calgary Branch 5,Calgary,Alberta,Canada,West,Retail,1,2011-07-05,2026-08-18
A00110,C00226,CHEQUING,Deposit,Retail Banking,Deposit,0,Low,CAD,1,C,24201.79,2021-10-26,2024-06-29,BR006,Calgary Branch 6,Calgary,Alberta,Canada,West,Retail,1,2021-10-26,2026-08-18
A00111,C01084,Checking,Deposit,Retail Banking,Deposit,0,Low,CAD,1,ACTIVE,-442.37,2011-02-13,,BR015,Toronto Branch 15,Toronto,Ontario,Canada,Central,Retail,1,2011-02-13,2026-08-18
A00112,C00830,Line of Credit,Credit,Lending,Credit,1,Medium,CAD,1,C,57535.92,2022-09-15,2026-03-08,BR024,Vancouver Branch 24,Vancouver,British Columbia,Canada,West,Retail,1,2022-09-15,2026-08-18
A00113,C00151,Credit Card,Credit,Cards,Credit,1,Medium,CAD,1,CLOSED,80386.29,2023-03-17,2023-12-30,BR007,Calgary Branch 7,Calgary,Alberta,Canada,West,Retail,1,2023-03-17,2026-08-18
A00114,C00645,Credit Card,Credit,Cards,Credit,1,Medium,CAD,1,CLOSED,29601.56,2013-10-14,2022-04-19,BR001,Montreal Branch 1,Montreal,Quebec,Canada,Central,Retail,1,2013-10-14,2026-08-18
A00115,C00287,Line of Credit,Credit,Lending,Credit,1,Medium,CAD,1,ACTIVE,44719.01,2010-04-14,,BR019,Toronto Branch 19,Toronto,Ontario,Canada,Central,Retail,1,2010-04-14,2026-08-18
A00116,C00997,Credit Card,Credit,Cards,Credit,1,Medium,CAD,1,ACTIVE,90318.2,2017-03-01,,BR009,Vancouver Branch 9,Vancouver,British Columbia,Canada,West,Retail,1,2017-03-01,2026-08-18
A00117,C00503,Line of Credit,Credit,Lending,Credit,1,Medium,CAD,1,CLOSED,41287.9,2024-06-07,2024-11-17,BR002,Vancouver Branch 2,Vancouver,British Columbia,Canada,West,Retail,1,2024-06-07,2026-08-18
A00118,C00888,Checking,Deposit,Retail Banking,Deposit,0,Low,CAD,1,C,90893.9,2019-06-02,2024-09-18,BR021,Halifax Branch 21,Halifax,Nova Scotia,Canada,Atlantic,Retail,1,2019-06-02,2026-08-18
A00119,C00139,SAVING,Deposit,Retail Banking,Deposit,1,Low,CAD,1,CLOSED,93364.71,2019-06-27,2020-01-08,BR016,Calgary Branch 16,Calgary,Alberta,Canada,West,Retail,1,2019-06-27,2026-08-18
A00120,C00299,Credit Card,Credit,Cards,Credit,1,Medium,CAD,1,ACTIVE,611.15,2016-05-17,,BR004,Montreal Branch 4,Montreal,Quebec,Canada,Central,Retail,1,2016-05-17,2026-08-18
A00121,C00943,Credit Card,Credit,Cards,Credit,1,Medium,CAD,1,C,44560.05,2010-09-07,2011-04-22,BR011,Halifax Branch 11,Halifax,Nova Scotia,Canada,Atlantic,Retail,1,2010-09-07,2026-08-18
A00122,C01200,Credit Card,Credit,Cards,Credit,1,Medium,CAD,1,A,,2020-05-12,,BR017,Calgary Branch 17,Calgary,Alberta,Canada,West,Retail,1,2020-05-12,2026-08-18
A00123,C01160,Savings,Deposit,Retail Banking,Deposit,1,Low,CAD,1,A,66465.16,2025-07-25,,BR018,Vancouver Branch 18,Vancouver,British Columbia,Canada,West,Retail,1,2025-07-25,2026-08-18
A00124,C00292,Savings,Deposit,Retail Banking,Deposit,1,Low,CAD,1,CLOSED,63338.07,2022-06-22,2026-08-09,BR005,Toronto Branch 5,Toronto,Ontario,Canada,Central,Retail,1,2022-06-22,2026-08-18
A00125,C00025,Checking,Deposit,Retail Banking,Deposit,0,Low,CAD,1,ACTIVE,3710.11,2022-05-13,,BR010,Halifax Branch 10,Halifax,Nova Scotia,Canada,Atlantic,Retail,1,2022-05-13,2026-08-18
A00126,C00875,Checking,Deposit,Retail Banking,Deposit,0,Low,CAD,1,CLOSED,82505.17,2023-10-07,2026-02-01,BR005,Toronto Branch 5,Toronto,Ontario,Canada,Central,Retail,1,2023-10-07,2026-08-18
A00127,C00136,Credit Card,Credit,Cards,Credit,1,Medium,CAD,1,A,26183.52,2010-02-06,,BR016,Toronto Branch 16,Toronto,Ontario,Canada,Central,Retail,1,2010-02-06,2026-08-18
A00128,C00702,Checking,Deposit,Retail Banking,Deposit,0,Low,CAD,1,A,7536.94,2015-11-16,,BR015,Vancouver Branch 15,Vancouver,British Columbia,Canada,West,Retail,1,2015-11-16,2026-08-18
A00129,C00319,Credit Card,Credit,Cards,Credit,1,Medium,CAD,1,C,66326.62,2018-10-18,2025-12-16,BR017,Vancouver Branch 17,Vancouver,British Columbia,Canada,West,Retail,1,2018-10-18,2026-08-18
A00130,C00673,CREDIT CARD,Credit,Cards,Credit,1,Medium,CAD,1,A,43104.27,2017-04-27,,BR009,Calgary Branch 9,Calgary,Alberta,Canada,West,Retail,1,2017-04-27,2026-08-18
A00131,C00304,Credit Card,Credit,Cards,Credit,1,Medium,CAD,1,C,86244.15,2022-01-19,2026-08-17,BR004,Vancouver Branch 4,Vancouver,British Columbia,Canada,West,Retail,1,2022-01-19,2026-08-18
A00132,C00744,CHEQUING,Deposit,Retail Banking,Deposit,0,Low,CAD,1,A,69586.86,2017-08-05,,BR017,Toronto Branch 17,Toronto,Ontario,Canada,Central,Retail,1,2017-08-05,2026-08-18
A00133,C00986,Line of Credit,Credit,Lending,Credit,1,Medium,CAD,1,C,23870.67,2023-10-11,2024-02-01,BR020,Vancouver Branch 20,Vancouver,British Columbia,Canada,West,Retail,1,2023-10-11,2026-08-18
A00134,C00684,Savings,Deposit,Retail Banking,Deposit,1,Low,CAD,1,CLOSED,41129.4,2011-07-13,2015-01-24,BR001,Montreal Branch 1,Montreal,Quebec,Canada,Central,Retail,1,2011-07-13,2026-08-18
A00135,C00881,Credit Card,Credit,Cards,Credit,1,Medium,CAD,1,CLOSED,58636.53,2019-04-16,2023-10-25,BR013,Halifax Branch 13,Halifax,Nova Scotia,Canada,Atlantic,Retail,1,2019-04-16,2026-08-18
A00136,C00670,Checking,Deposit,Retail Banking,Deposit,0,Low,CAD,1,ACTIVE,33279.18,2017-10-26,,BR020,Montreal Branch 20,Montreal,Quebec,Canada,Central,Retail,1,2017-10-26,2026-08-18
A00137,C01009,Line of Credit,Credit,Lending,Credit,1,Medium,CAD,1,A,14579.65,2013-02-03,,BR014,Halifax Branch 14,Halifax,Nova Scotia,Canada,Atlantic,Retail,1,2013-02-03,2026-08-18
A00138,C00752,Savings,Deposit,Retail Banking,Deposit,1,Low,CAD,1,ACTIVE,2784.8,2011-01-16,,BR010,Toronto Branch 10,Toronto,Ontario,Canada,Central,Retail,1,2011-01-16,2026-08-18
A00139,C00169,Credit Card,Credit,Cards,Credit,1,Medium,CAD,1,C,9547.12,2012-01-06,2019-07-02,BR019,Calgary Branch 19,Calgary,Alberta,Canada,West,Retail,1,2012-01-06,2026-08-18
A00140,C00221,SAVING,Deposit,Retail Banking,Deposit,1,Low,CAD,1,ACTIVE,89654.14,2010-04-26,,BR016,Calgary Branch 16,Calgary,Alberta,Canada,West,Retail,1,2010-04-26,2026-08-18
A00141,C00284,Credit Card,Credit,Cards,Credit,1,Medium,CAD,1,A,83096.12,2019-10-27,,BR010,Calgary Branch 10,Calgary,Alberta,Canada,West,Retail,1,2019-10-27,2026-08-18
A00142,C00582,Savings,Deposit,Retail Banking,Deposit,1,Low,CAD,1,A,49389.76,2018-03-21,,BR008,Vancouver Branch 8,Vancouver,British Columbia,Canada,West,Retail,1,2018-03-21,2026-08-18
A00143,C00628,Savings,Deposit,Retail Banking,Deposit,1,Low,CAD,1,CLOSED,35554.57,2020-11-06,2026-01-02,BR017,Vancouver Branch 17,Vancouver,British Columbia,Canada,West,Retail,1,2020-11-06,2026-08-18
A00144,C00305,Credit Card,Credit,Cards,Credit,1,Medium,CAD,1,C,20660.0,2023-04-26,2025-03-24,BR015,Vancouver Branch 15,Vancouver,British Columbia,Canada,West,Retail,1,2023-04-26,2026-08-18
A00145,C00259,Checking,Deposit,Retail Banking,Deposit,0,Low,CAD,1,A,14341.84,2012-01-19,,BR015,Halifax Branch 15,Halifax,Nova Scotia,Canada,Atlantic,Retail,1,2012-01-19,2026-08-18
A00146,C00892,Checking,Deposit,Retail Banking,Deposit,0,Low,CAD,1,C,23545.03,2019-06-23,2026-01-19,BR016,Halifax Branch 16,Halifax,Nova Scotia,Canada,Atlantic,Retail,1,2019-06-23,2026-08-18
A00147,C00393,Line of Credit,Credit,Lending,Credit,1,Medium,CAD,1,CLOSED,36103.04,2019-12-07,2020-05-23,BR013,Halifax Branch 13,Halifax,Nova Scotia,Canada,Atlantic,Retail,1,2019-12-07,2026-08-18
A00148,C00950,Credit Card,Credit,Cards,Credit,1,Medium,CAD,1,C,18249.53,2011-01-27,2019-11-22,BR016,Halifax Branch 16,Halifax,Nova Scotia,Canada,Atlantic,Retail,1,2011-01-27,2026-08-18
A00149,C00645,Line of Credit,Credit,Lending,Credit,1,Medium,CAD,1,C,96653.06,2030-01-01,2026-05-29,BR014,Montreal Branch 14,Montreal,Quebec,Canada,Central,Retail,1,2030-01-01,2026-08-18
A00150,C00304,Checking,Deposit,Retail Banking,Deposit,0,Low,CAD,1,A,48432.87,2015-05-14,,BR011,Halifax Branch 11,Halifax,Nova Scotia,Canada,Atlantic,Retail,1,2015-05-14,2026-08-18
A00151,C00370,Savings,Deposit,Retail Banking,Deposit,1,Low,CAD,1,CLOSED,90684.34,2017-09-20,2020-12-01,BR024,Toronto Branch 24,Toronto,Ontario,Canada,Central,Retail,1,2017-09-20,2026-08-18
A00152,C00215,Line of Credit,Credit,Lending,Credit,1,Medium,CAD,1,C,36988.9,2010-11-12,2024-09-26,BR001,Halifax Branch 1,Halifax,Nova Scotia,Canada,Atlantic,Retail,1,2010-11-12,2026-08-18
A00153,C01035,Line of Credit,Credit,Lending,Credit,1,Medium,CAD,1,C,65695.9,2016-04-05,2023-12-21,BR024,Calgary Branch 24,Calgary,Alberta,Canada,West,Retail,1,2016-04-05,2026-08-18
A00154,C00081,Credit Card,Credit,Cards,Credit,1,Medium,CAD,1,ACTIVE,43211.23,2022-09-19,,BR024,Calgary Branch 24,Calgary,Alberta,Canada,West,Retail,1,2022-09-19,2026-08-18
A00155,C00835,Line of Credit,Credit,Lending,Credit,1,Medium,CAD,1,CLOSED,28090.81,2019-09-25,2020-04-24,BR001,Calgary Branch 1,Calgary,Alberta,Canada,West,Retail,1,2019-09-25,2026-08-18
A00156,C00457,Savings,Deposit,Retail Banking,Deposit,1,Low,CAD,1,ACTIVE,92270.5,2023-08-20,,BR019,Vancouver Branch 19,Vancouver,British Columbia,Canada,West,Retail,1,2023-08-20,2026-08-18
A00157,C01187,Line of Credit,Credit,Lending,Credit,1,Medium,CAD,1,A,81581.99,2019-11-28,,BR022,Montreal Branch 22,Montreal,Quebec,Canada,Central,Retail,1,2019-11-28,2026-08-18
A00158,C00490,Credit Card,Credit,Cards,Credit,1,Medium,CAD,1,ACTIVE,3574.69,2018-01-17,,BR015,Vancouver Branch 15,Vancouver,British Columbia,Canada,West,Retail,1,2018-01-17,2026-08-18
A00159,C00854,Line of Credit,Credit,Lending,Credit,1,Medium,CAD,1,C,81349.68,2023-01-03,2026-02-02,BR018,Halifax Branch 18,Halifax,Nova Scotia,Canada,Atlantic,Retail,1,2023-01-03,2026-08-18
A00160,C00438,Savings,Deposit,Retail Banking,Deposit,1,Low,CAD,1,A,49411.88,2019-10-22,,BR019,Calgary Branch 19,Calgary,Alberta,Canada,West,Retail,1,2019-10-22,2026-08-18
A00161,C00030,Credit Card,Credit,Cards,Credit,1,Medium,CAD,1,C,54278.86,2017-07-18,2019-08-12,BR007,Halifax Branch 7,Halifax,Nova Scotia,Canada,Atlantic,Retail,1,2017-07-18,2026-08-18
A00162,C00529,Line of Credit,Credit,Lending,Credit,1,Medium,CAD,1,CLOSED,9495.72,2020-11-08,2021-03-02,BR024,Halifax Branch 24,Halifax,Nova Scotia,Canada,Atlantic,Retail,1,2020-11-08,2026-08-18
A00163,C00200,Checking,Deposit,Retail Banking,Deposit,0,Low,CAD,1,CLOSED,72780.76,2018-07-06,2020-11-17,BR012,Montreal Branch 12,Montreal,Quebec,Canada,Central,Retail,1,2018-07-06,2026-08-18
A00164,C00491,Credit Card,Credit,Cards,Credit,1,Medium,CAD,1,A,85229.54,2012-02-05,,BR001,Montreal Branch 1,Montreal,Quebec,Canada,Central,Retail,1,2012-02-05,2026-08-18
A00165,C01095,Savings,Deposit,Retail Banking,Deposit,1,Low,CAD,1,CLOSED,11704.62,2015-02-25,2022-10-21,BR025,Montreal Branch 25,Montreal,Quebec,Canada,Central,Retail,1,2015-02-25,2026-08-18
A00166,C00724,Line of Credit,Credit,Lending,Credit,1,Medium,CAD,1,C,35304.04,2013-08-22,2015-08-04,BR003,Calgary Branch 3,Calgary,Alberta,Canada,West,Retail,1,2013-08-22,2026-08-18
A00167,C00177,Checking,Deposit,Retail Banking,Deposit,0,Low,CAD,1,A,91047.45,2016-09-09,,BR020,Vancouver Branch 20,Vancouver,British Columbia,Canada,West,Retail,1,2016-09-09,2026-08-18
A00168,C00720,SAVING,Deposit,Retail Banking,Deposit,1,Low,CAD,1,ACTIVE,47608.38,2014-06-06,,BR025,Toronto Branch 25,Toronto,Ontario,Canada,Central,Retail,1,2014-06-06,2026-08-18
A00169,C00991,Savings,Deposit,Retail Banking,Deposit,1,Low,CAD,1,CLOSED,16336.06,2022-07-04,2023-10-11,BR020,Montreal Branch 20,Montreal,Quebec,Canada,Central,Retail,1,2022-07-04,2026-08-18
A00170,C00408,Savings,Deposit,Retail Banking,Deposit,1,Low,CAD,1,CLOSED,31882.51,2025-09-25,2026-05-11,BR012,Toronto Branch 12,Toronto,Ontario,Canada,Central,Retail,1,2025-09-25,2026-08-18
A00171,C00694,Savings,Deposit,Retail Banking,Deposit,1,Low,CAD,1,C,98760.07,2024-04-01,2024-05-18,BR012,Halifax Branch 12,Halifax,Nova Scotia,Canada,Atlantic,Retail,1,2024-04-01,2026-08-18
A00172,C01067,Line of Credit,Credit,Lending,Credit,1,Medium,CAD,1,ACTIVE,84223.75,2020-08-03,,BR020,Halifax Branch 20,Halifax,Nova Scotia,Canada,Atlantic,Retail,1,2020-08-03,2026-08-18
,C00650,Savings,Deposit,Retail Banking,Deposit,1,Low,CAD,1,C,62307.13,2014-08-16,2017-05-23,BR002,Calgary Branch 2,Calgary,Alberta,Canada,West,Retail,1,2014-08-16,2026-08-18
A00174,C00281,Checking,Deposit,Retail Banking,Deposit,0,Low,CAD,1,A,5018.76,2023-05-02,,BR010,Montreal Branch 10,Montreal,Quebec,Canada,Central,Retail,1,2023-05-02,2026-08-18
A00175,C00154,Credit Card,Credit,Cards,Credit,1,Medium,CAD,1,CLOSED,97500.52,2014-05-11,2016-02-09,BR012,Vancouver Branch 12,Vancouver,British Columbia,Canada,West,Retail,1,2014-05-11,2026-08-18
A00176,C00379,Line of Credit,Credit,Lending,Credit,1,Medium,CAD,1,A,98116.01,2019-07-01,,BR011,Montreal Branch 11,Montreal,Quebec,Canada,Central,Retail,1,2019-07-01,2026-08-18
A00177,C00684,Savings,Deposit,Retail Banking,Deposit,1,Low,CAD,1,A,97451.23,2013-06-04,,BR025,Toronto Branch 25,Toronto,Ontario,Canada,Central,Retail,1,2013-06-04,2026-08-18
A00178,C00638,Credit Card,Credit,Cards,Credit,1,Medium,CAD,1,A,22767.7,2015-10-07,,BR009,Halifax Branch 9,Halifax,Nova Scotia,Canada,Atlantic,Retail,1,2015-10-07,2026-08-18
A00179,C00084,Savings,Deposit,Retail Banking,Deposit,1,Low,CAD,1,C,89480.24,2019-09-22,2020-12-06,BR025,Calgary Branch 25,Calgary,Alberta,Canada,West,Retail,1,2019-09-22,2026-08-18
A00180,C00009,Credit Card,Credit,Cards,Credit,1,Medium,CAD,1,C,13257.61,2012-11-11,2014-02-10,BR004,Vancouver Branch 4,Vancouver,British Columbia,Canada,West,Retail,1,2012-11-11,2026-08-18
A00181,C00326,Savings,Deposit,Retail Banking,Deposit,1,Low,CAD,1,C,53967.42,2011-08-26,2020-11-01,BR009,Vancouver Branch 9,Vancouver,British Columbia,Canada,West,Retail,1,2011-08-26,2026-08-18
A00182,C00964,Checking,Deposit,Retail Banking,Deposit,0,Low,CAD,1,A,62899.31,2020-03-06,,BR001,Halifax Branch 1,Halifax,Nova Scotia,Canada,Atlantic,Retail,1,2020-03-06,2026-08-18
A00183,C00011,Checking,Deposit,Retail Banking,Deposit,0,Low,CAD,1,ACTIVE,,2015-12-27,,BR014,Toronto Branch 14,Toronto,Ontario,Canada,Central,Retail,1,2015-12-27,2026-08-18
A00184,C00796,Credit Card,Credit,Cards,Credit,1,Medium,CAD,1,ACTIVE,5466.85,2016-08-18,,BR007,Calgary Branch 7,Calgary,Alberta,Canada,West,Retail,1,2016-08-18,2026-08-18
A00185,C00590,Checking,Deposit,Retail Banking,Deposit,0,Low,CAD,1,CLOSED,40860.07,2019-06-05,2026-02-17,BR019,Calgary Branch 19,Calgary,Alberta,Canada,West,Retail,1,2019-06-05,2026-08-18
A00186,C00831,Credit Card,Credit,Cards,Credit,1,Medium,CAD,1,C,-354.01,2013-12-14,2025-03-12,BR004,Toronto Branch 4,Toronto,Ontario,Canada,Central,Retail,1,2013-12-14,2026-08-18
A00187,C00272,CHEQUING,Deposit,Retail Banking,Deposit,0,Low,CAD,1,A,96701.02,2014-10-06,,BR008,Montreal Branch 8,Montreal,Quebec,Canada,Central,Retail,1,2014-10-06,2026-08-18
A00188,C00447,Savings,Deposit,Retail Banking,Deposit,1,Low,CAD,1,A,68248.85,2017-12-02,,BR005,Toronto Branch 5,Toronto,Ontario,Canada,Central,Retail,1,2017-12-02,2026-08-18
A00189,C00847,Credit Card,Credit,Cards,Credit,1,Medium,CAD,1,A,82912.06,2010-11-07,,BR001,Halifax Branch 1,Halifax,Nova Scotia,Canada,Atlantic,Retail,1,2010-11-07,2026-08-18
A00190,C00756,Savings,Deposit,Retail Banking,Deposit,1,Low,CAD,1,ACTIVE,72293.58,2016-08-05,,BR004,Montreal Branch 4,Montreal,Quebec,Canada,Central,Retail,1,2016-08-05,2026-08-18
A00191,C00299,Credit Card,Credit,Cards,Credit,1,Medium,CAD,1,C,66143.53,2022-11-17,2025-06-12,BR021,Vancouver Branch 21,Vancouver,British Columbia,Canada,West,Retail,1,2022-11-17,2026-08-18
A00192,C00896,Checking,Deposit,Retail Banking,Deposit,0,Low,CAD,1,ACTIVE,48736.29,2021-04-28,,BR009,Vancouver Branch 9,Vancouver,British Columbia,Canada,West,Retail,1,2021-04-28,2026-08-18
A00193,C00940,Savings,Deposit,Retail Banking,Deposit,1,Low,CAD,1,ACTIVE,5671.16,2010-07-15,,BR002,Montreal Branch 2,Montreal,Quebec,Canada,Central,Retail,1,2010-07-15,2026-08-18
A00194,C00873,Credit Card,Credit,Cards,Credit,1,Medium,CAD,1,ACTIVE,27986.34,2023-02-10,,BR006,Toronto Branch 6,Toronto,Ontario,Canada,Central,Retail,1,2023-02-10,2026-08-18
A00195,C00412,Savings,Deposit,Retail Banking,Deposit,1,Low,CAD,1,C,64247.13,2012-10-15,2019-09-02,BR015,Vancouver Branch 15,Vancouver,British Columbia,Canada,West,Retail,1,2012-10-15,2026-08-18
A00196,C00036,Credit Card,Credit,Cards,Credit,1,Medium,CAD,1,CLOSED,43531.99,2022-05-06,2023-08-30,BR005,Vancouver Branch 5,Vancouver,British Columbia,Canada,West,Retail,1,2022-05-06,2026-08-18
A00197,C00760,Checking,Deposit,Retail Banking,Deposit,0,Low,CAD,1,ACTIVE,10537.35,2022-04-18,,BR024,Vancouver Branch 24,Vancouver,British Columbia,Canada,West,Retail,1,2022-04-18,2026-08-18
A00198,C00220,Credit Card,Credit,Cards,Credit,1,Medium,CAD,1,C,1540.11,2018-11-17,2023-06-27,BR019,Halifax Branch 19,Halifax,Nova Scotia,Canada,Atlantic,Retail,1,2018-11-17,2026-08-18
A00199,C00007,Checking,Deposit,Retail Banking,Deposit,0,Low,CAD,1,ACTIVE,62565.69,2018-04-25,,BR017,Montreal Branch 17,Montreal,Quebec,Canada,Central,Retail,1,2018-04-25,2026-08-18
A00200,C00397,Checking,Deposit,Retail Banking,Deposit,0,Low,CAD,1,CLOSED,33800.27,2020-12-25,2024-04-01,BR016,Halifax Branch 16,Halifax,Nova Scotia,Canada,Atlantic,Retail,1,2020-12-25,2026-08-18
A00201,C00409,Checking,Deposit,Retail Banking,Deposit,0,Low,CAD,1,CLOSED,69450.71,2019-12-25,2022-11-17,BR009,Halifax Branch 9,Halifax,Nova Scotia,Canada,Atlantic,Retail,1,2019-12-25,2026-08-18
A00202,C00666,Line of Credit,Credit,Lending,Credit,1,Medium,CAD,1,CLOSED,19225.01,2021-02-13,2024-09-14,BR008,Calgary Branch 8,Calgary,Alberta,Canada,West,Retail,1,2021-02-13,2026-08-18
A00203,C00467,SAVING,Deposit,Retail Banking,Deposit,1,Low,CAD,1,ACTIVE,53014.84,2021-08-25,,BR016,Montreal Branch 16,Montreal,Quebec,Canada,Central,Retail,1,2021-08-25,2026-08-18
A00204,C00474,Line of Credit,Credit,Lending,Credit,1,Medium,CAD,1,A,56298.48,2010-12-03,,BR005,Calgary Branch 5,Calgary,Alberta,Canada,West,Retail,1,2010-12-03,2026-08-18
A00205,C00904,Line of Credit,Credit,Lending,Credit,1,Medium,CAD,1,A,9812.82,2016-08-14,,BR018,Halifax Branch 18,Halifax,Nova Scotia,Canada,Atlantic,Retail,1,2016-08-14,2026-08-18
A00206,C00838,Checking,Deposit,Retail Banking,Deposit,0,Low,CAD,1,A,3179.89,2016-04-12,,BR001,Toronto Branch 1,Toronto,Ontario,Canada,Central,Retail,1,2016-04-12,2026-08-18
A00207,C00513,Savings,Deposit,Retail Banking,Deposit,1,Low,CAD,1,C,60983.29,2024-04-03,2024-12-31,BR003,Montreal Branch 3,Montreal,Quebec,Canada,Central,Retail,1,2024-04-03,2026-08-18
A00208,C00014,Checking,Deposit,Retail Banking,Deposit,0,Low,CAD,1,ACTIVE,65558.35,2025-12-09,,BR023,Halifax Branch 23,Halifax,Nova Scotia,Canada,Atlantic,Retail,1,2025-12-09,2026-08-18
A00209,C01179,Line of Credit,Credit,Lending,Credit,1,Medium,CAD,1,A,50121.9,2023-06-04,,BR008,Toronto Branch 8,Toronto,Ontario,Canada,Central,Retail,1,2023-06-04,2026-08-18
A00210,C00337,Credit Card,Credit,Cards,Credit,1,Medium,CAD,1,C,44961.76,2023-12-12,2026-02-20,BR023,Halifax Branch 23,Halifax,Nova Scotia,Canada,Atlantic,Retail,1,2023-12-12,2026-08-18
A00211,C00480,Savings,Deposit,Retail Banking,Deposit,1,Low,CAD,1,ACTIVE,16792.86,2010-11-09,,BR006,Halifax Branch 6,Halifax,Nova Scotia,Canada,Atlantic,Retail,1,2010-11-09,2026-08-18
A00212,C00921,Savings,Deposit,Retail Banking,Deposit,1,Low,CAD,1,ACTIVE,29147.5,2016-04-07,,BR002,Toronto Branch 2,Toronto,Ontario,Canada,Central,Retail,1,2016-04-07,2026-08-18
A00213,C00614,Checking,Deposit,Retail Banking,Deposit,0,Low,CAD,1,ACTIVE,36347.56,2014-01-04,,BR025,Calgary Branch 25,Calgary,Alberta,Canada,West,Retail,1,2014-01-04,2026-08-18
A00214,C01092,Line of Credit,Credit,Lending,Credit,1,Medium,CAD,1,CLOSED,16723.2,2012-03-16,2012-06-16,BR002,Toronto Branch 2,Toronto,Ontario,Canada,Central,Retail,1,2012-03-16,2026-08-18
A00215,C00851,Checking,Deposit,Retail Banking,Deposit,0,Low,CAD,1,ACTIVE,20784.41,2013-02-25,,BR005,Vancouver Branch 5,Vancouver,British Columbia,Canada,West,Retail,1,2013-02-25,2026-08-18
A00216,C01137,Savings,Deposit,Retail Banking,Deposit,1,Low,CAD,1,ACTIVE,26247.08,2017-12-27,,BR017,Vancouver Branch 17,Vancouver,British Columbia,Canada,West,Retail,1,2017-12-27,2026-08-18
A00217,C00353,Credit Card,Credit,Cards,Credit,1,Medium,CAD,1,ACTIVE,95338.62,2015-10-18,,BR014,Vancouver Branch 14,Vancouver,British Columbia,Canada,West,Retail,1,2015-10-18,2026-08-18
A00218,C00042,Line of Credit,Credit,Lending,Credit,1,Medium,CAD,1,ACTIVE,92584.42,2020-05-20,,BR025,Montreal Branch 25,Montreal,Quebec,Canada,Central,Retail,1,2020-05-20,2026-08-18
A00219,C00260,Checking,Deposit,Retail Banking,Deposit,0,Low,CAD,1,CLOSED,87409.84,2019-07-25,2020-08-30,BR004,Vancouver Branch 4,Vancouver,British Columbia,Canada,West,Retail,1,2019-07-25,2026-08-18
A00220,C01104,Savings,Deposit,Retail Banking,Deposit,1,Low,CAD,1,CLOSED,4809.59,2013-09-16,2016-10-27,BR006,Toronto Branch 6,Toronto,Ontario,Canada,Central,Retail,1,2013-09-16,2026-08-18
A00221,C00172,Checking,Deposit,Retail Banking,Deposit,0,Low,CAD,1,A,23770.22,2017-01-17,,BR018,Toronto Branch 18,Toronto,Ontario,Canada,Central,Retail,1,2017-01-17,2026-08-18
A00222,C00091,Credit Card,Credit,Cards,Credit,1,Medium,CAD,1,C,13186.09,2012-05-09,2024-09-29,BR006,Calgary Branch 6,Calgary,Alberta,Canada,West,Retail,1,2012-05-09,2026-08-18
A00223,C01061,Line of Credit,Credit,Lending,Credit,1,Medium,CAD,1,ACTIVE,69726.94,2016-03-26,,BR003,Vancouver Branch 3,Vancouver,British Columbia,Canada,West,Retail,1,2016-03-26,2026-08-18
A00224,C00944,Checking,Deposit,Retail Banking,Deposit,0,Low,CAD,1,A,73642.98,2024-02-14,,BR011,Calgary Branch 11,Calgary,Alberta,Canada,West,Retail,1,2024-02-14,2026-08-18
A00225,C00050,Checking,Deposit,Retail Banking,Deposit,0,Low,CAD,1,A,77894.78,2020-01-02,,BR025,Montreal Branch 25,Montreal,Quebec,Canada,Central,Retail,1,2020-01-02,2026-08-18
A00226,C00985,Savings,Deposit,Retail Banking,Deposit,1,Low,CAD,1,A,7804.58,2020-03-25,,BR007,Halifax Branch 7,Halifax,Nova Scotia,Canada,Atlantic,Retail,1,2020-03-25,2026-08-18
A00227,C00641,Savings,Deposit,Retail Banking,Deposit,1,Low,CAD,1,A,71782.15,2021-01-26,,BR012,Vancouver Branch 12,Vancouver,British Columbia,Canada,West,Retail,1,2021-01-26,2026-08-18
A00228,C01181,Line of Credit,Credit,Lending,Credit,1,Medium,CAD,1,ACTIVE,8046.56,2019-05-09,,BR005,Halifax Branch 5,Halifax,Nova Scotia,Canada,Atlantic,Retail,1,2019-05-09,2026-08-18
A00229,C00592,Line of Credit,Credit,Lending,Credit,1,Medium,CAD,1,A,14633.01,2025-09-25,,BR025,Montreal Branch 25,Montreal,Quebec,Canada,Central,Retail,1,2025-09-25,2026-08-18
A00230,C00101,Savings,Deposit,Retail Banking,Deposit,1,Low,CAD,1,CLOSED,2138.26,2022-08-02,2025-04-15,BR020,Montreal Branch 20,Montreal,Quebec,Canada,Central,Retail,1,2022-08-02,2026-08-18
A00231,C00564,SAVING,Deposit,Retail Banking,Deposit,1,Low,CAD,1,C,35827.41,2017-07-12,2018-08-09,BR017,Montreal Branch 17,Montreal,Quebec,Canada,Central,Retail,1,2017-07-12,2026-08-18
A00232,C01048,Checking,Deposit,Retail Banking,Deposit,0,Low,CAD,1,ACTIVE,41003.73,2022-10-04,,BR009,Vancouver Branch 9,Vancouver,British Columbia,Canada,West,Retail,1,2022-10-04,2026-08-18
A00233,C00769,Checking,Deposit,Retail Banking,Deposit,0,Low,CAD,1,C,82068.61,2021-11-02,2023-08-29,BR019,Montreal Branch 19,Montreal,Quebec,Canada,Central,Retail,1,2021-11-02,2026-08-18
A00234,C00841,Savings,Deposit,Retail Banking,Deposit,1,Low,CAD,1,A,40376.56,2011-11-16,,BR008,Calgary Branch 8,Calgary,Alberta,Canada,West,Retail,1,2011-11-16,2026-08-18
A00235,C00549,Line of Credit,Credit,Lending,Credit,1,Medium,CAD,1,ACTIVE,12139.55,2021-01-25,,BR002,Calgary Branch 2,Calgary,Alberta,Canada,West,Retail,1,2021-01-25,2026-08-18
A00236,C00011,Savings,Deposit,Retail Banking,Deposit,1,Low,CAD,1,A,88965.6,2022-05-27,,BR017,Halifax Branch 17,Halifax,Nova Scotia,Canada,Atlantic,Retail,1,2022-05-27,2026-08-18
A00237,C00398,Credit Card,Credit,Cards,Credit,1,Medium,CAD,1,CLOSED,93055.43,2015-09-16,2025-08-30,BR017,Montreal Branch 17,Montreal,Quebec,Canada,Central,Retail,1,2015-09-16,2026-08-18
A00238,C00290,Line of Credit,Credit,Lending,Credit,1,Medium,CAD,1,ACTIVE,15063.52,2012-07-09,,BR003,Toronto Branch 3,Toronto,Ontario,Canada,Central,Retail,1,2012-07-09,2026-08-18
A00239,C00498,Line of Credit,Credit,Lending,Credit,1,Medium,CAD,1,C,29407.47,2019-12-06,2024-07-31,BR001,Calgary Branch 1,Calgary,Alberta,Canada,West,Retail,1,2019-12-06,2026-08-18
A00240,C00516,Line of Credit,Credit,Lending,Credit,1,Medium,CAD,1,CLOSED,9961.34,2021-12-24,2023-04-06,BR025,Toronto Branch 25,Toronto,Ontario,Canada,Central,Retail,1,2021-12-24,2026-08-18
A00241,C00766,Savings,Deposit,Retail Banking,Deposit,1,Low,CAD,1,CLOSED,35144.95,2011-07-10,2015-02-12,BR025,Vancouver Branch 25,Vancouver,British Columbia,Canada,West,Retail,1,2011-07-10,2026-08-18
A00242,C00697,Credit Card,Credit,Cards,Credit,1,Medium,CAD,1,ACTIVE,71972.97,2015-07-26,,BR012,Halifax Branch 12,Halifax,Nova Scotia,Canada,Atlantic,Retail,1,2015-07-26,2026-08-18
A00243,C00843,Checking,Deposit,Retail Banking,Deposit,0,Low,CAD,1,A,46718.12,2016-12-01,,BR010,Montreal Branch 10,Montreal,Quebec,Canada,Central,Retail,1,2016-12-01,2026-08-18
A00244,C00495,Credit Card,Credit,Cards,Credit,1,Medium,CAD,1,A,,2010-04-24,,BR012,Montreal Branch 12,Montreal,Quebec,Canada,Central,Retail,1,2010-04-24,2026-08-18
A00245,C00077,Checking,Deposit,Retail Banking,Deposit,0,Low,CAD,1,CLOSED,67204.62,2020-12-05,2021-09-13,BR011,Montreal Branch 11,Montreal,Quebec,Canada,Central,Retail,1,2020-12-05,2026-08-18
A00246,C00728,Credit Card,Credit,Cards,Credit,1,Medium,CAD,1,ACTIVE,20498.19,2019-04-07,,BR025,Halifax Branch 25,Halifax,Nova Scotia,Canada,Atlantic,Retail,1,2019-04-07,2026-08-18
A00247,C00290,Checking,Deposit,Retail Banking,Deposit,0,Low,CAD,1,A,39169.36,2018-10-11,,BR008,Calgary Branch 8,Calgary,Alberta,Canada,West,Retail,1,2018-10-11,2026-08-18
A00248,C01115,Savings,Deposit,Retail Banking,Deposit,1,Low,CAD,1,CLOSED,46378.23,2013-12-20,2025-11-07,BR004,Halifax Branch 4,Halifax,Nova Scotia,Canada,Atlantic,Retail,1,2013-12-20,2026-08-18
A00249,C01009,Savings,Deposit,Retail Banking,Deposit,1,Low,CAD,1,A,62902.8,2016-04-19,,BR007,Calgary Branch 7,Calgary,Alberta,Canada,West,Retail,1,2016-04-19,2026-08-18
A00250,C00072,Checking,Deposit,Retail Banking,Deposit,0,Low,CAD,1,ACTIVE,3440.72,2022-11-11,,BR014,Toronto Branch 14,Toronto,Ontario,Canada,Central,Retail,1,2022-11-11,2026-08-18
A00251,C00834,Savings,Deposit,Retail Banking,Deposit,1,Low,CAD,1,A,45902.17,2025-06-13,,BR017,Halifax Branch 17,Halifax,Nova Scotia,Canada,Atlantic,Retail,1,2025-06-13,2026-08-18
A00252,C00219,SAVING,Deposit,Retail Banking,Deposit,1,Low,CAD,1,A,99724.94,2015-04-27,,BR001,Halifax Branch 1,Halifax,Nova Scotia,Canada,Atlantic,Retail,1,2015-04-27,2026-08-18
A00253,C00684,Credit Card,Credit,Cards,Credit,1,Medium,CAD,1,A,24060.78,2013-09-05,,BR013,Vancouver Branch 13,Vancouver,British Columbia,Canada,West,Retail,1,2013-09-05,2026-08-18
A00254,C00007,Line of Credit,Credit,Lending,Credit,1,Medium,CAD,1,A,96017.04,2018-12-10,,BR014,Vancouver Branch 14,Vancouver,British Columbia,Canada,West,Retail,1,2018-12-10,2026-08-18
A00255,C00638,Checking,Deposit,Retail Banking,Deposit,0,Low,CAD,1,C,88531.34,2021-10-26,2022-08-26,BR003,Vancouver Branch 3,Vancouver,British Columbia,Canada,West,Retail,1,2021-10-26,2026-08-18
A00256,C00978,Savings,Deposit,Retail Banking,Deposit,1,Low,CAD,1,C,22750.63,2019-02-18,2021-09-30,BR017,Halifax Branch 17,Halifax,Nova Scotia,Canada,Atlantic,Retail,1,2019-02-18,2026-08-18
A00257,C00442,Credit Card,Credit,Cards,Credit,1,Medium,CAD,1,ACTIVE,81402.12,2014-07-07,,BR006,Halifax Branch 6,Halifax,Nova Scotia,Canada,Atlantic,Retail,1,2014-07-07,2026-08-18
A00258,C00523,Checking,Deposit,Retail Banking,Deposit,0,Low,CAD,1,C,41536.03,2017-08-09,2021-06-22,BR003,Halifax Branch 3,Halifax,Nova Scotia,Canada,Atlantic,Retail,1,2017-08-09,2026-08-18
A00259,C00044,SAVING,Deposit,Retail Banking,Deposit,1,Low,CAD,1,CLOSED,82873.1,2014-09-18,2015-10-04,BR021,Montreal Branch 21,Montreal,Quebec,Canada,Central,Retail,1,2014-09-18,2026-08-18
A00260,C00239,CREDIT CARD,Credit,Cards,Credit,1,Medium,CAD,1,CLOSED,51693.59,2025-07-14,2025-09-05,BR004,Toronto Branch 4,Toronto,Ontario,Canada,Central,Retail,1,2025-07-14,2026-08-18
A00261,C00740,Checking,Deposit,Retail Banking,Deposit,0,Low,CAD,1,A,51785.78,2010-01-07,,BR007,Vancouver Branch 7,Vancouver,British Columbia,Canada,West,Retail,1,2010-01-07,2026-08-18
A00262,C00657,Line of Credit,Credit,Lending,Credit,1,Medium,CAD,1,ACTIVE,68333.26,2012-01-13,,BR003,Vancouver Branch 3,Vancouver,British Columbia,Canada,West,Retail,1,2012-01-13,2026-08-18
A00263,C01043,Checking,Deposit,Retail Banking,Deposit,0,Low,CAD,1,C,4731.23,2015-04-09,2023-05-01,BR014,Halifax Branch 14,Halifax,Nova Scotia,Canada,Atlantic,Retail,1,2015-04-09,2026-08-18
A00264,C00293,CHEQUING,Deposit,Retail Banking,Deposit,0,Low,CAD,1,CLOSED,76186.72,2013-08-21,2023-03-29,BR021,Vancouver Branch 21,Vancouver,British Columbia,Canada,West,Retail,1,2013-08-21,2026-08-18
A00265,C01136,Checking,Deposit,Retail Banking,Deposit,0,Low,CAD,1,A,11140.77,2018-05-24,,BR010,Calgary Branch 10,Calgary,Alberta,Canada,West,Retail,1,2018-05-24,2026-08-18
A00266,C01127,SAVING,Deposit,Retail Banking,Deposit,1,Low,CAD,1,C,47427.13,2024-04-11,2025-01-09,BR022,Calgary Branch 22,Calgary,Alberta,Canada,West,Retail,1,2024-04-11,2026-08-18
A00267,C00210,Checking,Deposit,Retail Banking,Deposit,0,Low,CAD,1,C,72247.66,2011-04-08,2025-02-17,BR002,Vancouver Branch 2,Vancouver,British Columbia,Canada,West,Retail,1,2011-04-08,2026-08-18
A00268,C01190,Credit Card,Credit,Cards,Credit,1,Medium,CAD,1,A,50493.65,2010-10-27,,BR019,Vancouver Branch 19,Vancouver,British Columbia,Canada,West,Retail,1,2010-10-27,2026-08-18
A00269,C00523,Savings,Deposit,Retail Banking,Deposit,1,Low,CAD,1,A,71322.6,2019-10-06,,BR015,Montreal Branch 15,Montreal,Quebec,Canada,Central,Retail,1,2019-10-06,2026-08-18
A00270,C01132,Checking,Deposit,Retail Banking,Deposit,0,Low,CAD,1,CLOSED,77942.13,2023-10-19,2026-04-26,BR010,Vancouver Branch 10,Vancouver,British Columbia,Canada,West,Retail,1,2023-10-19,2026-08-18
A00271,C00509,Line of Credit,Credit,Lending,Credit,1,Medium,CAD,1,C,38101.93,2019-03-18,2025-10-14,BR019,Halifax Branch 19,Halifax,Nova Scotia,Canada,Atlantic,Retail,1,2019-03-18,2026-08-18
A00272,C00359,Checking,Deposit,Retail Banking,Deposit,0,Low,CAD,1,C,61687.75,2013-05-01,2026-03-09,BR007,Montreal Branch 7,Montreal,Quebec,Canada,Central,Retail,1,2013-05-01,2026-08-18
A00273,C00828,Checking,Deposit,Retail Banking,Deposit,0,Low,CAD,1,ACTIVE,77515.01,2015-04-10,,BR014,Halifax Branch 14,Halifax,Nova Scotia,Canada,Atlantic,Retail,1,2015-04-10,2026-08-18
A00274,C00937,Savings,Deposit,Retail Banking,Deposit,1,Low,CAD,1,ACTIVE,39498.38,2010-09-16,,BR004,Vancouver Branch 4,Vancouver,British Columbia,Canada,West,Retail,1,2010-09-16,2026-08-18
A00275,C00468,Line of Credit,Credit,Lending,Credit,1,Medium,CAD,1,ACTIVE,30604.93,2024-03-24,,BR024,Halifax Branch 24,Halifax,Nova Scotia,Canada,Atlantic,Retail,1,2024-03-24,2026-08-18
A00276,C00036,Checking,Deposit,Retail Banking,Deposit,0,Low,CAD,1,ACTIVE,65554.55,2021-11-08,,BR018,Montreal Branch 18,Montreal,Quebec,Canada,Central,Retail,1,2021-11-08,2026-08-18
A00277,C01160,Credit Card,Credit,Cards,Credit,1,Medium,CAD,1,A,98150.6,2021-07-22,,BR023,Halifax Branch 23,Halifax,Nova Scotia,Canada,Atlantic,Retail,1,2021-07-22,2026-08-18
A00278,C00735,Line of Credit,Credit,Lending,Credit,1,Medium,CAD,1,ACTIVE,40326.21,2010-09-26,,BR025,Montreal Branch 25,Montreal,Quebec,Canada,Central,Retail,1,2010-09-26,2026-08-18
A00279,C00150,Checking,Deposit,Retail Banking,Deposit,0,Low,CAD,1,CLOSED,37518.76,2018-02-26,2024-08-29,BR014,Vancouver Branch 14,Vancouver,British Columbia,Canada,West,Retail,1,2018-02-26,2026-08-18
A00280,C00643,Checking,Deposit,Retail Banking,Deposit,0,Low,CAD,1,ACTIVE,76532.35,2025-07-04,,BR017,Halifax Branch 17,Halifax,Nova Scotia,Canada,Atlantic,Retail,1,2025-07-04,2026-08-18
A00281,C00637,Credit Card,Credit,Cards,Credit,1,Medium,CAD,1,C,53917.54,2018-04-25,2022-11-12,BR008,Halifax Branch 8,Halifax,Nova Scotia,Canada,Atlantic,Retail,1,2018-04-25,2026-08-18
A00282,C01053,Credit Card,Credit,Cards,Credit,1,Medium,CAD,1,ACTIVE,-401.69,2010-03-16,,BR022,Halifax Branch 22,Halifax,Nova Scotia,Canada,Atlantic,Retail,1,2010-03-16,2026-08-18
A00283,C00793,Line of Credit,Credit,Lending,Credit,1,Medium,CAD,1,A,11236.79,2022-07-03,,BR025,Calgary Branch 25,Calgary,Alberta,Canada,West,Retail,1,2022-07-03,2026-08-18
A00284,C00769,Checking,Deposit,Retail Banking,Deposit,0,Low,CAD,1,C,4315.57,2012-11-07,2013-07-03,BR003,Halifax Branch 3,Halifax,Nova Scotia,Canada,Atlantic,Retail,1,2012-11-07,2026-08-18
A00285,C00112,Savings,Deposit,Retail Banking,Deposit,1,Low,CAD,1,A,85712.6,2018-02-10,,BR011,Calgary Branch 11,Calgary,Alberta,Canada,West,Retail,1,2018-02-10,2026-08-18
A00286,C00843,Line of Credit,Credit,Lending,Credit,1,Medium,CAD,1,ACTIVE,87119.99,2015-11-17,,BR015,Vancouver Branch 15,Vancouver,British Columbia,Canada,West,Retail,1,2015-11-17,2026-08-18
A00287,C00903,Checking,Deposit,Retail Banking,Deposit,0,Low,CAD,1,C,1190.2,2021-04-21,2022-11-25,BR016,Halifax Branch 16,Halifax,Nova Scotia,Canada,Atlantic,Retail,1,2021-04-21,2026-08-18
A00288,C00287,Line of Credit,Credit,Lending,Credit,1,Medium,CAD,1,A,71288.69,2019-07-06,,BR015,Calgary Branch 15,Calgary,Alberta,Canada,West,Retail,1,2019-07-06,2026-08-18
A00289,C01008,Line of Credit,Credit,Lending,Credit,1,Medium,CAD,1,C,55324.18,2014-10-05,2015-04-12,BR003,Vancouver Branch 3,Vancouver,British Columbia,Canada,West,Retail,1,2014-10-05,2026-08-18
A00290,C00047,Line of Credit,Credit,Lending,Credit,1,Medium,CAD,1,A,76795.87,2011-03-19,,BR009,Vancouver Branch 9,Vancouver,British Columbia,Canada,West,Retail,1,2011-03-19,2026-08-18
A00291,C00183,Line of Credit,Credit,Lending,Credit,1,Medium,CAD,1,ACTIVE,19867.98,2018-02-07,,BR008,Calgary Branch 8,Calgary,Alberta,Canada,West,Retail,1,2018-02-07,2026-08-18
A00292,C00223,Checking,Deposit,Retail Banking,Deposit,0,Low,CAD,1,ACTIVE,34146.48,2021-12-06,,BR013,Montreal Branch 13,Montreal,Quebec,Canada,Central,Retail,1,2021-12-06,2026-08-18
A00293,C00209,Line of Credit,Credit,Lending,Credit,1,Medium,CAD,1,ACTIVE,84879.32,2012-08-01,,BR006,Calgary Branch 6,Calgary,Alberta,Canada,West,Retail,1,2012-08-01,2026-08-18
A00294,C00488,SAVING,Deposit,Retail Banking,Deposit,1,Low,CAD,1,A,21496.54,2015-01-13,,BR014,Calgary Branch 14,Calgary,Alberta,Canada,West,Retail,1,2015-01-13,2026-08-18
A00295,C00917,Credit Card,Credit,Cards,Credit,1,Medium,CAD,1,C,11687.05,2024-08-18,2025-10-07,BR007,Toronto Branch 7,Toronto,Ontario,Canada,Central,Retail,1,2024-08-18,2026-08-18
A00296,C01186,Savings,Deposit,Retail Banking,Deposit,1,Low,CAD,1,A,72461.66,2019-05-09,,BR006,Calgary Branch 6,Calgary,Alberta,Canada,West,Retail,1,2019-05-09,2026-08-18
A00297,C00884,Credit Card,Credit,Cards,Credit,1,Medium,CAD,1,A,97294.4,2014-07-10,,BR004,Halifax Branch 4,Halifax,Nova Scotia,Canada,Atlantic,Retail,1,2014-07-10,2026-08-18
A00298,C00816,Credit Card,Credit,Cards,Credit,1,Medium,CAD,1,ACTIVE,68045.9,2030-01-01,,BR004,Montreal Branch 4,Montreal,Quebec,Canada,Central,Retail,1,2030-01-01,2026-08-18
A00299,C00154,Line of Credit,Credit,Lending,Credit,1,Medium,CAD,1,CLOSED,16616.98,2013-03-15,2024-10-18,BR006,Calgary Branch 6,Calgary,Alberta,Canada,West,Retail,1,2013-03-15,2026-08-18
A00300,C00535,Savings,Deposit,Retail Banking,Deposit,1,Low,CAD,1,ACTIVE,9784.97,2012-08-27,,BR007,Toronto Branch 7,Toronto,Ontario,Canada,Central,Retail,1,2012-08-27,2026-08-18
A00301,C00897,Line of Credit,Credit,Lending,Credit,1,Medium,CAD,1,CLOSED,72988.47,2020-12-27,2025-06-20,BR020,Toronto Branch 20,Toronto,Ontario,Canada,Central,Retail,1,2020-12-27,2026-08-18
A00302,C01114,Checking,Deposit,Retail Banking,Deposit,0,Low,CAD,1,A,84731.65,2017-09-08,,BR006,Vancouver Branch 6,Vancouver,British Columbia,Canada,West,Retail,1,2017-09-08,2026-08-18
A00303,C01116,Credit Card,Credit,Cards,Credit,1,Medium,CAD,1,CLOSED,49029.02,2010-06-08,2011-01-11,BR023,Vancouver Branch 23,Vancouver,British Columbia,Canada,West,Retail,1,2010-06-08,2026-08-18
A00304,C00484,Line of Credit,Credit,Lending,Credit,1,Medium,CAD,1,A,39967.26,2013-08-16,,BR016,Vancouver Branch 16,Vancouver,British Columbia,Canada,West,Retail,1,2013-08-16,2026-08-18
A00305,C01108,Line of Credit,Credit,Lending,Credit,1,Medium,CAD,1,A,,2014-01-12,,BR013,Calgary Branch 13,Calgary,Alberta,Canada,West,Retail,1,2014-01-12,2026-08-18
A00306,C00806,Checking,Deposit,Retail Banking,Deposit,0,Low,CAD,1,C,67225.25,2015-03-08,2022-08-14,BR003,Halifax Branch 3,Halifax,Nova Scotia,Canada,Atlantic,Retail,1,2015-03-08,2026-08-18
A00307,C01167,Credit Card,Credit,Cards,Credit,1,Medium,CAD,1,A,68518.12,2020-09-15,,BR013,Halifax Branch 13,Halifax,Nova Scotia,Canada,Atlantic,Retail,1,2020-09-15,2026-08-18
A00308,C00936,CHEQUING,Deposit,Retail Banking,Deposit,0,Low,CAD,1,ACTIVE,32402.95,2015-02-19,,BR013,Halifax Branch 13,Halifax,Nova Scotia,Canada,Atlantic,Retail,1,2015-02-19,2026-08-18
A00309,C00260,Savings,Deposit,Retail Banking,Deposit,1,Low,CAD,1,C,86741.8,2018-04-14,2024-06-30,BR006,Calgary Branch 6,Calgary,Alberta,Canada,West,Retail,1,2018-04-14,2026-08-18
A00310,C00888,Savings,Deposit,Retail Banking,Deposit,1,Low,CAD,1,ACTIVE,66062.51,2011-10-23,,BR018,Montreal Branch 18,Montreal,Quebec,Canada,Central,Retail,1,2011-10-23,2026-08-18
A00311,C01049,Credit Card,Credit,Cards,Credit,1,Medium,CAD,1,C,84536.62,2019-11-05,2023-09-18,BR020,Calgary Branch 20,Calgary,Alberta,Canada,West,Retail,1,2019-11-05,2026-08-18
A00312,C00188,Savings,Deposit,Retail Banking,Deposit,1,Low,CAD,1,CLOSED,69375.68,2019-06-15,2019-12-08,BR015,Halifax Branch 15,Halifax,Nova Scotia,Canada,Atlantic,Retail,1,2019-06-15,2026-08-18
A00313,C00383,Credit Card,Credit,Cards,Credit,1,Medium,CAD,1,CLOSED,47498.94,2017-09-13,2022-02-28,BR018,Toronto Branch 18,Toronto,Ontario,Canada,Central,Retail,1,2017-09-13,2026-08-18
A00314,C00945,Savings,Deposit,Retail Banking,Deposit,1,Low,CAD,1,A,96334.13,2024-05-13,,BR003,Calgary Branch 3,Calgary,Alberta,Canada,West,Retail,1,2024-05-13,2026-08-18
A00315,C00894,Line of Credit,Credit,Lending,Credit,1,Medium,CAD,1,ACTIVE,85630.89,2025-07-18,,BR019,Calgary Branch 19,Calgary,Alberta,Canada,West,Retail,1,2025-07-18,2026-08-18
A00316,C00079,Line of Credit,Credit,Lending,Credit,1,Medium,CAD,1,ACTIVE,49137.67,2014-06-17,,BR024,Toronto Branch 24,Toronto,Ontario,Canada,Central,Retail,1,2014-06-17,2026-08-18
A00317,C00756,Credit Card,Credit,Cards,Credit,1,Medium,CAD,1,ACTIVE,68075.04,2010-07-21,,BR008,Calgary Branch 8,Calgary,Alberta,Canada,West,Retail,1,2010-07-21,2026-08-18
A00318,C00680,Savings,Deposit,Retail Banking,Deposit,1,Low,CAD,1,C,37784.39,2010-11-28,2019-09-28,BR020,Montreal Branch 20,Montreal,Quebec,Canada,Central,Retail,1,2010-11-28,2026-08-18
A00319,C00361,Line of Credit,Credit,Lending,Credit,1,Medium,CAD,1,A,16375.93,2011-01-22,,BR018,Calgary Branch 18,Calgary,Alberta,Canada,West,Retail,1,2011-01-22,2026-08-18
A00320,C00288,Credit Card,Credit,Cards,Credit,1,Medium,CAD,1,CLOSED,59156.29,2018-05-06,2023-08-04,BR007,Montreal Branch 7,Montreal,Quebec,Canada,Central,Retail,1,2018-05-06,2026-08-18
A00321,C01091,Credit Card,Credit,Cards,Credit,1,Medium,CAD,1,ACTIVE,63211.88,2019-03-21,,BR005,Calgary Branch 5,Calgary,Alberta,Canada,West,Retail,1,2019-03-21,2026-08-18
A00322,C00534,Credit Card,Credit,Cards,Credit,1,Medium,CAD,1,A,33688.7,2017-04-18,,BR006,Vancouver Branch 6,Vancouver,British Columbia,Canada,West,Retail,1,2017-04-18,2026-08-18
A00323,C00365,Savings,Deposit,Retail Banking,Deposit,1,Low,CAD,1,C,98932.8,2015-09-25,2023-12-01,BR016,Montreal Branch 16,Montreal,Quebec,Canada,Central,Retail,1,2015-09-25,2026-08-18
A00324,C00456,Credit Card,Credit,Cards,Credit,1,Medium,CAD,1,CLOSED,58706.99,2015-10-06,2026-06-15,BR023,Vancouver Branch 23,Vancouver,British Columbia,Canada,West,Retail,1,2015-10-06,2026-08-18
A00325,C00757,CREDIT CARD,Credit,Cards,Credit,1,Medium,CAD,1,A,55773.32,2021-02-08,,BR013,Calgary Branch 13,Calgary,Alberta,Canada,West,Retail,1,2021-02-08,2026-08-18
A00326,C00657,Credit Card,Credit,Cards,Credit,1,Medium,CAD,1,CLOSED,32099.82,2025-09-09,2026-07-22,BR020,Halifax Branch 20,Halifax,Nova Scotia,Canada,Atlantic,Retail,1,2025-09-09,2026-08-18
A00327,C00246,Line of Credit,Credit,Lending,Credit,1,Medium,CAD,1,ACTIVE,30315.24,2018-04-01,,BR020,Montreal Branch 20,Montreal,Quebec,Canada,Central,Retail,1,2018-04-01,2026-08-18
A00328,C00684,Savings,Deposit,Retail Banking,Deposit,1,Low,CAD,1,ACTIVE,4212.43,2025-10-16,,BR017,Halifax Branch 17,Halifax,Nova Scotia,Canada,Atlantic,Retail,1,2025-10-16,2026-08-18
A00329,C00667,Checking,Deposit,Retail Banking,Deposit,0,Low,CAD,1,C,39150.34,2011-02-27,2015-12-14,BR003,Montreal Branch 3,Montreal,Quebec,Canada,Central,Retail,1,2011-02-27,2026-08-18
A00330,C00356,Credit Card,Credit,Cards,Credit,1,Medium,CAD,1,C,10275.83,2013-06-27,2018-02-08,BR024,Vancouver Branch 24,Vancouver,British Columbia,Canada,West,Retail,1,2013-06-27,2026-08-18
A00331,C00917,Credit Card,Credit,Cards,Credit,1,Medium,CAD,1,A,23433.96,2016-07-16,,BR014,Calgary Branch 14,Calgary,Alberta,Canada,West,Retail,1,2016-07-16,2026-08-18
A00332,C00224,Credit Card,Credit,Cards,Credit,1,Medium,CAD,1,ACTIVE,69561.15,2010-10-09,,BR021,Halifax Branch 21,Halifax,Nova Scotia,Canada,Atlantic,Retail,1,2010-10-09,2026-08-18
A00333,C01073,Credit Card,Credit,Cards,Credit,1,Medium,CAD,1,CLOSED,61379.74,2011-06-06,2020-02-05,BR004,Halifax Branch 4,Halifax,Nova Scotia,Canada,Atlantic,Retail,1,2011-06-06,2026-08-18
A00334,C00557,Line of Credit,Credit,Lending,Credit,1,Medium,CAD,1,ACTIVE,75655.36,2011-10-24,,BR001,Calgary Branch 1,Calgary,Alberta,Canada,West,Retail,1,2011-10-24,2026-08-18
A00335,C00678,Credit Card,Credit,Cards,Credit,1,Medium,CAD,1,C,15860.35,2017-09-17,2022-04-21,BR005,Toronto Branch 5,Toronto,Ontario,Canada,Central,Retail,1,2017-09-17,2026-08-18
A00336,C00612,Line of Credit,Credit,Lending,Credit,1,Medium,CAD,1,CLOSED,53660.95,2011-06-28,2021-08-28,BR009,Vancouver Branch 9,Vancouver,British Columbia,Canada,West,Retail,1,2011-06-28,2026-08-18
A00337,C01109,Checking,Deposit,Retail Banking,Deposit,0,Low,CAD,1,C,89263.68,2025-12-11,2026-07-18,BR009,Toronto Branch 9,Toronto,Ontario,Canada,Central,Retail,1,2025-12-11,2026-08-18
A00338,C00624,CREDIT CARD,Credit,Cards,Credit,1,Medium,CAD,1,C,17366.4,2023-06-26,2025-03-06,BR005,Calgary Branch 5,Calgary,Alberta,Canada,West,Retail,1,2023-06-26,2026-08-18
A00339,C00081,Savings,Deposit,Retail Banking,Deposit,1,Low,CAD,1,ACTIVE,93223.74,2023-06-01,,BR001,Halifax Branch 1,Halifax,Nova Scotia,Canada,Atlantic,Retail,1,2023-06-01,2026-08-18
A00340,C00149,Savings,Deposit,Retail Banking,Deposit,1,Low,CAD,1,ACTIVE,58426.3,2019-06-21,,BR008,Toronto Branch 8,Toronto,Ontario,Canada,Central,Retail,1,2019-06-21,2026-08-18
A00341,C00697,CHEQUING,Deposit,Retail Banking,Deposit,0,Low,CAD,1,C,20438.56,2013-06-28,2015-02-15,BR011,Toronto Branch 11,Toronto,Ontario,Canada,Central,Retail,1,2013-06-28,2026-08-18
A00342,C00206,Line of Credit,Credit,Lending,Credit,1,Medium,CAD,1,CLOSED,73684.59,2016-11-21,2023-03-15,BR022,Halifax Branch 22,Halifax,Nova Scotia,Canada,Atlantic,Retail,1,2016-11-21,2026-08-18
A00343,C01005,Credit Card,Credit,Cards,Credit,1,Medium,CAD,1,CLOSED,58436.57,2019-09-17,2024-02-13,BR023,Montreal Branch 23,Montreal,Quebec,Canada,Central,Retail,1,2019-09-17,2026-08-18
A00344,C00847,Checking,Deposit,Retail Banking,Deposit,0,Low,CAD,1,CLOSED,94920.48,2017-07-15,2025-09-07,BR021,Vancouver Branch 21,Vancouver,British Columbia,Canada,West,Retail,1,2017-07-15,2026-08-18
A00345,C00429,Checking,Deposit,Retail Banking,Deposit,0,Low,CAD,1,ACTIVE,91883.73,2014-06-28,,BR010,Halifax Branch 10,Halifax,Nova Scotia,Canada,Atlantic,Retail,1,2014-06-28,2026-08-18
,C00129,Savings,Deposit,Retail Banking,Deposit,1,Low,CAD,1,A,73573.14,2016-03-23,,BR007,Calgary Branch 7,Calgary,Alberta,Canada,West,Retail,1,2016-03-23,2026-08-18
A00347,C00017,Checking,Deposit,Retail Banking,Deposit,0,Low,CAD,1,C,5427.94,2014-11-01,2016-12-28,BR024,Toronto Branch 24,Toronto,Ontario,Canada,Central,Retail,1,2014-11-01,2026-08-18
A00348,C00949,Savings,Deposit,Retail Banking,Deposit,1,Low,CAD,1,CLOSED,19997.68,2017-07-09,2019-05-25,BR018,Calgary Branch 18,Calgary,Alberta,Canada,West,Retail,1,2017-07-09,2026-08-18
A00349,C00371,Credit Card,Credit,Cards,Credit,1,Medium,CAD,1,A,66348.31,2015-08-13,,BR006,Halifax Branch 6,Halifax,Nova Scotia,Canada,Atlantic,Retail,1,2015-08-13,2026-08-18
A00350,C00278,Credit Card,Credit,Cards,Credit,1,Medium,CAD,1,C,62587.32,2024-06-09,2026-02-04,BR016,Vancouver Branch 16,Vancouver,British Columbia,Canada,West,Retail,1,2024-06-09,2026-08-18
A00351,C00929,Line of Credit,Credit,Lending,Credit,1,Medium,CAD,1,A,50848.28,2011-06-05,,BR025,Toronto Branch 25,Toronto,Ontario,Canada,Central,Retail,1,2011-06-05,2026-08-18
A00352,C00901,Line of Credit,Credit,Lending,Credit,1,Medium,CAD,1,CLOSED,54712.1,2017-12-04,2018-08-08,BR006,Calgary Branch 6,Calgary,Alberta,Canada,West,Retail,1,2017-12-04,2026-08-18
A00353,C00445,Savings,Deposit,Retail Banking,Deposit,1,Low,CAD,1,ACTIVE,19431.28,2015-02-15,,BR023,Vancouver Branch 23,Vancouver,British Columbia,Canada,West,Retail,1,2015-02-15,2026-08-18
A00354,C00439,Checking,Deposit,Retail Banking,Deposit,0,Low,CAD,1,ACTIVE,57453.13,2020-03-06,,BR019,Halifax Branch 19,Halifax,Nova Scotia,Canada,Atlantic,Retail,1,2020-03-06,2026-08-18
A00355,C01133,Line of Credit,Credit,Lending,Credit,1,Medium,CAD,1,C,63855.93,2013-12-14,2015-09-22,BR008,Toronto Branch 8,Toronto,Ontario,Canada,Central,Retail,1,2013-12-14,2026-08-18
A00356,C01107,Checking,Deposit,Retail Banking,Deposit,0,Low,CAD,1,C,96397.23,2015-06-21,2023-06-06,BR019,Toronto Branch 19,Toronto,Ontario,Canada,Central,Retail,1,2015-06-21,2026-08-18
A00357,C00949,Checking,Deposit,Retail Banking,Deposit,0,Low,CAD,1,A,48654.87,2019-05-14,,BR021,Montreal Branch 21,Montreal,Quebec,Canada,Central,Retail,1,2019-05-14,2026-08-18
A00358,C00682,Line of Credit,Credit,Lending,Credit,1,Medium,CAD,1,ACTIVE,94160.78,2015-07-10,,BR019,Toronto Branch 19,Toronto,Ontario,Canada,Central,Retail,1,2015-07-10,2026-08-18
A00359,C01193,Credit Card,Credit,Cards,Credit,1,Medium,CAD,1,A,17636.28,2025-10-23,,BR015,Montreal Branch 15,Montreal,Quebec,Canada,Central,Retail,1,2025-10-23,2026-08-18
A00360,C00505,Line of Credit,Credit,Lending,Credit,1,Medium,CAD,1,CLOSED,15790.0,2015-10-06,2016-08-17,BR011,Halifax Branch 11,Halifax,Nova Scotia,Canada,Atlantic,Retail,1,2015-10-06,2026-08-18
A00361,C00284,Line of Credit,Credit,Lending,Credit,1,Medium,CAD,1,ACTIVE,48777.91,2025-12-04,,BR011,Calgary Branch 11,Calgary,Alberta,Canada,West,Retail,1,2025-12-04,2026-08-18
A00362,C00814,Checking,Deposit,Retail Banking,Deposit,0,Low,CAD,1,A,13038.99,2014-01-26,,BR012,Toronto Branch 12,Toronto,Ontario,Canada,Central,Retail,1,2014-01-26,2026-08-18
A00363,C01002,Savings,Deposit,Retail Banking,Deposit,1,Low,CAD,1,A,26163.81,2016-03-02,,BR018,Calgary Branch 18,Calgary,Alberta,Canada,West,Retail,1,2016-03-02,2026-08-18
A00364,C00763,Line of Credit,Credit,Lending,Credit,1,Medium,CAD,1,ACTIVE,69178.62,2024-06-22,,BR024,Calgary Branch 24,Calgary,Alberta,Canada,West,Retail,1,2024-06-22,2026-08-18
A00365,C00083,Credit Card,Credit,Cards,Credit,1,Medium,CAD,1,CLOSED,79768.55,2017-11-18,2018-08-24,BR025,Toronto Branch 25,Toronto,Ontario,Canada,Central,Retail,1,2017-11-18,2026-08-18
A00366,C01173,Checking,Deposit,Retail Banking,Deposit,0,Low,CAD,1,CLOSED,,2018-05-08,2025-09-01,BR003,Halifax Branch 3,Halifax,Nova Scotia,Canada,Atlantic,Retail,1,2018-05-08,2026-08-18
A00367,C01169,Credit Card,Credit,Cards,Credit,1,Medium,CAD,1,ACTIVE,95386.47,2024-02-12,,BR024,Halifax Branch 24,Halifax,Nova Scotia,Canada,Atlantic,Retail,1,2024-02-12,2026-08-18
A00368,C00714,Savings,Deposit,Retail Banking,Deposit,1,Low,CAD,1,ACTIVE,77811.66,2014-11-19,,BR024,Halifax Branch 24,Halifax,Nova Scotia,Canada,Atlantic,Retail,1,2014-11-19,2026-08-18
A00369,C00403,Savings,Deposit,Retail Banking,Deposit,1,Low,CAD,1,C,18881.55,2019-04-16,2025-02-07,BR020,Halifax Branch 20,Halifax,Nova Scotia,Canada,Atlantic,Retail,1,2019-04-16,2026-08-18
A00370,C00191,Savings,Deposit,Retail Banking,Deposit,1,Low,CAD,1,ACTIVE,68520.74,2023-08-03,,BR016,Calgary Branch 16,Calgary,Alberta,Canada,West,Retail,1,2023-08-03,2026-08-18
A00371,C00425,SAVING,Deposit,Retail Banking,Deposit,1,Low,CAD,1,ACTIVE,73041.42,2022-01-21,,BR004,Toronto Branch 4,Toronto,Ontario,Canada,Central,Retail,1,2022-01-21,2026-08-18
A00372,C00183,Checking,Deposit,Retail Banking,Deposit,0,Low,CAD,1,ACTIVE,4877.1,2024-07-15,,BR020,Halifax Branch 20,Halifax,Nova Scotia,Canada,Atlantic,Retail,1,2024-07-15,2026-08-18
A00373,C00248,Savings,Deposit,Retail Banking,Deposit,1,Low,CAD,1,ACTIVE,91285.17,2022-07-04,,BR002,Halifax Branch 2,Halifax,Nova Scotia,Canada,Atlantic,Retail,1,2022-07-04,2026-08-18
A00374,C00439,Savings,Deposit,Retail Banking,Deposit,1,Low,CAD,1,CLOSED,19394.11,2014-12-11,2020-08-08,BR020,Vancouver Branch 20,Vancouver,British Columbia,Canada,West,Retail,1,2014-12-11,2026-08-18
A00375,C00367,Savings,Deposit,Retail Banking,Deposit,1,Low,CAD,1,C,53382.92,2016-07-13,2018-12-13,BR022,Montreal Branch 22,Montreal,Quebec,Canada,Central,Retail,1,2016-07-13,2026-08-18
A00376,C00047,Line of Credit,Credit,Lending,Credit,1,Medium,CAD,1,C,9596.1,2013-03-25,2017-04-05,BR010,Montreal Branch 10,Montreal,Quebec,Canada,Central,Retail,1,2013-03-25,2026-08-18
A00377,C00276,Line of Credit,Credit,Lending,Credit,1,Medium,CAD,1,A,57431.17,2014-06-28,,BR011,Calgary Branch 11,Calgary,Alberta,Canada,West,Retail,1,2014-06-28,2026-08-18
A00378,C00397,Checking,Deposit,Retail Banking,Deposit,0,Low,CAD,1,A,83919.13,2019-07-05,,BR019,Calgary Branch 19,Calgary,Alberta,Canada,West,Retail,1,2019-07-05,2026-08-18
A00379,C01166,Credit Card,Credit,Cards,Credit,1,Medium,CAD,1,A,80438.9,2022-02-26,,BR007,Montreal Branch 7,Montreal,Quebec,Canada,Central,Retail,1,2022-02-26,2026-08-18
A00380,C00243,Credit Card,Credit,Cards,Credit,1,Medium,CAD,1,A,22500.76,2025-01-25,,BR015,Toronto Branch 15,Toronto,Ontario,Canada,Central,Retail,1,2025-01-25,2026-08-18
A00381,C00267,Checking,Deposit,Retail Banking,Deposit,0,Low,CAD,1,C,36352.41,2016-07-12,2022-08-30,BR010,Montreal Branch 10,Montreal,Quebec,Canada,Central,Retail,1,2016-07-12,2026-08-18
A00382,C00111,Checking,Deposit,Retail Banking,Deposit,0,Low,CAD,1,ACTIVE,2077.38,2018-02-24,,BR016,Halifax Branch 16,Halifax,Nova Scotia,Canada,Atlantic,Retail,1,2018-02-24,2026-08-18
A00383,C00124,Line of Credit,Credit,Lending,Credit,1,Medium,CAD,1,CLOSED,55531.6,2021-10-06,2023-02-20,BR009,Halifax Branch 9,Halifax,Nova Scotia,Canada,Atlantic,Retail,1,2021-10-06,2026-08-18
A00384,C00046,Checking,Deposit,Retail Banking,Deposit,0,Low,CAD,1,A,42837.8,2011-08-24,,BR019,Calgary Branch 19,Calgary,Alberta,Canada,West,Retail,1,2011-08-24,2026-08-18
A00385,C00702,Line of Credit,Credit,Lending,Credit,1,Medium,CAD,1,C,64834.47,2014-03-28,2026-03-25,BR004,Toronto Branch 4,Toronto,Ontario,Canada,Central,Retail,1,2014-03-28,2026-08-18
A00386,C00585,Credit Card,Credit,Cards,Credit,1,Medium,CAD,1,A,21794.61,2015-11-21,,BR023,Montreal Branch 23,Montreal,Quebec,Canada,Central,Retail,1,2015-11-21,2026-08-18
A00387,C00925,Savings,Deposit,Retail Banking,Deposit,1,Low,CAD,1,C,95637.2,2011-02-01,2020-04-06,BR019,Toronto Branch 19,Toronto,Ontario,Canada,Central,Retail,1,2011-02-01,2026-08-18
A00388,C00713,Credit Card,Credit,Cards,Credit,1,Medium,CAD,1,C,58807.35,2019-10-03,2024-10-19,BR025,Vancouver Branch 25,Vancouver,British Columbia,Canada,West,Retail,1,2019-10-03,2026-08-18
A00389,C00515,Credit Card,Credit,Cards,Credit,1,Medium,CAD,1,C,84078.66,2023-03-08,2025-12-14,BR005,Montreal Branch 5,Montreal,Quebec,Canada,Central,Retail,1,2023-03-08,2026-08-18
A00390,C00252,Line of Credit,Credit,Lending,Credit,1,Medium,CAD,1,A,76800.27,2010-02-02,,BR017,Vancouver Branch 17,Vancouver,British Columbia,Canada,West,Retail,1,2010-02-02,2026-08-18
A00391,C00817,Savings,Deposit,Retail Banking,Deposit,1,Low,CAD,1,CLOSED,22600.02,2010-12-26,2023-06-28,BR015,Toronto Branch 15,Toronto,Ontario,Canada,Central,Retail,1,2010-12-26,2026-08-18
A00392,C00200,Credit Card,Credit,Cards,Credit,1,Medium,CAD,1,A,54209.45,2025-03-14,,BR017,Halifax Branch 17,Halifax,Nova Scotia,Canada,Atlantic,Retail,1,2025-03-14,2026-08-18
A00393,C00702,Credit Card,Credit,Cards,Credit,1,Medium,CAD,1,A,86777.48,2013-03-19,,BR004,Vancouver Branch 4,Vancouver,British Columbia,Canada,West,Retail,1,2013-03-19,2026-08-18
A00394,C00505,Savings,Deposit,Retail Banking,Deposit,1,Low,CAD,1,A,40562.98,2012-04-17,,BR004,Vancouver Branch 4,Vancouver,British Columbia,Canada,West,Retail,1,2012-04-17,2026-08-18
A00395,C00740,Savings,Deposit,Retail Banking,Deposit,1,Low,CAD,1,A,81206.21,2017-06-03,,BR010,Vancouver Branch 10,Vancouver,British Columbia,Canada,West,Retail,1,2017-06-03,2026-08-18
A00396,C00051,Credit Card,Credit,Cards,Credit,1,Medium,CAD,1,CLOSED,10977.69,2019-04-26,2021-05-11,BR007,Vancouver Branch 7,Vancouver,British Columbia,Canada,West,Retail,1,2019-04-26,2026-08-18
A00397,C00520,Savings,Deposit,Retail Banking,Deposit,1,Low,CAD,1,C,42303.79,2023-03-12,2025-10-12,BR014,Calgary Branch 14,Calgary,Alberta,Canada,West,Retail,1,2023-03-12,2026-08-18
A00398,C00411,Line of Credit,Credit,Lending,Credit,1,Medium,CAD,1,A,33043.15,2016-02-18,,BR022,Halifax Branch 22,Halifax,Nova Scotia,Canada,Atlantic,Retail,1,2016-02-18,2026-08-18
A00399,C00162,Line of Credit,Credit,Lending,Credit,1,Medium,CAD,1,CLOSED,43399.29,2024-05-27,2025-08-03,BR005,Toronto Branch 5,Toronto,Ontario,Canada,Central,Retail,1,2024-05-27,2026-08-18
A00400,C00039,Credit Card,Credit,Cards,Credit,1,Medium,CAD,1,ACTIVE,69797.46,2012-09-08,,BR016,Calgary Branch 16,Calgary,Alberta,Canada,West,Retail,1,2012-09-08,2026-08-18
A00401,C00052,Savings,Deposit,Retail Banking,Deposit,1,Low,CAD,1,CLOSED,30715.43,2018-07-14,2019-09-27,BR011,Halifax Branch 11,Halifax,Nova Scotia,Canada,Atlantic,Retail,1,2018-07-14,2026-08-18
A00402,C00077,Savings,Deposit,Retail Banking,Deposit,1,Low,CAD,1,CLOSED,11994.5,2011-08-19,2022-03-12,BR009,Halifax Branch 9,Halifax,Nova Scotia,Canada,Atlantic,Retail,1,2011-08-19,2026-08-18
A00403,C00553,Savings,Deposit,Retail Banking,Deposit,1,Low,CAD,1,A,81965.02,2017-09-25,,BR019,Montreal Branch 19,Montreal,Quebec,Canada,Central,Retail,1,2017-09-25,2026-08-18
A00404,C00087,Savings,Deposit,Retail Banking,Deposit,1,Low,CAD,1,A,31324.92,2017-11-23,,BR006,Montreal Branch 6,Montreal,Quebec,Canada,Central,Retail,1,2017-11-23,2026-08-18
A00405,C01010,Credit Card,Credit,Cards,Credit,1,Medium,CAD,1,CLOSED,78224.25,2011-10-10,2020-09-17,BR017,Calgary Branch 17,Calgary,Alberta,Canada,West,Retail,1,2011-10-10,2026-08-18
A00406,C00783,Checking,Deposit,Retail Banking,Deposit,0,Low,CAD,1,CLOSED,11587.93,2016-08-19,2024-05-25,BR014,Halifax Branch 14,Halifax,Nova Scotia,Canada,Atlantic,Retail,1,2016-08-19,2026-08-18
A00407,C00101,Credit Card,Credit,Cards,Credit,1,Medium,CAD,1,ACTIVE,21236.5,2023-07-04,,BR010,Halifax Branch 10,Halifax,Nova Scotia,Canada,Atlantic,Retail,1,2023-07-04,2026-08-18
A00408,C00375,Line of Credit,Credit,Lending,Credit,1,Medium,CAD,1,ACTIVE,76100.61,2018-04-08,,BR014,Vancouver Branch 14,Vancouver,British Columbia,Canada,West,Retail,1,2018-04-08,2026-08-18
A00409,C00031,Checking,Deposit,Retail Banking,Deposit,0,Low,CAD,1,A,99564.89,2019-10-19,,BR015,Calgary Branch 15,Calgary,Alberta,Canada,West,Retail,1,2019-10-19,2026-08-18
A00410,C00105,Savings,Deposit,Retail Banking,Deposit,1,Low,CAD,1,ACTIVE,2143.85,2015-07-28,,BR015,Montreal Branch 15,Montreal,Quebec,Canada,Central,Retail,1,2015-07-28,2026-08-18
A00411,C00057,Line of Credit,Credit,Lending,Credit,1,Medium,CAD,1,CLOSED,84023.26,2015-02-03,2016-05-27,BR022,Calgary Branch 22,Calgary,Alberta,Canada,West,Retail,1,2015-02-03,2026-08-18
A00412,C00911,Credit Card,Credit,Cards,Credit,1,Medium,CAD,1,CLOSED,89693.41,2012-04-12,2015-08-25,BR003,Halifax Branch 3,Halifax,Nova Scotia,Canada,Atlantic,Retail,1,2012-04-12,2026-08-18
A00413,C01120,SAVING,Deposit,Retail Banking,Deposit,1,Low,CAD,1,A,81439.55,2019-11-17,,BR003,Calgary Branch 3,Calgary,Alberta,Canada,West,Retail,1,2019-11-17,2026-08-18
A00414,C00730,Line of Credit,Credit,Lending,Credit,1,Medium,CAD,1,ACTIVE,75662.18,2019-09-05,,BR015,Montreal Branch 15,Montreal,Quebec,Canada,Central,Retail,1,2019-09-05,2026-08-18
A00415,C00053,Checking,Deposit,Retail Banking,Deposit,0,Low,CAD,1,CLOSED,53679.53,2024-09-12,2024-10-23,BR002,Calgary Branch 2,Calgary,Alberta,Canada,West,Retail,1,2024-09-12,2026-08-18
A00416,C00387,CREDIT CARD,Credit,Cards,Credit,1,Medium,CAD,1,C,66491.7,2011-07-16,2022-03-27,BR006,Calgary Branch 6,Calgary,Alberta,Canada,West,Retail,1,2011-07-16,2026-08-18
A00417,C00173,Line of Credit,Credit,Lending,Credit,1,Medium,CAD,1,CLOSED,76343.26,2012-05-20,2014-07-08,BR022,Calgary Branch 22,Calgary,Alberta,Canada,West,Retail,1,2012-05-20,2026-08-18
A00418,C00868,CHEQUING,Deposit,Retail Banking,Deposit,0,Low,CAD,1,C,16117.62,2025-11-27,2026-07-17,BR022,Calgary Branch 22,Calgary,Alberta,Canada,West,Retail,1,2025-11-27,2026-08-18
A00419,C00089,Checking,Deposit,Retail Banking,Deposit,0,Low,CAD,1,CLOSED,63356.55,2022-10-22,2026-08-13,BR009,Vancouver Branch 9,Vancouver,British Columbia,Canada,West,Retail,1,2022-10-22,2026-08-18
A00420,C00231,Credit Card,Credit,Cards,Credit,1,Medium,CAD,1,A,78906.72,2013-05-26,,BR014,Toronto Branch 14,Toronto,Ontario,Canada,Central,Retail,1,2013-05-26,2026-08-18
A00421,C01133,Credit Card,Credit,Cards,Credit,1,Medium,CAD,1,ACTIVE,17291.44,2011-08-18,,BR010,Vancouver Branch 10,Vancouver,British Columbia,Canada,West,Retail,1,2011-08-18,2026-08-18
A00422,C00816,Checking,Deposit,Retail Banking,Deposit,0,Low,CAD,1,CLOSED,79685.35,2022-06-04,2025-10-05,BR022,Montreal Branch 22,Montreal,Quebec,Canada,Central,Retail,1,2022-06-04,2026-08-18
A00423,C00510,Checking,Deposit,Retail Banking,Deposit,0,Low,CAD,1,C,37319.62,2011-10-14,2025-07-17,BR018,Montreal Branch 18,Montreal,Quebec,Canada,Central,Retail,1,2011-10-14,2026-08-18
A00424,C00910,Credit Card,Credit,Cards,Credit,1,Medium,CAD,1,CLOSED,30895.56,2023-01-09,2025-12-21,BR003,Calgary Branch 3,Calgary,Alberta,Canada,West,Retail,1,2023-01-09,2026-08-18
A00425,C01188,Savings,Deposit,Retail Banking,Deposit,1,Low,CAD,1,ACTIVE,15560.63,2020-02-13,,BR012,Toronto Branch 12,Toronto,Ontario,Canada,Central,Retail,1,2020-02-13,2026-08-18
A00426,C00455,Checking,Deposit,Retail Banking,Deposit,0,Low,CAD,1,ACTIVE,-465.5,2018-09-18,,BR019,Vancouver Branch 19,Vancouver,British Columbia,Canada,West,Retail,1,2018-09-18,2026-08-18
A00427,C00085,Credit Card,Credit,Cards,Credit,1,Medium,CAD,1,ACTIVE,,2022-09-23,,BR020,Calgary Branch 20,Calgary,Alberta,Canada,West,Retail,1,2022-09-23,2026-08-18
A00428,C01080,Line of Credit,Credit,Lending,Credit,1,Medium,CAD,1,ACTIVE,99054.82,2018-07-16,,BR025,Toronto Branch 25,Toronto,Ontario,Canada,Central,Retail,1,2018-07-16,2026-08-18
A00429,C00440,Line of Credit,Credit,Lending,Credit,1,Medium,CAD,1,A,8462.78,2012-07-01,,BR003,Calgary Branch 3,Calgary,Alberta,Canada,West,Retail,1,2012-07-01,2026-08-18
A00430,C00835,Savings,Deposit,Retail Banking,Deposit,1,Low,CAD,1,ACTIVE,99857.19,2017-06-22,,BR007,Calgary Branch 7,Calgary,Alberta,Canada,West,Retail,1,2017-06-22,2026-08-18
A00431,C00090,Savings,Deposit,Retail Banking,Deposit,1,Low,CAD,1,CLOSED,33843.77,2016-08-24,2016-09-24,BR008,Toronto Branch 8,Toronto,Ontario,Canada,Central,Retail,1,2016-08-24,2026-08-18
A00432,C00571,Credit Card,Credit,Cards,Credit,1,Medium,CAD,1,A,90955.98,2013-07-11,,BR012,Montreal Branch 12,Montreal,Quebec,Canada,Central,Retail,1,2013-07-11,2026-08-18
A00433,C00065,Credit Card,Credit,Cards,Credit,1,Medium,CAD,1,A,42606.23,2014-05-04,,BR021,Vancouver Branch 21,Vancouver,British Columbia,Canada,West,Retail,1,2014-05-04,2026-08-18
A00434,C00992,Checking,Deposit,Retail Banking,Deposit,0,Low,CAD,1,CLOSED,84435.36,2018-01-26,2022-08-29,BR016,Montreal Branch 16,Montreal,Quebec,Canada,Central,Retail,1,2018-01-26,2026-08-18
A00435,C00006,Savings,Deposit,Retail Banking,Deposit,1,Low,CAD,1,A,54443.79,2014-12-09,,BR024,Calgary Branch 24,Calgary,Alberta,Canada,West,Retail,1,2014-12-09,2026-08-18
A00436,C01059,Line of Credit,Credit,Lending,Credit,1,Medium,CAD,1,A,44006.52,2014-02-09,,BR014,Vancouver Branch 14,Vancouver,British Columbia,Canada,West,Retail,1,2014-02-09,2026-08-18
A00437,C00865,Savings,Deposit,Retail Banking,Deposit,1,Low,CAD,1,CLOSED,94692.09,2020-10-06,2025-01-25,BR018,Toronto Branch 18,Toronto,Ontario,Canada,Central,Retail,1,2020-10-06,2026-08-18
A00438,C01162,Checking,Deposit,Retail Banking,Deposit,0,Low,CAD,1,CLOSED,92996.13,2022-12-20,2024-10-18,BR013,Calgary Branch 13,Calgary,Alberta,Canada,West,Retail,1,2022-12-20,2026-08-18
A00439,C00227,Credit Card,Credit,Cards,Credit,1,Medium,CAD,1,C,80259.72,2020-06-19,2024-01-24,BR002,Halifax Branch 2,Halifax,Nova Scotia,Canada,Atlantic,Retail,1,2020-06-19,2026-08-18
A00440,C00979,Savings,Deposit,Retail Banking,Deposit,1,Low,CAD,1,ACTIVE,5388.1,2014-12-20,,BR022,Calgary Branch 22,Calgary,Alberta,Canada,West,Retail,1,2014-12-20,2026-08-18
A00441,C00866,Credit Card,Credit,Cards,Credit,1,Medium,CAD,1,C,6573.56,2022-12-02,2023-08-21,BR003,Toronto Branch 3,Toronto,Ontario,Canada,Central,Retail,1,2022-12-02,2026-08-18
A00442,C00258,Savings,Deposit,Retail Banking,Deposit,1,Low,CAD,1,C,40784.35,2022-04-14,2023-10-05,BR023,Toronto Branch 23,Toronto,Ontario,Canada,Central,Retail,1,2022-04-14,2026-08-18
A00443,C00101,Savings,Deposit,Retail Banking,Deposit,1,Low,CAD,1,A,37587.78,2018-06-12,,BR001,Calgary Branch 1,Calgary,Alberta,Canada,West,Retail,1,2018-06-12,2026-08-18
A00444,C00769,Savings,Deposit,Retail Banking,Deposit,1,Low,CAD,1,C,4219.31,2019-03-10,2021-04-10,BR013,Calgary Branch 13,Calgary,Alberta,Canada,West,Retail,1,2019-03-10,2026-08-18
A00445,C00537,Credit Card,Credit,Cards,Credit,1,Medium,CAD,1,CLOSED,32350.89,2023-07-16,2023-11-25,BR014,Calgary Branch 14,Calgary,Alberta,Canada,West,Retail,1,2023-07-16,2026-08-18
A00446,C01101,Checking,Deposit,Retail Banking,Deposit,0,Low,CAD,1,C,75504.76,2019-06-14,2025-01-10,BR011,Halifax Branch 11,Halifax,Nova Scotia,Canada,Atlantic,Retail,1,2019-06-14,2026-08-18
A00447,C00060,Savings,Deposit,Retail Banking,Deposit,1,Low,CAD,1,C,18824.9,2030-01-01,2025-02-05,BR017,Calgary Branch 17,Calgary,Alberta,Canada,West,Retail,1,2030-01-01,2026-08-18
A00448,C00378,Line of Credit,Credit,Lending,Credit,1,Medium,CAD,1,CLOSED,78219.55,2017-06-09,2021-10-17,BR021,Toronto Branch 21,Toronto,Ontario,Canada,Central,Retail,1,2017-06-09,2026-08-18
A00449,C00711,Line of Credit,Credit,Lending,Credit,1,Medium,CAD,1,CLOSED,33067.21,2019-01-04,2026-03-09,BR020,Montreal Branch 20,Montreal,Quebec,Canada,Central,Retail,1,2019-01-04,2026-08-18
A00450,C00359,Checking,Deposit,Retail Banking,Deposit,0,Low,CAD,1,CLOSED,85485.34,2010-12-22,2014-08-25,BR004,Halifax Branch 4,Halifax,Nova Scotia,Canada,Atlantic,Retail,1,2010-12-22,2026-08-18
A00451,C00822,CHEQUING,Deposit,Retail Banking,Deposit,0,Low,CAD,1,CLOSED,65492.74,2015-08-14,2023-06-25,BR010,Montreal Branch 10,Montreal,Quebec,Canada,Central,Retail,1,2015-08-14,2026-08-18
A00452,C00205,Checking,Deposit,Retail Banking,Deposit,0,Low,CAD,1,A,7446.04,2012-07-01,,BR009,Montreal Branch 9,Montreal,Quebec,Canada,Central,Retail,1,2012-07-01,2026-08-18
A00453,C00031,Savings,Deposit,Retail Banking,Deposit,1,Low,CAD,1,CLOSED,114.99,2018-09-26,2019-06-28,BR018,Montreal Branch 18,Montreal,Quebec,Canada,Central,Retail,1,2018-09-26,2026-08-18
A00454,C00355,Savings,Deposit,Retail Banking,Deposit,1,Low,CAD,1,CLOSED,12349.14,2022-08-23,2025-11-09,BR003,Vancouver Branch 3,Vancouver,British Columbia,Canada,West,Retail,1,2022-08-23,2026-08-18
A00455,C00539,CREDIT CARD,Credit,Cards,Credit,1,Medium,CAD,1,ACTIVE,99418.71,2010-05-15,,BR014,Vancouver Branch 14,Vancouver,British Columbia,Canada,West,Retail,1,2010-05-15,2026-08-18
A00456,C00418,Checking,Deposit,Retail Banking,Deposit,0,Low,CAD,1,A,91911.94,2012-03-24,,BR002,Vancouver Branch 2,Vancouver,British Columbia,Canada,West,Retail,1,2012-03-24,2026-08-18
A00457,C00791,Credit Card,Credit,Cards,Credit,1,Medium,CAD,1,CLOSED,69491.65,2025-06-08,2026-01-01,BR024,Toronto Branch 24,Toronto,Ontario,Canada,Central,Retail,1,2025-06-08,2026-08-18
A00458,C00635,Savings,Deposit,Retail Banking,Deposit,1,Low,CAD,1,C,94772.79,2021-11-06,2023-06-01,BR006,Vancouver Branch 6,Vancouver,British Columbia,Canada,West,Retail,1,2021-11-06,2026-08-18
A00459,C00097,Checking,Deposit,Retail Banking,Deposit,0,Low,CAD,1,C,79590.05,2017-09-11,2021-11-01,BR009,Halifax Branch 9,Halifax,Nova Scotia,Canada,Atlantic,Retail,1,2017-09-11,2026-08-18
A00460,C00299,Savings,Deposit,Retail Banking,Deposit,1,Low,CAD,1,C,65046.81,2018-05-21,2021-08-31,BR011,Vancouver Branch 11,Vancouver,British Columbia,Canada,West,Retail,1,2018-05-21,2026-08-18
A00461,C00585,Checking,Deposit,Retail Banking,Deposit,0,Low,CAD,1,ACTIVE,93432.8,2013-03-07,,BR015,Halifax Branch 15,Halifax,Nova Scotia,Canada,Atlantic,Retail,1,2013-03-07,2026-08-18
A00462,C00341,Line of Credit,Credit,Lending,Credit,1,Medium,CAD,1,CLOSED,23911.07,2012-08-15,2017-04-30,BR010,Calgary Branch 10,Calgary,Alberta,Canada,West,Retail,1,2012-08-15,2026-08-18
A00463,C00973,Line of Credit,Credit,Lending,Credit,1,Medium,CAD,1,CLOSED,16556.45,2010-04-28,2025-10-08,BR003,Toronto Branch 3,Toronto,Ontario,Canada,Central,Retail,1,2010-04-28,2026-08-18
A00464,C00674,Credit Card,Credit,Cards,Credit,1,Medium,CAD,1,CLOSED,82583.51,2011-02-20,2016-10-03,BR009,Halifax Branch 9,Halifax,Nova Scotia,Canada,Atlantic,Retail,1,2011-02-20,2026-08-18
A00465,C01031,Checking,Deposit,Retail Banking,Deposit,0,Low,CAD,1,ACTIVE,32162.47,2022-10-26,,BR018,Halifax Branch 18,Halifax,Nova Scotia,Canada,Atlantic,Retail,1,2022-10-26,2026-08-18
A00466,C00074,Checking,Deposit,Retail Banking,Deposit,0,Low,CAD,1,ACTIVE,88050.21,2017-06-28,,BR001,Montreal Branch 1,Montreal,Quebec,Canada,Central,Retail,1,2017-06-28,2026-08-18
A00467,C01054,Savings,Deposit,Retail Banking,Deposit,1,Low,CAD,1,CLOSED,47154.15,2012-12-28,2022-12-14,BR010,Calgary Branch 10,Calgary,Alberta,Canada,West,Retail,1,2012-12-28,2026-08-18
A00468,C00536,Savings,Deposit,Retail Banking,Deposit,1,Low,CAD,1,C,91637.37,2021-03-09,2022-09-10,BR012,Vancouver Branch 12,Vancouver,British Columbia,Canada,West,Retail,1,2021-03-09,2026-08-18
A00469,C00446,Credit Card,Credit,Cards,Credit,1,Medium,CAD,1,C,47248.7,2011-09-07,2013-03-30,BR020,Vancouver Branch 20,Vancouver,British Columbia,Canada,West,Retail,1,2011-09-07,2026-08-18
A00470,C00302,Line of Credit,Credit,Lending,Credit,1,Medium,CAD,1,C,64186.76,2013-01-21,2018-07-17,BR004,Calgary Branch 4,Calgary,Alberta,Canada,West,Retail,1,2013-01-21,2026-08-18
A00471,C01081,Line of Credit,Credit,Lending,Credit,1,Medium,CAD,1,CLOSED,56573.8,2018-09-24,2025-10-15,BR014,Calgary Branch 14,Calgary,Alberta,Canada,West,Retail,1,2018-09-24,2026-08-18
A00472,C00215,Checking,Deposit,Retail Banking,Deposit,0,Low,CAD,1,CLOSED,70159.3,2011-05-11,2024-06-02,BR016,Calgary Branch 16,Calgary,Alberta,Canada,West,Retail,1,2011-05-11,2026-08-18
A00473,C01107,Credit Card,Credit,Cards,Credit,1,Medium,CAD,1,ACTIVE,3161.13,2014-05-13,,BR003,Vancouver Branch 3,Vancouver,British Columbia,Canada,West,Retail,1,2014-05-13,2026-08-18
A00474,C00464,Line of Credit,Credit,Lending,Credit,1,Medium,CAD,1,ACTIVE,83079.98,2015-05-05,,BR021,Montreal Branch 21,Montreal,Quebec,Canada,Central,Retail,1,2015-05-05,2026-08-18
A00475,C01126,Line of Credit,Credit,Lending,Credit,1,Medium,CAD,1,A,14670.26,2017-04-19,,BR004,Toronto Branch 4,Toronto,Ontario,Canada,Central,Retail,1,2017-04-19,2026-08-18
A00476,C01055,Line of Credit,Credit,Lending,Credit,1,Medium,CAD,1,ACTIVE,98332.25,2022-03-19,,BR017,Halifax Branch 17,Halifax,Nova Scotia,Canada,Atlantic,Retail,1,2022-03-19,2026-08-18
A00477,C00031,Savings,Deposit,Retail Banking,Deposit,1,Low,CAD,1,A,4000.6,2016-03-05,,BR004,Calgary Branch 4,Calgary,Alberta,Canada,West,Retail,1,2016-03-05,2026-08-18
A00478,C00945,Checking,Deposit,Retail Banking,Deposit,0,Low,CAD,1,A,69012.33,2015-01-01,,BR013,Toronto Branch 13,Toronto,Ontario,Canada,Central,Retail,1,2015-01-01,2026-08-18
A00479,C00172,Line of Credit,Credit,Lending,Credit,1,Medium,CAD,1,CLOSED,11731.12,2013-01-01,2021-09-30,BR018,Vancouver Branch 18,Vancouver,British Columbia,Canada,West,Retail,1,2013-01-01,2026-08-18
A00480,C00482,Credit Card,Credit,Cards,Credit,1,Medium,CAD,1,A,28520.77,2021-07-26,,BR024,Toronto Branch 24,Toronto,Ontario,Canada,Central,Retail,1,2021-07-26,2026-08-18
A00481,C00863,CREDIT CARD,Credit,Cards,Credit,1,Medium,CAD,1,A,78509.96,2017-11-03,,BR009,Montreal Branch 9,Montreal,Quebec,Canada,Central,Retail,1,2017-11-03,2026-08-18
A00482,C00035,Checking,Deposit,Retail Banking,Deposit,0,Low,CAD,1,C,3004.36,2020-05-14,2021-07-18,BR007,Toronto Branch 7,Toronto,Ontario,Canada,Central,Retail,1,2020-05-14,2026-08-18
A00483,C00777,Line of Credit,Credit,Lending,Credit,1,Medium,CAD,1,C,95225.94,2015-01-12,2022-07-02,BR019,Vancouver Branch 19,Vancouver,British Columbia,Canada,West,Retail,1,2015-01-12,2026-08-18
A00484,C00799,Line of Credit,Credit,Lending,Credit,1,Medium,CAD,1,A,43309.12,2020-01-23,,BR022,Halifax Branch 22,Halifax,Nova Scotia,Canada,Atlantic,Retail,1,2020-01-23,2026-08-18
A00485,C00185,Line of Credit,Credit,Lending,Credit,1,Medium,CAD,1,CLOSED,29558.63,2012-02-01,2020-06-26,BR003,Montreal Branch 3,Montreal,Quebec,Canada,Central,Retail,1,2012-02-01,2026-08-18
A00486,C00551,Checking,Deposit,Retail Banking,Deposit,0,Low,CAD,1,C,39581.74,2010-08-18,2012-12-18,BR019,Montreal Branch 19,Montreal,Quebec,Canada,Central,Retail,1,2010-08-18,2026-08-18
A00487,C00415,Line of Credit,Credit,Lending,Credit,1,Medium,CAD,1,ACTIVE,42704.6,2010-06-25,,BR018,Halifax Branch 18,Halifax,Nova Scotia,Canada,Atlantic,Retail,1,2010-06-25,2026-08-18
A00488,C00941,Credit Card,Credit,Cards,Credit,1,Medium,CAD,1,CLOSED,,2014-07-18,2018-03-14,BR013,Calgary Branch 13,Calgary,Alberta,Canada,West,Retail,1,2014-07-18,2026-08-18
A00489,C00994,Savings,Deposit,Retail Banking,Deposit,1,Low,CAD,1,A,46984.08,2017-09-14,,BR022,Calgary Branch 22,Calgary,Alberta,Canada,West,Retail,1,2017-09-14,2026-08-18
A00490,C01167,SAVING,Deposit,Retail Banking,Deposit,1,Low,CAD,1,CLOSED,35983.65,2010-06-26,2014-08-13,BR003,Montreal Branch 3,Montreal,Quebec,Canada,Central,Retail,1,2010-06-26,2026-08-18
A00491,C00272,Line of Credit,Credit,Lending,Credit,1,Medium,CAD,1,ACTIVE,12213.67,2010-12-20,,BR003,Vancouver Branch 3,Vancouver,British Columbia,Canada,West,Retail,1,2010-12-20,2026-08-18
A00492,C00162,Line of Credit,Credit,Lending,Credit,1,Medium,CAD,1,ACTIVE,37704.11,2024-11-17,,BR010,Montreal Branch 10,Montreal,Quebec,Canada,Central,Retail,1,2024-11-17,2026-08-18
A00493,C00242,Savings,Deposit,Retail Banking,Deposit,1,Low,CAD,1,CLOSED,33229.25,2021-03-03,2023-04-11,BR011,Calgary Branch 11,Calgary,Alberta,Canada,West,Retail,1,2021-03-03,2026-08-18
A00494,C01000,Line of Credit,Credit,Lending,Credit,1,Medium,CAD,1,A,66931.9,2024-05-23,,BR005,Vancouver Branch 5,Vancouver,British Columbia,Canada,West,Retail,1,2024-05-23,2026-08-18
A00495,C00825,Credit Card,Credit,Cards,Credit,1,Medium,CAD,1,ACTIVE,27673.25,2015-02-04,,BR020,Vancouver Branch 20,Vancouver,British Columbia,Canada,West,Retail,1,2015-02-04,2026-08-18
A00496,C00685,Checking,Deposit,Retail Banking,Deposit,0,Low,CAD,1,ACTIVE,60117.43,2018-03-06,,BR016,Vancouver Branch 16,Vancouver,British Columbia,Canada,West,Retail,1,2018-03-06,2026-08-18
A00497,C01134,SAVING,Deposit,Retail Banking,Deposit,1,Low,CAD,1,C,91582.91,2011-12-09,2017-12-29,BR004,Vancouver Branch 4,Vancouver,British Columbia,Canada,West,Retail,1,2011-12-09,2026-08-18
A00498,C01036,Credit Card,Credit,Cards,Credit,1,Medium,CAD,1,A,31555.52,2021-08-27,,BR025,Montreal Branch 25,Montreal,Quebec,Canada,Central,Retail,1,2021-08-27,2026-08-18
A00499,C01177,Checking,Deposit,Retail Banking,Deposit,0,Low,CAD,1,C,82965.71,2014-03-28,2025-06-18,BR023,Halifax Branch 23,Halifax,Nova Scotia,Canada,Atlantic,Retail,1,2014-03-28,2026-08-18
A00500,C00840,Savings,Deposit,Retail Banking,Deposit,1,Low,CAD,1,ACTIVE,92496.75,2012-11-13,,BR011,Halifax Branch 11,Halifax,Nova Scotia,Canada,Atlantic,Retail,1,2012-11-13,2026-08-18
A00501,C00364,Credit Card,Credit,Cards,Credit,1,Medium,CAD,1,ACTIVE,27483.84,2024-03-07,,BR016,Halifax Branch 16,Halifax,Nova Scotia,Canada,Atlantic,Retail,1,2024-03-07,2026-08-18
A00502,C01066,Checking,Deposit,Retail Banking,Deposit,0,Low,CAD,1,C,5370.28,2020-12-26,2021-02-04,BR016,Calgary Branch 16,Calgary,Alberta,Canada,West,Retail,1,2020-12-26,2026-08-18
A00503,C00149,Checking,Deposit,Retail Banking,Deposit,0,Low,CAD,1,ACTIVE,8553.99,2018-12-15,,BR014,Toronto Branch 14,Toronto,Ontario,Canada,Central,Retail,1,2018-12-15,2026-08-18
A00504,C01152,Line of Credit,Credit,Lending,Credit,1,Medium,CAD,1,A,5421.2,2021-01-16,,BR012,Calgary Branch 12,Calgary,Alberta,Canada,West,Retail,1,2021-01-16,2026-08-18
A00505,C00224,Savings,Deposit,Retail Banking,Deposit,1,Low,CAD,1,A,60847.05,2013-10-12,,BR015,Halifax Branch 15,Halifax,Nova Scotia,Canada,Atlantic,Retail,1,2013-10-12,2026-08-18
A00506,C00903,Savings,Deposit,Retail Banking,Deposit,1,Low,CAD,1,A,74258.75,2015-07-03,,BR008,Montreal Branch 8,Montreal,Quebec,Canada,Central,Retail,1,2015-07-03,2026-08-18
A00507,C00643,Savings,Deposit,Retail Banking,Deposit,1,Low,CAD,1,A,45968.73,2014-04-02,,BR014,Calgary Branch 14,Calgary,Alberta,Canada,West,Retail,1,2014-04-02,2026-08-18
A00508,C00640,Savings,Deposit,Retail Banking,Deposit,1,Low,CAD,1,A,87664.28,2025-05-23,,BR019,Halifax Branch 19,Halifax,Nova Scotia,Canada,Atlantic,Retail,1,2025-05-23,2026-08-18
A00509,C00437,Credit Card,Credit,Cards,Credit,1,Medium,CAD,1,CLOSED,59106.36,2017-11-05,2022-07-24,BR019,Montreal Branch 19,Montreal,Quebec,Canada,Central,Retail,1,2017-11-05,2026-08-18
A00510,C00181,Line of Credit,Credit,Lending,Credit,1,Medium,CAD,1,C,76482.11,2014-10-09,2025-06-11,BR014,Montreal Branch 14,Montreal,Quebec,Canada,Central,Retail,1,2014-10-09,2026-08-18
A00511,C00145,Checking,Deposit,Retail Banking,Deposit,0,Low,CAD,1,A,20928.35,2016-05-26,,BR025,Vancouver Branch 25,Vancouver,British Columbia,Canada,West,Retail,1,2016-05-26,2026-08-18
A00512,C00455,Savings,Deposit,Retail Banking,Deposit,1,Low,CAD,1,C,66230.78,2020-01-05,2026-05-22,BR013,Montreal Branch 13,Montreal,Quebec,Canada,Central,Retail,1,2020-01-05,2026-08-18
A00513,C00496,Checking,Deposit,Retail Banking,Deposit,0,Low,CAD,1,C,25231.37,2024-05-07,2025-08-28,BR025,Halifax Branch 25,Halifax,Nova Scotia,Canada,Atlantic,Retail,1,2024-05-07,2026-08-18
A00514,C00080,Credit Card,Credit,Cards,Credit,1,Medium,CAD,1,CLOSED,97890.87,2023-09-02,2025-04-13,BR014,Toronto Branch 14,Toronto,Ontario,Canada,Central,Retail,1,2023-09-02,2026-08-18
A00515,C00614,Line of Credit,Credit,Lending,Credit,1,Medium,CAD,1,ACTIVE,98967.51,2016-10-18,,BR009,Vancouver Branch 9,Vancouver,British Columbia,Canada,West,Retail,1,2016-10-18,2026-08-18
A00516,C00611,Checking,Deposit,Retail Banking,Deposit,0,Low,CAD,1,ACTIVE,37953.82,2019-03-11,,BR021,Calgary Branch 21,Calgary,Alberta,Canada,West,Retail,1,2019-03-11,2026-08-18
A00517,C00567,Line of Credit,Credit,Lending,Credit,1,Medium,CAD,1,A,44274.37,2011-06-11,,BR015,Toronto Branch 15,Toronto,Ontario,Canada,Central,Retail,1,2011-06-11,2026-08-18
A00518,C00327,SAVING,Deposit,Retail Banking,Deposit,1,Low,CAD,1,C,7546.19,2021-08-20,2023-09-10,BR013,Vancouver Branch 13,Vancouver,British Columbia,Canada,West,Retail,1,2021-08-20,2026-08-18
,C00683,Checking,Deposit,Retail Banking,Deposit,0,Low,CAD,1,A,59203.7,2015-12-27,,BR018,Calgary Branch 18,Calgary,Alberta,Canada,West,Retail,1,2015-12-27,2026-08-18
A00520,C00209,CREDIT CARD,Credit,Cards,Credit,1,Medium,CAD,1,C,66441.28,2011-08-21,2012-05-02,BR020,Halifax Branch 20,Halifax,Nova Scotia,Canada,Atlantic,Retail,1,2011-08-21,2026-08-18
A00521,C00040,Checking,Deposit,Retail Banking,Deposit,0,Low,CAD,1,CLOSED,59903.22,2012-02-15,2014-05-01,BR022,Halifax Branch 22,Halifax,Nova Scotia,Canada,Atlantic,Retail,1,2012-02-15,2026-08-18
A00522,C00345,Checking,Deposit,Retail Banking,Deposit,0,Low,CAD,1,CLOSED,68517.13,2019-12-15,2020-08-22,BR006,Montreal Branch 6,Montreal,Quebec,Canada,Central,Retail,1,2019-12-15,2026-08-18
A00523,C00363,Savings,Deposit,Retail Banking,Deposit,1,Low,CAD,1,C,94019.93,2021-04-11,2025-04-10,BR022,Vancouver Branch 22,Vancouver,British Columbia,Canada,West,Retail,1,2021-04-11,2026-08-18
A00524,C00022,Savings,Deposit,Retail Banking,Deposit,1,Low,CAD,1,C,87128.26,2014-03-15,2022-04-19,BR002,Halifax Branch 2,Halifax,Nova Scotia,Canada,Atlantic,Retail,1,2014-03-15,2026-08-18
A00525,C00375,Checking,Deposit,Retail Banking,Deposit,0,Low,CAD,1,A,33394.69,2011-02-11,,BR024,Vancouver Branch 24,Vancouver,British Columbia,Canada,West,Retail,1,2011-02-11,2026-08-18
A00526,C01009,Credit Card,Credit,Cards,Credit,1,Medium,CAD,1,C,43525.2,2018-08-21,2019-01-29,BR002,Calgary Branch 2,Calgary,Alberta,Canada,West,Retail,1,2018-08-21,2026-08-18
A00527,C00750,Savings,Deposit,Retail Banking,Deposit,1,Low,CAD,1,A,93040.41,2016-03-15,,BR023,Vancouver Branch 23,Vancouver,British Columbia,Canada,West,Retail,1,2016-03-15,2026-08-18
A00528,C00443,Savings,Deposit,Retail Banking,Deposit,1,Low,CAD,1,CLOSED,95717.96,2012-01-01,2018-07-16,BR020,Toronto Branch 20,Toronto,Ontario,Canada,Central,Retail,1,2012-01-01,2026-08-18
A00529,C00259,Credit Card,Credit,Cards,Credit,1,Medium,CAD,1,A,-198.08,2016-12-19,,BR012,Halifax Branch 12,Halifax,Nova Scotia,Canada,Atlantic,Retail,1,2016-12-19,2026-08-18
A00530,C00193,Savings,Deposit,Retail Banking,Deposit,1,Low,CAD,1,C,6736.87,2023-01-17,2023-06-27,BR010,Toronto Branch 10,Toronto,Ontario,Canada,Central,Retail,1,2023-01-17,2026-08-18
A00531,C01162,Checking,Deposit,Retail Banking,Deposit,0,Low,CAD,1,C,74879.3,2015-09-12,2024-04-19,BR012,Montreal Branch 12,Montreal,Quebec,Canada,Central,Retail,1,2015-09-12,2026-08-18
A00532,C00998,Credit Card,Credit,Cards,Credit,1,Medium,CAD,1,A,2842.4,2011-06-13,,BR014,Toronto Branch 14,Toronto,Ontario,Canada,Central,Retail,1,2011-06-13,2026-08-18
A00533,C00900,Savings,Deposit,Retail Banking,Deposit,1,Low,CAD,1,A,6905.62,2022-10-14,,BR013,Halifax Branch 13,Halifax,Nova Scotia,Canada,Atlantic,Retail,1,2022-10-14,2026-08-18
A00534,C00257,Line of Credit,Credit,Lending,Credit,1,Medium,CAD,1,CLOSED,26339.12,2011-12-08,2023-04-02,BR022,Montreal Branch 22,Montreal,Quebec,Canada,Central,Retail,1,2011-12-08,2026-08-18
A00535,C01006,Checking,Deposit,Retail Banking,Deposit,0,Low,CAD,1,C,1561.38,2019-05-19,2021-12-25,BR013,Toronto Branch 13,Toronto,Ontario,Canada,Central,Retail,1,2019-05-19,2026-08-18
A00536,C00713,Line of Credit,Credit,Lending,Credit,1,Medium,CAD,1,A,21405.6,2015-06-11,,BR021,Vancouver Branch 21,Vancouver,British Columbia,Canada,West,Retail,1,2015-06-11,2026-08-18
A00537,C00377,Savings,Deposit,Retail Banking,Deposit,1,Low,CAD,1,C,12565.79,2025-04-13,2025-09-20,BR013,Halifax Branch 13,Halifax,Nova Scotia,Canada,Atlantic,Retail,1,2025-04-13,2026-08-18
A00538,C00383,Credit Card,Credit,Cards,Credit,1,Medium,CAD,1,ACTIVE,58002.35,2024-09-09,,BR021,Halifax Branch 21,Halifax,Nova Scotia,Canada,Atlantic,Retail,1,2024-09-09,2026-08-18
A00539,C00066,CHEQUING,Deposit,Retail Banking,Deposit,0,Low,CAD,1,A,6509.27,2017-05-11,,BR024,Toronto Branch 24,Toronto,Ontario,Canada,Central,Retail,1,2017-05-11,2026-08-18
A00540,C01139,Savings,Deposit,Retail Banking,Deposit,1,Low,CAD,1,A,63539.28,2011-06-08,,BR018,Vancouver Branch 18,Vancouver,British Columbia,Canada,West,Retail,1,2011-06-08,2026-08-18
A00541,C00182,Line of Credit,Credit,Lending,Credit,1,Medium,CAD,1,ACTIVE,88583.04,2018-04-01,,BR004,Calgary Branch 4,Calgary,Alberta,Canada,West,Retail,1,2018-04-01,2026-08-18
A00542,C00577,Line of Credit,Credit,Lending,Credit,1,Medium,CAD,1,ACTIVE,61434.76,2024-04-26,,BR001,Vancouver Branch 1,Vancouver,British Columbia,Canada,West,Retail,1,2024-04-26,2026-08-18
A00543,C00180,Credit Card,Credit,Cards,Credit,1,Medium,CAD,1,CLOSED,85649.59,2020-10-18,2024-07-03,BR006,Vancouver Branch 6,Vancouver,British Columbia,Canada,West,Retail,1,2020-10-18,2026-08-18
A00544,C00859,Checking,Deposit,Retail Banking,Deposit,0,Low,CAD,1,CLOSED,22709.99,2023-05-06,2023-09-08,BR008,Calgary Branch 8,Calgary,Alberta,Canada,West,Retail,1,2023-05-06,2026-08-18
A00545,C00947,Checking,Deposit,Retail Banking,Deposit,0,Low,CAD,1,C,18247.13,2014-08-12,2026-05-16,BR009,Halifax Branch 9,Halifax,Nova Scotia,Canada,Atlantic,Retail,1,2014-08-12,2026-08-18
A00546,C00332,Line of Credit,Credit,Lending,Credit,1,Medium,CAD,1,A,8628.83,2014-01-15,,BR012,Halifax Branch 12,Halifax,Nova Scotia,Canada,Atlantic,Retail,1,2014-01-15,2026-08-18
A00547,C00351,Checking,Deposit,Retail Banking,Deposit,0,Low,CAD,1,CLOSED,95722.24,2010-03-07,2025-12-20,BR004,Calgary Branch 4,Calgary,Alberta,Canada,West,Retail,1,2010-03-07,2026-08-18
A00548,C00194,Savings,Deposit,Retail Banking,Deposit,1,Low,CAD,1,CLOSED,68482.74,2013-09-19,2013-11-23,BR019,Montreal Branch 19,Montreal,Quebec,Canada,Central,Retail,1,2013-09-19,2026-08-18
A00549,C00761,Line of Credit,Credit,Lending,Credit,1,Medium,CAD,1,ACTIVE,,2013-09-14,,BR018,Halifax Branch 18,Halifax,Nova Scotia,Canada,Atlantic,Retail,1,2013-09-14,2026-08-18
A00550,C00964,Credit Card,Credit,Cards,Credit,1,Medium,CAD,1,C,74837.28,2012-12-19,2025-10-23,BR023,Calgary Branch 23,Calgary,Alberta,Canada,West,Retail,1,2012-12-19,2026-08-18
A00551,C00696,Checking,Deposit,Retail Banking,Deposit,0,Low,CAD,1,A,70737.39,2022-09-17,,BR025,Halifax Branch 25,Halifax,Nova Scotia,Canada,Atlantic,Retail,1,2022-09-17,2026-08-18
A00552,C01192,Checking,Deposit,Retail Banking,Deposit,0,Low,CAD,1,CLOSED,94231.79,2016-02-18,2023-01-15,BR017,Vancouver Branch 17,Vancouver,British Columbia,Canada,West,Retail,1,2016-02-18,2026-08-18
A00553,C00283,Line of Credit,Credit,Lending,Credit,1,Medium,CAD,1,A,65564.33,2018-06-10,,BR017,Toronto Branch 17,Toronto,Ontario,Canada,Central,Retail,1,2018-06-10,2026-08-18
A00554,C00604,Checking,Deposit,Retail Banking,Deposit,0,Low,CAD,1,ACTIVE,54895.58,2015-01-02,,BR020,Vancouver Branch 20,Vancouver,British Columbia,Canada,West,Retail,1,2015-01-02,2026-08-18
A00555,C00571,Checking,Deposit,Retail Banking,Deposit,0,Low,CAD,1,A,24822.18,2014-11-05,,BR009,Toronto Branch 9,Toronto,Ontario,Canada,Central,Retail,1,2014-11-05,2026-08-18
A00556,C01183,Line of Credit,Credit,Lending,Credit,1,Medium,CAD,1,A,6136.92,2016-12-05,,BR012,Montreal Branch 12,Montreal,Quebec,Canada,Central,Retail,1,2016-12-05,2026-08-18
A00557,C00426,Checking,Deposit,Retail Banking,Deposit,0,Low,CAD,1,A,12321.86,2014-12-21,,BR021,Halifax Branch 21,Halifax,Nova Scotia,Canada,Atlantic,Retail,1,2014-12-21,2026-08-18
A00558,C01020,Savings,Deposit,Retail Banking,Deposit,1,Low,CAD,1,ACTIVE,12623.74,2014-04-28,,BR015,Montreal Branch 15,Montreal,Quebec,Canada,Central,Retail,1,2014-04-28,2026-08-18
A00559,C00268,CREDIT CARD,Credit,Cards,Credit,1,Medium,CAD,1,ACTIVE,3663.6,2013-04-12,,BR025,Toronto Branch 25,Toronto,Ontario,Canada,Central,Retail,1,2013-04-12,2026-08-18
A00560,C00118,SAVING,Deposit,Retail Banking,Deposit,1,Low,CAD,1,C,19302.67,2020-01-14,2024-07-22,BR022,Vancouver Branch 22,Vancouver,British Columbia,Canada,West,Retail,1,2020-01-14,2026-08-18
A00561,C00197,Credit Card,Credit,Cards,Credit,1,Medium,CAD,1,CLOSED,39487.31,2017-08-15,2021-09-10,BR019,Calgary Branch 19,Calgary,Alberta,Canada,West,Retail,1,2017-08-15,2026-08-18
A00562,C00852,Checking,Deposit,Retail Banking,Deposit,0,Low,CAD,1,ACTIVE,99062.17,2012-11-01,,BR003,Toronto Branch 3,Toronto,Ontario,Canada,Central,Retail,1,2012-11-01,2026-08-18
A00563,C01193,Savings,Deposit,Retail Banking,Deposit,1,Low,CAD,1,A,85990.36,2019-07-28,,BR006,Vancouver Branch 6,Vancouver,British Columbia,Canada,West,Retail,1,2019-07-28,2026-08-18
A00564,C00333,Checking,Deposit,Retail Banking,Deposit,0,Low,CAD,1,C,61818.92,2010-05-08,2011-12-06,BR013,Halifax Branch 13,Halifax,Nova Scotia,Canada,Atlantic,Retail,1,2010-05-08,2026-08-18
A00565,C00752,Checking,Deposit,Retail Banking,Deposit,0,Low,CAD,1,CLOSED,906.21,2012-04-04,2023-04-05,BR002,Calgary Branch 2,Calgary,Alberta,Canada,West,Retail,1,2012-04-04,2026-08-18
A00566,C00785,Line of Credit,Credit,Lending,Credit,1,Medium,CAD,1,CLOSED,95381.69,2021-07-27,2024-03-26,BR002,Calgary Branch 2,Calgary,Alberta,Canada,West,Retail,1,2021-07-27,2026-08-18
A00567,C01191,Checking,Deposit,Retail Banking,Deposit,0,Low,CAD,1,CLOSED,35847.89,2014-02-19,2022-05-03,BR010,Vancouver Branch 10,Vancouver,British Columbia,Canada,West,Retail,1,2014-02-19,2026-08-18
A00568,C00628,Credit Card,Credit,Cards,Credit,1,Medium,CAD,1,CLOSED,38847.38,2019-11-02,2024-10-03,BR007,Montreal Branch 7,Montreal,Quebec,Canada,Central,Retail,1,2019-11-02,2026-08-18
A00569,C00266,Checking,Deposit,Retail Banking,Deposit,0,Low,CAD,1,C,16311.12,2023-06-01,2025-08-10,BR007,Toronto Branch 7,Toronto,Ontario,Canada,Central,Retail,1,2023-06-01,2026-08-18
A00570,C00524,Checking,Deposit,Retail Banking,Deposit,0,Low,CAD,1,A,8390.19,2014-07-27,,BR005,Vancouver Branch 5,Vancouver,British Columbia,Canada,West,Retail,1,2014-07-27,2026-08-18
A00571,C01055,Checking,Deposit,Retail Banking,Deposit,0,Low,CAD,1,C,67187.37,2014-12-11,2021-01-01,BR004,Vancouver Branch 4,Vancouver,British Columbia,Canada,West,Retail,1,2014-12-11,2026-08-18
A00572,C00303,Savings,Deposit,Retail Banking,Deposit,1,Low,CAD,1,A,73860.48,2025-10-22,,BR014,Calgary Branch 14,Calgary,Alberta,Canada,West,Retail,1,2025-10-22,2026-08-18
A00573,C00694,Checking,Deposit,Retail Banking,Deposit,0,Low,CAD,1,CLOSED,21670.62,2012-11-20,2018-11-18,BR018,Montreal Branch 18,Montreal,Quebec,Canada,Central,Retail,1,2012-11-20,2026-08-18
A00574,C00461,Checking,Deposit,Retail Banking,Deposit,0,Low,CAD,1,C,36149.39,2019-08-06,2020-04-27,BR008,Toronto Branch 8,Toronto,Ontario,Canada,Central,Retail,1,2019-08-06,2026-08-18
A00575,C00750,Checking,Deposit,Retail Banking,Deposit,0,Low,CAD,1,ACTIVE,7293.61,2016-01-26,,BR023,Montreal Branch 23,Montreal,Quebec,Canada,Central,Retail,1,2016-01-26,2026-08-18
A00576,C00800,Line of Credit,Credit,Lending,Credit,1,Medium,CAD,1,C,86288.49,2010-06-24,2018-11-08,BR025,Vancouver Branch 25,Vancouver,British Columbia,Canada,West,Retail,1,2010-06-24,2026-08-18
A00577,C00492,Credit Card,Credit,Cards,Credit,1,Medium,CAD,1,C,94672.44,2020-08-13,2024-06-17,BR012,Vancouver Branch 12,Vancouver,British Columbia,Canada,West,Retail,1,2020-08-13,2026-08-18
A00578,C00783,Line of Credit,Credit,Lending,Credit,1,Medium,CAD,1,CLOSED,59262.05,2025-05-13,2026-06-19,BR017,Montreal Branch 17,Montreal,Quebec,Canada,Central,Retail,1,2025-05-13,2026-08-18
A00579,C00758,Savings,Deposit,Retail Banking,Deposit,1,Low,CAD,1,A,17296.86,2016-05-05,,BR010,Vancouver Branch 10,Vancouver,British Columbia,Canada,West,Retail,1,2016-05-05,2026-08-18
A00580,C00380,Savings,Deposit,Retail Banking,Deposit,1,Low,CAD,1,C,8297.61,2010-10-11,2022-04-02,BR011,Calgary Branch 11,Calgary,Alberta,Canada,West,Retail,1,2010-10-11,2026-08-18
A00581,C00373,Line of Credit,Credit,Lending,Credit,1,Medium,CAD,1,C,39406.03,2014-06-26,2023-02-12,BR015,Calgary Branch 15,Calgary,Alberta,Canada,West,Retail,1,2014-06-26,2026-08-18
A00582,C00244,Savings,Deposit,Retail Banking,Deposit,1,Low,CAD,1,C,23579.53,2010-08-28,2013-10-20,BR025,Toronto Branch 25,Toronto,Ontario,Canada,Central,Retail,1,2010-08-28,2026-08-18
A00583,C01116,Credit Card,Credit,Cards,Credit,1,Medium,CAD,1,C,99768.47,2022-02-27,2022-07-14,BR009,Toronto Branch 9,Toronto,Ontario,Canada,Central,Retail,1,2022-02-27,2026-08-18
A00584,C00633,Checking,Deposit,Retail Banking,Deposit,0,Low,CAD,1,A,29750.24,2015-07-27,,BR011,Toronto Branch 11,Toronto,Ontario,Canada,Central,Retail,1,2015-07-27,2026-08-18
A00585,C00463,Checking,Deposit,Retail Banking,Deposit,0,Low,CAD,1,ACTIVE,65607.44,2024-10-14,,BR015,Halifax Branch 15,Halifax,Nova Scotia,Canada,Atlantic,Retail,1,2024-10-14,2026-08-18
A00586,C00730,Savings,Deposit,Retail Banking,Deposit,1,Low,CAD,1,A,49316.08,2010-09-21,,BR017,Halifax Branch 17,Halifax,Nova Scotia,Canada,Atlantic,Retail,1,2010-09-21,2026-08-18
A00587,C00576,Checking,Deposit,Retail Banking,Deposit,0,Low,CAD,1,CLOSED,91573.1,2013-02-12,2015-04-09,BR018,Toronto Branch 18,Toronto,Ontario,Canada,Central,Retail,1,2013-02-12,2026-08-18
A00588,C01036,Credit Card,Credit,Cards,Credit,1,Medium,CAD,1,C,89574.25,2016-06-27,2024-11-09,BR014,Toronto Branch 14,Toronto,Ontario,Canada,Central,Retail,1,2016-06-27,2026-08-18
A00589,C00336,Line of Credit,Credit,Lending,Credit,1,Medium,CAD,1,CLOSED,10799.08,2018-11-21,2019-07-08,BR007,Montreal Branch 7,Montreal,Quebec,Canada,Central,Retail,1,2018-11-21,2026-08-18
A00590,C00948,Savings,Deposit,Retail Banking,Deposit,1,Low,CAD,1,ACTIVE,21867.72,2023-06-24,,BR015,Calgary Branch 15,Calgary,Alberta,Canada,West,Retail,1,2023-06-24,2026-08-18
A00591,C00007,Line of Credit,Credit,Lending,Credit,1,Medium,CAD,1,C,18424.18,2023-07-22,2025-11-30,BR015,Toronto Branch 15,Toronto,Ontario,Canada,Central,Retail,1,2023-07-22,2026-08-18
A00592,C00732,Savings,Deposit,Retail Banking,Deposit,1,Low,CAD,1,A,92462.54,2011-11-27,,BR021,Montreal Branch 21,Montreal,Quebec,Canada,Central,Retail,1,2011-11-27,2026-08-18
A00593,C00075,Checking,Deposit,Retail Banking,Deposit,0,Low,CAD,1,C,65657.67,2012-01-12,2023-10-03,BR002,Vancouver Branch 2,Vancouver,British Columbia,Canada,West,Retail,1,2012-01-12,2026-08-18
A00594,C00655,Savings,Deposit,Retail Banking,Deposit,1,Low,CAD,1,ACTIVE,6104.11,2025-11-06,,BR006,Toronto Branch 6,Toronto,Ontario,Canada,Central,Retail,1,2025-11-06,2026-08-18
A00595,C00253,Line of Credit,Credit,Lending,Credit,1,Medium,CAD,1,C,96749.78,2013-07-01,2018-08-31,BR023,Toronto Branch 23,Toronto,Ontario,Canada,Central,Retail,1,2013-07-01,2026-08-18
A00596,C00775,Checking,Deposit,Retail Banking,Deposit,0,Low,CAD,1,A,19445.18,2030-01-01,,BR007,Vancouver Branch 7,Vancouver,British Columbia,Canada,West,Retail,1,2030-01-01,2026-08-18
A00597,C00382,Credit Card,Credit,Cards,Credit,1,Medium,CAD,1,CLOSED,90601.66,2014-09-25,2018-10-05,BR001,Montreal Branch 1,Montreal,Quebec,Canada,Central,Retail,1,2014-09-25,2026-08-18
A00598,C00437,Line of Credit,Credit,Lending,Credit,1,Medium,CAD,1,C,34901.01,2021-03-24,2024-10-04,BR022,Toronto Branch 22,Toronto,Ontario,Canada,Central,Retail,1,2021-03-24,2026-08-18
A00599,C01070,Checking,Deposit,Retail Banking,Deposit,0,Low,CAD,1,CLOSED,69780.71,2015-03-21,2020-05-21,BR007,Toronto Branch 7,Toronto,Ontario,Canada,Central,Retail,1,2015-03-21,2026-08-18
A00600,C00265,Checking,Deposit,Retail Banking,Deposit,0,Low,CAD,1,CLOSED,78076.8,2019-06-28,2022-01-22,BR008,Halifax Branch 8,Halifax,Nova Scotia,Canada,Atlantic,Retail,1,2019-06-28,2026-08-18
A00601,C00101,Checking,Deposit,Retail Banking,Deposit,0,Low,CAD,1,C,46689.01,2023-02-17,2023-05-29,BR003,Vancouver Branch 3,Vancouver,British Columbia,Canada,West,Retail,1,2023-02-17,2026-08-18
A00602,C01036,Line of Credit,Credit,Lending,Credit,1,Medium,CAD,1,CLOSED,95940.69,2015-07-20,2024-06-19,BR025,Halifax Branch 25,Halifax,Nova Scotia,Canada,Atlantic,Retail,1,2015-07-20,2026-08-18
A00603,C00812,Checking,Deposit,Retail Banking,Deposit,0,Low,CAD,1,A,48884.92,2022-01-04,,BR005,Toronto Branch 5,Toronto,Ontario,Canada,Central,Retail,1,2022-01-04,2026-08-18
A00604,C00891,Savings,Deposit,Retail Banking,Deposit,1,Low,CAD,1,ACTIVE,70461.74,2017-09-22,,BR016,Montreal Branch 16,Montreal,Quebec,Canada,Central,Retail,1,2017-09-22,2026-08-18
A00605,C00538,Credit Card,Credit,Cards,Credit,1,Medium,CAD,1,ACTIVE,32093.34,2018-07-16,,BR025,Calgary Branch 25,Calgary,Alberta,Canada,West,Retail,1,2018-07-16,2026-08-18
A00606,C01042,Checking,Deposit,Retail Banking,Deposit,0,Low,CAD,1,ACTIVE,13734.26,2016-04-23,,BR006,Toronto Branch 6,Toronto,Ontario,Canada,Central,Retail,1,2016-04-23,2026-08-18
A00607,C01160,Savings,Deposit,Retail Banking,Deposit,1,Low,CAD,1,C,99034.15,2019-05-05,2025-09-14,BR024,Halifax Branch 24,Halifax,Nova Scotia,Canada,Atlantic,Retail,1,2019-05-05,2026-08-18
A00608,C00692,Checking,Deposit,Retail Banking,Deposit,0,Low,CAD,1,CLOSED,37391.21,2015-12-12,2016-09-01,BR020,Toronto Branch 20,Toronto,Ontario,Canada,Central,Retail,1,2015-12-12,2026-08-18
A00609,C00235,Checking,Deposit,Retail Banking,Deposit,0,Low,CAD,1,CLOSED,6200.24,2011-07-08,2017-01-31,BR021,Montreal Branch 21,Montreal,Quebec,Canada,Central,Retail,1,2011-07-08,2026-08-18
A00610,C00484,Savings,Deposit,Retail Banking,Deposit,1,Low,CAD,1,CLOSED,,2022-11-26,2024-07-12,BR004,Montreal Branch 4,Montreal,Quebec,Canada,Central,Retail,1,2022-11-26,2026-08-18
A00611,C00305,Savings,Deposit,Retail Banking,Deposit,1,Low,CAD,1,C,65146.72,2020-04-28,2021-10-09,BR011,Vancouver Branch 11,Vancouver,British Columbia,Canada,West,Retail,1,2020-04-28,2026-08-18
A00612,C00818,Savings,Deposit,Retail Banking,Deposit,1,Low,CAD,1,CLOSED,5261.86,2017-07-06,2025-01-02,BR010,Halifax Branch 10,Halifax,Nova Scotia,Canada,Atlantic,Retail,1,2017-07-06,2026-08-18
A00613,C00976,Checking,Deposit,Retail Banking,Deposit,0,Low,CAD,1,CLOSED,31040.01,2025-11-12,2025-12-28,BR009,Calgary Branch 9,Calgary,Alberta,Canada,West,Retail,1,2025-11-12,2026-08-18
A00614,C00138,Savings,Deposit,Retail Banking,Deposit,1,Low,CAD,1,A,79827.86,2020-05-19,,BR021,Montreal Branch 21,Montreal,Quebec,Canada,Central,Retail,1,2020-05-19,2026-08-18
A00615,C00701,Credit Card,Credit,Cards,Credit,1,Medium,CAD,1,A,7288.06,2023-12-09,,BR025,Halifax Branch 25,Halifax,Nova Scotia,Canada,Atlantic,Retail,1,2023-12-09,2026-08-18
A00616,C00434,Credit Card,Credit,Cards,Credit,1,Medium,CAD,1,A,57411.31,2018-01-19,,BR013,Vancouver Branch 13,Vancouver,British Columbia,Canada,West,Retail,1,2018-01-19,2026-08-18
A00617,C00281,Credit Card,Credit,Cards,Credit,1,Medium,CAD,1,ACTIVE,5549.91,2025-06-26,,BR001,Vancouver Branch 1,Vancouver,British Columbia,Canada,West,Retail,1,2025-06-26,2026-08-18
A00618,C01017,Savings,Deposit,Retail Banking,Deposit,1,Low,CAD,1,A,6647.62,2015-07-06,,BR021,Montreal Branch 21,Montreal,Quebec,Canada,Central,Retail,1,2015-07-06,2026-08-18
A00619,C00499,Savings,Deposit,Retail Banking,Deposit,1,Low,CAD,1,A,94050.48,2012-03-10,,BR019,Toronto Branch 19,Toronto,Ontario,Canada,Central,Retail,1,2012-03-10,2026-08-18
A00620,C00972,Line of Credit,Credit,Lending,Credit,1,Medium,CAD,1,CLOSED,3151.74,2022-08-18,2024-12-26,BR017,Calgary Branch 17,Calgary,Alberta,Canada,West,Retail,1,2022-08-18,2026-08-18
A00621,C00380,Checking,Deposit,Retail Banking,Deposit,0,Low,CAD,1,CLOSED,7530.24,2015-07-16,2018-03-19,BR020,Halifax Branch 20,Halifax,Nova Scotia,Canada,Atlantic,Retail,1,2015-07-16,2026-08-18
A00622,C01182,Checking,Deposit,Retail Banking,Deposit,0,Low,CAD,1,A,45768.42,2022-11-25,,BR011,Vancouver Branch 11,Vancouver,British Columbia,Canada,West,Retail,1,2022-11-25,2026-08-18
A00623,C01171,Line of Credit,Credit,Lending,Credit,1,Medium,CAD,1,ACTIVE,94040.81,2023-06-08,,BR022,Calgary Branch 22,Calgary,Alberta,Canada,West,Retail,1,2023-06-08,2026-08-18
A00624,C01050,CREDIT CARD,Credit,Cards,Credit,1,Medium,CAD,1,CLOSED,30531.05,2013-10-03,2021-03-18,BR001,Toronto Branch 1,Toronto,Ontario,Canada,Central,Retail,1,2013-10-03,2026-08-18
A00625,C00142,Credit Card,Credit,Cards,Credit,1,Medium,CAD,1,A,15433.22,2017-02-05,,BR019,Toronto Branch 19,Toronto,Ontario,Canada,Central,Retail,1,2017-02-05,2026-08-18
A00626,C00935,Credit Card,Credit,Cards,Credit,1,Medium,CAD,1,CLOSED,99315.33,2021-08-26,2023-04-05,BR019,Halifax Branch 19,Halifax,Nova Scotia,Canada,Atlantic,Retail,1,2021-08-26,2026-08-18
A00627,C00951,Credit Card,Credit,Cards,Credit,1,Medium,CAD,1,A,13598.19,2010-12-02,,BR018,Vancouver Branch 18,Vancouver,British Columbia,Canada,West,Retail,1,2010-12-02,2026-08-18
A00628,C00918,Line of Credit,Credit,Lending,Credit,1,Medium,CAD,1,CLOSED,39791.83,2019-09-22,2025-05-16,BR019,Montreal Branch 19,Montreal,Quebec,Canada,Central,Retail,1,2019-09-22,2026-08-18
A00629,C00874,Line of Credit,Credit,Lending,Credit,1,Medium,CAD,1,ACTIVE,38258.52,2012-07-27,,BR012,Montreal Branch 12,Montreal,Quebec,Canada,Central,Retail,1,2012-07-27,2026-08-18
A00630,C00452,SAVING,Deposit,Retail Banking,Deposit,1,Low,CAD,1,CLOSED,34976.83,2020-01-01,2022-10-27,BR023,Montreal Branch 23,Montreal,Quebec,Canada,Central,Retail,1,2020-01-01,2026-08-18
A00631,C00382,Line of Credit,Credit,Lending,Credit,1,Medium,CAD,1,CLOSED,56287.15,2011-10-24,2018-01-01,BR020,Toronto Branch 20,Toronto,Ontario,Canada,Central,Retail,1,2011-10-24,2026-08-18
A00632,C00457,Line of Credit,Credit,Lending,Credit,1,Medium,CAD,1,C,56715.63,2012-02-21,2015-04-21,BR013,Vancouver Branch 13,Vancouver,British Columbia,Canada,West,Retail,1,2012-02-21,2026-08-18
A00633,C00226,Credit Card,Credit,Cards,Credit,1,Medium,CAD,1,CLOSED,17514.25,2011-12-12,2012-03-16,BR012,Toronto Branch 12,Toronto,Ontario,Canada,Central,Retail,1,2011-12-12,2026-08-18
A00634,C00161,Checking,Deposit,Retail Banking,Deposit,0,Low,CAD,1,ACTIVE,42369.93,2015-08-14,,BR008,Calgary Branch 8,Calgary,Alberta,Canada,West,Retail,1,2015-08-14,2026-08-18
A00635,C00848,Credit Card,Credit,Cards,Credit,1,Medium,CAD,1,C,34542.43,2019-09-20,2024-03-18,BR010,Calgary Branch 10,Calgary,Alberta,Canada,West,Retail,1,2019-09-20,2026-08-18
A00636,C00528,Line of Credit,Credit,Lending,Credit,1,Medium,CAD,1,C,74405.57,2019-06-25,2022-11-02,BR010,Toronto Branch 10,Toronto,Ontario,Canada,Central,Retail,1,2019-06-25,2026-08-18
A00637,C00530,SAVING,Deposit,Retail Banking,Deposit,1,Low,CAD,1,ACTIVE,75174.64,2013-07-19,,BR008,Montreal Branch 8,Montreal,Quebec,Canada,Central,Retail,1,2013-07-19,2026-08-18
A00638,C01150,Credit Card,Credit,Cards,Credit,1,Medium,CAD,1,C,26011.33,2024-05-08,2025-07-31,BR017,Calgary Branch 17,Calgary,Alberta,Canada,West,Retail,1,2024-05-08,2026-08-18
A00639,C00977,Checking,Deposit,Retail Banking,Deposit,0,Low,CAD,1,C,41722.89,2017-01-19,2022-09-30,BR020,Toronto Branch 20,Toronto,Ontario,Canada,Central,Retail,1,2017-01-19,2026-08-18
A00640,C01170,Checking,Deposit,Retail Banking,Deposit,0,Low,CAD,1,ACTIVE,9912.94,2018-02-08,,BR001,Calgary Branch 1,Calgary,Alberta,Canada,West,Retail,1,2018-02-08,2026-08-18
A00641,C00089,Line of Credit,Credit,Lending,Credit,1,Medium,CAD,1,A,85972.34,2011-12-06,,BR025,Toronto Branch 25,Toronto,Ontario,Canada,Central,Retail,1,2011-12-06,2026-08-18
A00642,C00846,Line of Credit,Credit,Lending,Credit,1,Medium,CAD,1,ACTIVE,28350.07,2019-09-12,,BR023,Montreal Branch 23,Montreal,Quebec,Canada,Central,Retail,1,2019-09-12,2026-08-18
A00643,C00088,Credit Card,Credit,Cards,Credit,1,Medium,CAD,1,ACTIVE,3247.88,2025-10-05,,BR001,Montreal Branch 1,Montreal,Quebec,Canada,Central,Retail,1,2025-10-05,2026-08-18
A00644,C00458,Credit Card,Credit,Cards,Credit,1,Medium,CAD,1,A,14412.36,2023-05-13,,BR020,Montreal Branch 20,Montreal,Quebec,Canada,Central,Retail,1,2023-05-13,2026-08-18
A00645,C00418,Savings,Deposit,Retail Banking,Deposit,1,Low,CAD,1,C,13204.22,2014-12-28,2017-06-18,BR004,Halifax Branch 4,Halifax,Nova Scotia,Canada,Atlantic,Retail,1,2014-12-28,2026-08-18
A00646,C00966,Line of Credit,Credit,Lending,Credit,1,Medium,CAD,1,CLOSED,32742.12,2022-06-17,2023-08-10,BR011,Montreal Branch 11,Montreal,Quebec,Canada,Central,Retail,1,2022-06-17,2026-08-18
A00647,C00739,Savings,Deposit,Retail Banking,Deposit,1,Low,CAD,1,ACTIVE,94410.37,2023-02-19,,BR009,Calgary Branch 9,Calgary,Alberta,Canada,West,Retail,1,2023-02-19,2026-08-18
A00648,C00457,Credit Card,Credit,Cards,Credit,1,Medium,CAD,1,CLOSED,21739.37,2018-12-11,2023-05-17,BR003,Toronto Branch 3,Toronto,Ontario,Canada,Central,Retail,1,2018-12-11,2026-08-18
A00649,C00278,Credit Card,Credit,Cards,Credit,1,Medium,CAD,1,ACTIVE,82795.76,2016-05-06,,BR006,Halifax Branch 6,Halifax,Nova Scotia,Canada,Atlantic,Retail,1,2016-05-06,2026-08-18
A00650,C00221,Savings,Deposit,Retail Banking,Deposit,1,Low,CAD,1,C,26144.87,2016-05-15,2018-07-04,BR007,Toronto Branch 7,Toronto,Ontario,Canada,Central,Retail,1,2016-05-15,2026-08-18
A00651,C00812,SAVING,Deposit,Retail Banking,Deposit,1,Low,CAD,1,CLOSED,74015.88,2017-11-15,2023-08-12,BR022,Montreal Branch 22,Montreal,Quebec,Canada,Central,Retail,1,2017-11-15,2026-08-18
A00652,C00782,Savings,Deposit,Retail Banking,Deposit,1,Low,CAD,1,ACTIVE,56692.63,2020-12-23,,BR009,Halifax Branch 9,Halifax,Nova Scotia,Canada,Atlantic,Retail,1,2020-12-23,2026-08-18
A00653,C00954,Savings,Deposit,Retail Banking,Deposit,1,Low,CAD,1,CLOSED,88871.49,2012-11-22,2022-10-20,BR003,Toronto Branch 3,Toronto,Ontario,Canada,Central,Retail,1,2012-11-22,2026-08-18
A00654,C00751,Credit Card,Credit,Cards,Credit,1,Medium,CAD,1,C,15094.16,2011-05-07,2012-09-26,BR018,Toronto Branch 18,Toronto,Ontario,Canada,Central,Retail,1,2011-05-07,2026-08-18
A00655,C00919,Savings,Deposit,Retail Banking,Deposit,1,Low,CAD,1,C,38779.77,2015-09-20,2020-07-14,BR006,Toronto Branch 6,Toronto,Ontario,Canada,Central,Retail,1,2015-09-20,2026-08-18
A00656,C00020,Credit Card,Credit,Cards,Credit,1,Medium,CAD,1,ACTIVE,62172.65,2016-04-05,,BR008,Toronto Branch 8,Toronto,Ontario,Canada,Central,Retail,1,2016-04-05,2026-08-18
A00657,C00471,Checking,Deposit,Retail Banking,Deposit,0,Low,CAD,1,A,21160.39,2014-06-13,,BR001,Halifax Branch 1,Halifax,Nova Scotia,Canada,Atlantic,Retail,1,2014-06-13,2026-08-18
A00658,C00252,SAVING,Deposit,Retail Banking,Deposit,1,Low,CAD,1,CLOSED,6305.94,2016-05-14,2021-05-24,BR023,Toronto Branch 23,Toronto,Ontario,Canada,Central,Retail,1,2016-05-14,2026-08-18
A00659,C00712,Line of Credit,Credit,Lending,Credit,1,Medium,CAD,1,CLOSED,77478.53,2021-01-15,2021-12-01,BR020,Vancouver Branch 20,Vancouver,British Columbia,Canada,West,Retail,1,2021-01-15,2026-08-18
A00660,C00473,Credit Card,Credit,Cards,Credit,1,Medium,CAD,1,C,5133.03,2011-03-09,2015-12-28,BR006,Toronto Branch 6,Toronto,Ontario,Canada,Central,Retail,1,2011-03-09,2026-08-18
A00661,C00096,Credit Card,Credit,Cards,Credit,1,Medium,CAD,1,ACTIVE,26720.75,2015-04-01,,BR005,Vancouver Branch 5,Vancouver,British Columbia,Canada,West,Retail,1,2015-04-01,2026-08-18
A00662,C00334,Checking,Deposit,Retail Banking,Deposit,0,Low,CAD,1,A,8632.13,2019-08-03,,BR023,Calgary Branch 23,Calgary,Alberta,Canada,West,Retail,1,2019-08-03,2026-08-18
A00663,C00848,Checking,Deposit,Retail Banking,Deposit,0,Low,CAD,1,A,43654.33,2019-01-12,,BR024,Toronto Branch 24,Toronto,Ontario,Canada,Central,Retail,1,2019-01-12,2026-08-18
A00664,C01015,Credit Card,Credit,Cards,Credit,1,Medium,CAD,1,A,83085.55,2024-12-25,,BR016,Calgary Branch 16,Calgary,Alberta,Canada,West,Retail,1,2024-12-25,2026-08-18
A00665,C00792,Credit Card,Credit,Cards,Credit,1,Medium,CAD,1,ACTIVE,92528.76,2023-02-20,,BR002,Montreal Branch 2,Montreal,Quebec,Canada,Central,Retail,1,2023-02-20,2026-08-18
A00666,C00304,Credit Card,Credit,Cards,Credit,1,Medium,CAD,1,CLOSED,78756.29,2017-09-28,2019-07-21,BR016,Calgary Branch 16,Calgary,Alberta,Canada,West,Retail,1,2017-09-28,2026-08-18
A00667,C00703,Credit Card,Credit,Cards,Credit,1,Medium,CAD,1,C,3530.38,2012-03-05,2025-09-08,BR019,Calgary Branch 19,Calgary,Alberta,Canada,West,Retail,1,2012-03-05,2026-08-18
A00668,C00511,Line of Credit,Credit,Lending,Credit,1,Medium,CAD,1,ACTIVE,94689.01,2019-12-09,,BR016,Vancouver Branch 16,Vancouver,British Columbia,Canada,West,Retail,1,2019-12-09,2026-08-18
A00669,C00245,Checking,Deposit,Retail Banking,Deposit,0,Low,CAD,1,ACTIVE,7995.9,2012-03-04,,BR002,Vancouver Branch 2,Vancouver,British Columbia,Canada,West,Retail,1,2012-03-04,2026-08-18
A00670,C00103,Line of Credit,Credit,Lending,Credit,1,Medium,CAD,1,C,41300.83,2011-04-23,2023-10-15,BR024,Calgary Branch 24,Calgary,Alberta,Canada,West,Retail,1,2011-04-23,2026-08-18
A00671,C00462,Savings,Deposit,Retail Banking,Deposit,1,Low,CAD,1,A,,2011-08-10,,BR021,Vancouver Branch 21,Vancouver,British Columbia,Canada,West,Retail,1,2011-08-10,2026-08-18
A00672,C00225,Checking,Deposit,Retail Banking,Deposit,0,Low,CAD,1,C,17409.38,2013-10-20,2021-11-04,BR011,Montreal Branch 11,Montreal,Quebec,Canada,Central,Retail,1,2013-10-20,2026-08-18
A00673,C00452,Line of Credit,Credit,Lending,Credit,1,Medium,CAD,1,CLOSED,74718.05,2015-03-05,2023-12-14,BR008,Halifax Branch 8,Halifax,Nova Scotia,Canada,Atlantic,Retail,1,2015-03-05,2026-08-18
A00674,C00361,Line of Credit,Credit,Lending,Credit,1,Medium,CAD,1,C,14006.37,2015-01-12,2018-06-20,BR013,Toronto Branch 13,Toronto,Ontario,Canada,Central,Retail,1,2015-01-12,2026-08-18
A00675,C00004,Line of Credit,Credit,Lending,Credit,1,Medium,CAD,1,CLOSED,90831.55,2018-10-21,2021-01-15,BR024,Montreal Branch 24,Montreal,Quebec,Canada,Central,Retail,1,2018-10-21,2026-08-18
A00676,C01023,Checking,Deposit,Retail Banking,Deposit,0,Low,CAD,1,CLOSED,30125.69,2019-05-10,2019-08-23,BR017,Toronto Branch 17,Toronto,Ontario,Canada,Central,Retail,1,2019-05-10,2026-08-18
A00677,C00774,Credit Card,Credit,Cards,Credit,1,Medium,CAD,1,ACTIVE,537.6,2018-08-01,,BR012,Halifax Branch 12,Halifax,Nova Scotia,Canada,Atlantic,Retail,1,2018-08-01,2026-08-18
A00678,C00373,Credit Card,Credit,Cards,Credit,1,Medium,CAD,1,CLOSED,25366.56,2020-04-26,2025-12-21,BR023,Halifax Branch 23,Halifax,Nova Scotia,Canada,Atlantic,Retail,1,2020-04-26,2026-08-18
A00679,C00927,Line of Credit,Credit,Lending,Credit,1,Medium,CAD,1,C,22933.73,2016-03-20,2020-12-10,BR006,Vancouver Branch 6,Vancouver,British Columbia,Canada,West,Retail,1,2016-03-20,2026-08-18
A00680,C00165,Line of Credit,Credit,Lending,Credit,1,Medium,CAD,1,C,14937.9,2020-03-06,2026-08-15,BR014,Vancouver Branch 14,Vancouver,British Columbia,Canada,West,Retail,1,2020-03-06,2026-08-18
A00681,C01173,Line of Credit,Credit,Lending,Credit,1,Medium,CAD,1,ACTIVE,2291.58,2012-03-26,,BR012,Montreal Branch 12,Montreal,Quebec,Canada,Central,Retail,1,2012-03-26,2026-08-18
A00682,C00651,CHEQUING,Deposit,Retail Banking,Deposit,0,Low,CAD,1,C,21445.81,2019-02-03,2023-10-11,BR005,Toronto Branch 5,Toronto,Ontario,Canada,Central,Retail,1,2019-02-03,2026-08-18
A00683,C00316,Credit Card,Credit,Cards,Credit,1,Medium,CAD,1,ACTIVE,46058.87,2022-04-14,,BR024,Calgary Branch 24,Calgary,Alberta,Canada,West,Retail,1,2022-04-14,2026-08-18
A00684,C00156,Line of Credit,Credit,Lending,Credit,1,Medium,CAD,1,ACTIVE,3795.91,2019-11-25,,BR013,Toronto Branch 13,Toronto,Ontario,Canada,Central,Retail,1,2019-11-25,2026-08-18
A00685,C00220,Credit Card,Credit,Cards,Credit,1,Medium,CAD,1,C,19050.44,2010-11-22,2013-02-24,BR024,Montreal Branch 24,Montreal,Quebec,Canada,Central,Retail,1,2010-11-22,2026-08-18
A00686,C00132,Checking,Deposit,Retail Banking,Deposit,0,Low,CAD,1,ACTIVE,70289.43,2011-01-09,,BR006,Calgary Branch 6,Calgary,Alberta,Canada,West,Retail,1,2011-01-09,2026-08-18
A00687,C00607,Savings,Deposit,Retail Banking,Deposit,1,Low,CAD,1,ACTIVE,78102.15,2014-02-27,,BR012,Toronto Branch 12,Toronto,Ontario,Canada,Central,Retail,1,2014-02-27,2026-08-18
A00688,C00018,Savings,Deposit,Retail Banking,Deposit,1,Low,CAD,1,CLOSED,99139.11,2014-07-18,2025-10-29,BR010,Montreal Branch 10,Montreal,Quebec,Canada,Central,Retail,1,2014-07-18,2026-08-18
A00689,C00634,Savings,Deposit,Retail Banking,Deposit,1,Low,CAD,1,C,53491.99,2013-09-11,2026-04-02,BR013,Calgary Branch 13,Calgary,Alberta,Canada,West,Retail,1,2013-09-11,2026-08-18
A00690,C01020,Credit Card,Credit,Cards,Credit,1,Medium,CAD,1,CLOSED,56786.73,2010-01-26,2014-02-19,BR017,Toronto Branch 17,Toronto,Ontario,Canada,Central,Retail,1,2010-01-26,2026-08-18
A00691,C00795,Line of Credit,Credit,Lending,Credit,1,Medium,CAD,1,C,32392.87,2025-04-27,2026-02-17,BR024,Calgary Branch 24,Calgary,Alberta,Canada,West,Retail,1,2025-04-27,2026-08-18
,C00265,Line of Credit,Credit,Lending,Credit,1,Medium,CAD,1,A,59377.23,2022-12-10,,BR024,Montreal Branch 24,Montreal,Quebec,Canada,Central,Retail,1,2022-12-10,2026-08-18
A00693,C00297,CHEQUING,Deposit,Retail Banking,Deposit,0,Low,CAD,1,ACTIVE,71343.33,2015-02-20,,BR014,Montreal Branch 14,Montreal,Quebec,Canada,Central,Retail,1,2015-02-20,2026-08-18
A00694,C00335,Checking,Deposit,Retail Banking,Deposit,0,Low,CAD,1,C,5928.37,2016-03-01,2023-12-26,BR010,Halifax Branch 10,Halifax,Nova Scotia,Canada,Atlantic,Retail,1,2016-03-01,2026-08-18
A00695,C00230,Credit Card,Credit,Cards,Credit,1,Medium,CAD,1,CLOSED,91662.18,2016-02-10,2021-12-03,BR019,Calgary Branch 19,Calgary,Alberta,Canada,West,Retail,1,2016-02-10,2026-08-18
A00696,C00569,Savings,Deposit,Retail Banking,Deposit,1,Low,CAD,1,CLOSED,60745.74,2024-03-27,2025-12-19,BR020,Vancouver Branch 20,Vancouver,British Columbia,Canada,West,Retail,1,2024-03-27,2026-08-18
A00697,C00865,Savings,Deposit,Retail Banking,Deposit,1,Low,CAD,1,A,5229.81,2016-02-24,,BR014,Toronto Branch 14,Toronto,Ontario,Canada,Central,Retail,1,2016-02-24,2026-08-18
A00698,C00331,Line of Credit,Credit,Lending,Credit,1,Medium,CAD,1,A,40.96,2015-12-01,,BR007,Halifax Branch 7,Halifax,Nova Scotia,Canada,Atlantic,Retail,1,2015-12-01,2026-08-18
A00699,C00096,Credit Card,Credit,Cards,Credit,1,Medium,CAD,1,A,-113.19,2022-04-28,,BR021,Toronto Branch 21,Toronto,Ontario,Canada,Central,Retail,1,2022-04-28,2026-08-18
A00700,C00728,Credit Card,Credit,Cards,Credit,1,Medium,CAD,1,ACTIVE,54758.25,2018-04-17,,BR001,Toronto Branch 1,Toronto,Ontario,Canada,Central,Retail,1,2018-04-17,2026-08-18
A00701,C01094,Checking,Deposit,Retail Banking,Deposit,0,Low,CAD,1,A,5493.95,2015-11-25,,BR013,Vancouver Branch 13,Vancouver,British Columbia,Canada,West,Retail,1,2015-11-25,2026-08-18
A00702,C00424,Line of Credit,Credit,Lending,Credit,1,Medium,CAD,1,ACTIVE,17319.7,2024-07-08,,BR018,Toronto Branch 18,Toronto,Ontario,Canada,Central,Retail,1,2024-07-08,2026-08-18
A00703,C00234,Line of Credit,Credit,Lending,Credit,1,Medium,CAD,1,A,50318.65,2016-08-14,,BR021,Toronto Branch 21,Toronto,Ontario,Canada,Central,Retail,1,2016-08-14,2026-08-18
A00704,C00223,Line of Credit,Credit,Lending,Credit,1,Medium,CAD,1,ACTIVE,43122.37,2022-08-04,,BR010,Toronto Branch 10,Toronto,Ontario,Canada,Central,Retail,1,2022-08-04,2026-08-18
A00705,C00313,Savings,Deposit,Retail Banking,Deposit,1,Low,CAD,1,ACTIVE,19713.07,2016-03-22,,BR008,Halifax Branch 8,Halifax,Nova Scotia,Canada,Atlantic,Retail,1,2016-03-22,2026-08-18
A00706,C01083,Savings,Deposit,Retail Banking,Deposit,1,Low,CAD,1,CLOSED,59808.71,2017-06-06,2025-10-11,BR003,Calgary Branch 3,Calgary,Alberta,Canada,West,Retail,1,2017-06-06,2026-08-18
A00707,C00866,Line of Credit,Credit,Lending,Credit,1,Medium,CAD,1,CLOSED,9044.68,2010-07-16,2019-04-09,BR002,Montreal Branch 2,Montreal,Quebec,Canada,Central,Retail,1,2010-07-16,2026-08-18
A00708,C00507,Credit Card,Credit,Cards,Credit,1,Medium,CAD,1,A,85558.21,2015-01-21,,BR009,Calgary Branch 9,Calgary,Alberta,Canada,West,Retail,1,2015-01-21,2026-08-18
A00709,C00227,Savings,Deposit,Retail Banking,Deposit,1,Low,CAD,1,CLOSED,11236.28,2014-08-20,2023-11-27,BR017,Calgary Branch 17,Calgary,Alberta,Canada,West,Retail,1,2014-08-20,2026-08-18
A00710,C00717,Credit Card,Credit,Cards,Credit,1,Medium,CAD,1,ACTIVE,53872.29,2023-10-28,,BR010,Calgary Branch 10,Calgary,Alberta,Canada,West,Retail,1,2023-10-28,2026-08-18
A00711,C00755,Line of Credit,Credit,Lending,Credit,1,Medium,CAD,1,ACTIVE,70000.27,2010-12-27,,BR013,Toronto Branch 13,Toronto,Ontario,Canada,Central,Retail,1,2010-12-27,2026-08-18
A00712,C00663,Line of Credit,Credit,Lending,Credit,1,Medium,CAD,1,C,82858.02,2022-03-20,2025-07-09,BR005,Calgary Branch 5,Calgary,Alberta,Canada,West,Retail,1,2022-03-20,2026-08-18
A00713,C00559,Line of Credit,Credit,Lending,Credit,1,Medium,CAD,1,ACTIVE,34014.57,2019-10-17,,BR008,Toronto Branch 8,Toronto,Ontario,Canada,Central,Retail,1,2019-10-17,2026-08-18
A00714,C00047,Line of Credit,Credit,Lending,Credit,1,Medium,CAD,1,ACTIVE,57722.82,2024-12-10,,BR020,Halifax Branch 20,Halifax,Nova Scotia,Canada,Atlantic,Retail,1,2024-12-10,2026-08-18
A00715,C00129,Line of Credit,Credit,Lending,Credit,1,Medium,CAD,1,CLOSED,58821.7,2025-03-25,2025-11-26,BR010,Montreal Branch 10,Montreal,Quebec,Canada,Central,Retail,1,2025-03-25,2026-08-18
A00716,C00937,Line of Credit,Credit,Lending,Credit,1,Medium,CAD,1,A,55101.2,2022-08-01,,BR020,Calgary Branch 20,Calgary,Alberta,Canada,West,Retail,1,2022-08-01,2026-08-18
A00717,C00397,Credit Card,Credit,Cards,Credit,1,Medium,CAD,1,C,27217.86,2018-09-12,2023-04-30,BR017,Vancouver Branch 17,Vancouver,British Columbia,Canada,West,Retail,1,2018-09-12,2026-08-18
A00718,C00704,Credit Card,Credit,Cards,Credit,1,Medium,CAD,1,C,51658.25,2023-08-08,2026-04-02,BR021,Halifax Branch 21,Halifax,Nova Scotia,Canada,Atlantic,Retail,1,2023-08-08,2026-08-18
A00719,C00021,Checking,Deposit,Retail Banking,Deposit,0,Low,CAD,1,A,26154.72,2013-07-10,,BR011,Vancouver Branch 11,Vancouver,British Columbia,Canada,West,Retail,1,2013-07-10,2026-08-18
A00720,C00336,Checking,Deposit,Retail Banking,Deposit,0,Low,CAD,1,ACTIVE,11385.89,2022-01-11,,BR002,Calgary Branch 2,Calgary,Alberta,Canada,West,Retail,1,2022-01-11,2026-08-18
A00721,C00038,Line of Credit,Credit,Lending,Credit,1,Medium,CAD,1,CLOSED,55064.13,2024-01-13,2024-12-04,BR002,Toronto Branch 2,Toronto,Ontario,Canada,Central,Retail,1,2024-01-13,2026-08-18
A00722,C01140,Checking,Deposit,Retail Banking,Deposit,0,Low,CAD,1,A,76902.33,2018-06-17,,BR001,Montreal Branch 1,Montreal,Quebec,Canada,Central,Retail,1,2018-06-17,2026-08-18
A00723,C00971,Checking,Deposit,Retail Banking,Deposit,0,Low,CAD,1,ACTIVE,61694.86,2020-08-10,,BR024,Halifax Branch 24,Halifax,Nova Scotia,Canada,Atlantic,Retail,1,2020-08-10,2026-08-18
A00724,C00759,Credit Card,Credit,Cards,Credit,1,Medium,CAD,1,ACTIVE,964.17,2021-07-28,,BR015,Halifax Branch 15,Halifax,Nova Scotia,Canada,Atlantic,Retail,1,2021-07-28,2026-08-18
A00725,C00826,Savings,Deposit,Retail Banking,Deposit,1,Low,CAD,1,C,38732.92,2010-04-02,2026-06-26,BR022,Halifax Branch 22,Halifax,Nova Scotia,Canada,Atlantic,Retail,1,2010-04-02,2026-08-18
A00726,C00794,Savings,Deposit,Retail Banking,Deposit,1,Low,CAD,1,A,91071.63,2021-11-07,,BR012,Calgary Branch 12,Calgary,Alberta,Canada,West,Retail,1,2021-11-07,2026-08-18
A00727,C00885,Credit Card,Credit,Cards,Credit,1,Medium,CAD,1,CLOSED,66329.13,2018-10-07,2024-12-01,BR010,Halifax Branch 10,Halifax,Nova Scotia,Canada,Atlantic,Retail,1,2018-10-07,2026-08-18
A00728,C00967,Line of Credit,Credit,Lending,Credit,1,Medium,CAD,1,CLOSED,65189.58,2011-09-25,2012-04-01,BR017,Calgary Branch 17,Calgary,Alberta,Canada,West,Retail,1,2011-09-25,2026-08-18
A00729,C00252,Checking,Deposit,Retail Banking,Deposit,0,Low,CAD,1,ACTIVE,42486.54,2011-01-04,,BR023,Vancouver Branch 23,Vancouver,British Columbia,Canada,West,Retail,1,2011-01-04,2026-08-18
A00730,C00806,Savings,Deposit,Retail Banking,Deposit,1,Low,CAD,1,C,59946.02,2018-05-10,2019-11-29,BR002,Toronto Branch 2,Toronto,Ontario,Canada,Central,Retail,1,2018-05-10,2026-08-18
A00731,C00774,Line of Credit,Credit,Lending,Credit,1,Medium,CAD,1,CLOSED,16065.89,2020-07-18,2024-10-27,BR002,Montreal Branch 2,Montreal,Quebec,Canada,Central,Retail,1,2020-07-18,2026-08-18
A00732,C00646,Checking,Deposit,Retail Banking,Deposit,0,Low,CAD,1,CLOSED,,2013-06-12,2024-03-29,BR005,Toronto Branch 5,Toronto,Ontario,Canada,Central,Retail,1,2013-06-12,2026-08-18
A00733,C00604,Line of Credit,Credit,Lending,Credit,1,Medium,CAD,1,A,32844.41,2015-03-04,,BR007,Toronto Branch 7,Toronto,Ontario,Canada,Central,Retail,1,2015-03-04,2026-08-18
A00734,C00667,Line of Credit,Credit,Lending,Credit,1,Medium,CAD,1,CLOSED,30009.19,2018-08-10,2023-01-18,BR010,Halifax Branch 10,Halifax,Nova Scotia,Canada,Atlantic,Retail,1,2018-08-10,2026-08-18
A00735,C01095,Credit Card,Credit,Cards,Credit,1,Medium,CAD,1,C,9187.08,2017-10-14,2019-10-13,BR008,Calgary Branch 8,Calgary,Alberta,Canada,West,Retail,1,2017-10-14,2026-08-18
A00736,C00683,Checking,Deposit,Retail Banking,Deposit,0,Low,CAD,1,A,96929.64,2010-08-27,,BR010,Montreal Branch 10,Montreal,Quebec,Canada,Central,Retail,1,2010-08-27,2026-08-18
A00737,C00808,Credit Card,Credit,Cards,Credit,1,Medium,CAD,1,A,-165.91,2013-03-23,,BR008,Toronto Branch 8,Toronto,Ontario,Canada,Central,Retail,1,2013-03-23,2026-08-18
A00738,C00294,Checking,Deposit,Retail Banking,Deposit,0,Low,CAD,1,CLOSED,92275.14,2012-02-23,2017-07-16,BR021,Toronto Branch 21,Toronto,Ontario,Canada,Central,Retail,1,2012-02-23,2026-08-18
A00739,C00505,Line of Credit,Credit,Lending,Credit,1,Medium,CAD,1,C,64075.07,2015-07-25,2021-08-27,BR024,Vancouver Branch 24,Vancouver,British Columbia,Canada,West,Retail,1,2015-07-25,2026-08-18
A00740,C01197,Credit Card,Credit,Cards,Credit,1,Medium,CAD,1,C,32134.76,2020-12-22,2024-02-29,BR006,Calgary Branch 6,Calgary,Alberta,Canada,West,Retail,1,2020-12-22,2026-08-18
A00741,C00672,CREDIT CARD,Credit,Cards,Credit,1,Medium,CAD,1,C,40311.06,2021-03-23,2021-11-15,BR017,Toronto Branch 17,Toronto,Ontario,Canada,Central,Retail,1,2021-03-23,2026-08-18
A00742,C01084,Line of Credit,Credit,Lending,Credit,1,Medium,CAD,1,A,33266.82,2012-08-03,,BR002,Montreal Branch 2,Montreal,Quebec,Canada,Central,Retail,1,2012-08-03,2026-08-18
A00743,C00966,Savings,Deposit,Retail Banking,Deposit,1,Low,CAD,1,C,45137.86,2019-10-03,2024-11-10,BR009,Montreal Branch 9,Montreal,Quebec,Canada,Central,Retail,1,2019-10-03,2026-08-18
A00744,C00606,Checking,Deposit,Retail Banking,Deposit,0,Low,CAD,1,ACTIVE,29405.09,2016-06-25,,BR017,Montreal Branch 17,Montreal,Quebec,Canada,Central,Retail,1,2016-06-25,2026-08-18
A00745,C00593,Savings,Deposit,Retail Banking,Deposit,1,Low,CAD,1,C,45675.96,2030-01-01,2026-05-10,BR009,Vancouver Branch 9,Vancouver,British Columbia,Canada,West,Retail,1,2030-01-01,2026-08-18
A00746,C01086,Checking,Deposit,Retail Banking,Deposit,0,Low,CAD,1,A,21835.68,2020-04-16,,BR004,Halifax Branch 4,Halifax,Nova Scotia,Canada,Atlantic,Retail,1,2020-04-16,2026-08-18
A00747,C01068,Checking,Deposit,Retail Banking,Deposit,0,Low,CAD,1,ACTIVE,23584.42,2012-02-23,,BR021,Vancouver Branch 21,Vancouver,British Columbia,Canada,West,Retail,1,2012-02-23,2026-08-18
A00748,C00140,CHEQUING,Deposit,Retail Banking,Deposit,0,Low,CAD,1,ACTIVE,81114.55,2011-09-16,,BR018,Vancouver Branch 18,Vancouver,British Columbia,Canada,West,Retail,1,2011-09-16,2026-08-18
A00749,C00891,Credit Card,Credit,Cards,Credit,1,Medium,CAD,1,ACTIVE,469.09,2025-09-16,,BR018,Toronto Branch 18,Toronto,Ontario,Canada,Central,Retail,1,2025-09-16,2026-08-18
A00750,C00837,Checking,Deposit,Retail Banking,Deposit,0,Low,CAD,1,A,44239.62,2012-06-06,,BR010,Montreal Branch 10,Montreal,Quebec,Canada,Central,Retail,1,2012-06-06,2026-08-18
A00751,C00220,Credit Card,Credit,Cards,Credit,1,Medium,CAD,1,CLOSED,9703.48,2020-12-08,2021-07-30,BR019,Toronto Branch 19,Toronto,Ontario,Canada,Central,Retail,1,2020-12-08,2026-08-18
A00752,C00982,Credit Card,Credit,Cards,Credit,1,Medium,CAD,1,C,37842.35,2025-04-10,2026-07-29,BR003,Vancouver Branch 3,Vancouver,British Columbia,Canada,West,Retail,1,2025-04-10,2026-08-18
A00753,C00460,Line of Credit,Credit,Lending,Credit,1,Medium,CAD,1,CLOSED,93180.31,2015-10-26,2022-07-02,BR010,Vancouver Branch 10,Vancouver,British Columbia,Canada,West,Retail,1,2015-10-26,2026-08-18
A00754,C00537,Checking,Deposit,Retail Banking,Deposit,0,Low,CAD,1,C,62725.05,2014-10-20,2023-04-26,BR014,Vancouver Branch 14,Vancouver,British Columbia,Canada,West,Retail,1,2014-10-20,2026-08-18
A00755,C01135,Credit Card,Credit,Cards,Credit,1,Medium,CAD,1,A,4346.53,2010-12-02,,BR020,Halifax Branch 20,Halifax,Nova Scotia,Canada,Atlantic,Retail,1,2010-12-02,2026-08-18
A00756,C00698,Credit Card,Credit,Cards,Credit,1,Medium,CAD,1,ACTIVE,83182.36,2017-10-01,,BR022,Vancouver Branch 22,Vancouver,British Columbia,Canada,West,Retail,1,2017-10-01,2026-08-18
A00757,C00349,Checking,Deposit,Retail Banking,Deposit,0,Low,CAD,1,CLOSED,28696.19,2012-09-20,2024-07-05,BR010,Halifax Branch 10,Halifax,Nova Scotia,Canada,Atlantic,Retail,1,2012-09-20,2026-08-18
A00758,C00938,Credit Card,Credit,Cards,Credit,1,Medium,CAD,1,C,74983.8,2018-12-17,2025-12-26,BR022,Vancouver Branch 22,Vancouver,British Columbia,Canada,West,Retail,1,2018-12-17,2026-08-18
A00759,C00714,Credit Card,Credit,Cards,Credit,1,Medium,CAD,1,CLOSED,63328.5,2015-09-12,2019-06-18,BR019,Vancouver Branch 19,Vancouver,British Columbia,Canada,West,Retail,1,2015-09-12,2026-08-18
A00760,C01196,Checking,Deposit,Retail Banking,Deposit,0,Low,CAD,1,ACTIVE,13917.65,2013-10-02,,BR015,Calgary Branch 15,Calgary,Alberta,Canada,West,Retail,1,2013-10-02,2026-08-18
A00761,C00168,Line of Credit,Credit,Lending,Credit,1,Medium,CAD,1,ACTIVE,63749.42,2012-03-10,,BR015,Calgary Branch 15,Calgary,Alberta,Canada,West,Retail,1,2012-03-10,2026-08-18
A00762,C00545,Line of Credit,Credit,Lending,Credit,1,Medium,CAD,1,C,92506.77,2020-10-17,2023-10-27,BR004,Halifax Branch 4,Halifax,Nova Scotia,Canada,Atlantic,Retail,1,2020-10-17,2026-08-18
A00763,C00446,Checking,Deposit,Retail Banking,Deposit,0,Low,CAD,1,CLOSED,10033.52,2025-03-17,2026-01-08,BR006,Vancouver Branch 6,Vancouver,British Columbia,Canada,West,Retail,1,2025-03-17,2026-08-18
A00764,C00504,Savings,Deposit,Retail Banking,Deposit,1,Low,CAD,1,A,77423.75,2020-07-28,,BR019,Toronto Branch 19,Toronto,Ontario,Canada,Central,Retail,1,2020-07-28,2026-08-18
A00765,C01174,Line of Credit,Credit,Lending,Credit,1,Medium,CAD,1,A,88694.55,2012-05-11,,BR001,Calgary Branch 1,Calgary,Alberta,Canada,West,Retail,1,2012-05-11,2026-08-18
A00766,C01148,Checking,Deposit,Retail Banking,Deposit,0,Low,CAD,1,A,36725.86,2024-08-19,,BR005,Halifax Branch 5,Halifax,Nova Scotia,Canada,Atlantic,Retail,1,2024-08-19,2026-08-18
A00767,C00642,Line of Credit,Credit,Lending,Credit,1,Medium,CAD,1,C,62614.42,2016-04-27,2017-05-28,BR022,Vancouver Branch 22,Vancouver,British Columbia,Canada,West,Retail,1,2016-04-27,2026-08-18
A00768,C00041,Savings,Deposit,Retail Banking,Deposit,1,Low,CAD,1,ACTIVE,12216.92,2010-11-11,,BR013,Vancouver Branch 13,Vancouver,British Columbia,Canada,West,Retail,1,2010-11-11,2026-08-18
A00769,C00258,Savings,Deposit,Retail Banking,Deposit,1,Low,CAD,1,A,24486.29,2017-10-03,,BR018,Halifax Branch 18,Halifax,Nova Scotia,Canada,Atlantic,Retail,1,2017-10-03,2026-08-18
A00770,C00874,Line of Credit,Credit,Lending,Credit,1,Medium,CAD,1,C,11686.89,2014-11-28,2022-10-30,BR024,Montreal Branch 24,Montreal,Quebec,Canada,Central,Retail,1,2014-11-28,2026-08-18
A00771,C00252,Savings,Deposit,Retail Banking,Deposit,1,Low,CAD,1,C,79658.91,2011-12-17,2024-01-15,BR017,Calgary Branch 17,Calgary,Alberta,Canada,West,Retail,1,2011-12-17,2026-08-18
A00772,C00821,Savings,Deposit,Retail Banking,Deposit,1,Low,CAD,1,C,71320.68,2020-01-05,2022-06-22,BR007,Montreal Branch 7,Montreal,Quebec,Canada,Central,Retail,1,2020-01-05,2026-08-18
A00773,C00445,Savings,Deposit,Retail Banking,Deposit,1,Low,CAD,1,CLOSED,91458.77,2025-04-13,2025-07-23,BR003,Montreal Branch 3,Montreal,Quebec,Canada,Central,Retail,1,2025-04-13,2026-08-18
A00774,C00124,Credit Card,Credit,Cards,Credit,1,Medium,CAD,1,ACTIVE,34999.6,2022-10-08,,BR020,Calgary Branch 20,Calgary,Alberta,Canada,West,Retail,1,2022-10-08,2026-08-18
A00775,C00177,Savings,Deposit,Retail Banking,Deposit,1,Low,CAD,1,C,44761.46,2020-07-03,2023-11-10,BR008,Montreal Branch 8,Montreal,Quebec,Canada,Central,Retail,1,2020-07-03,2026-08-18
A00776,C00237,Credit Card,Credit,Cards,Credit,1,Medium,CAD,1,CLOSED,18186.71,2022-04-19,2025-07-25,BR012,Vancouver Branch 12,Vancouver,British Columbia,Canada,West,Retail,1,2022-04-19,2026-08-18
A00777,C00492,SAVING,Deposit,Retail Banking,Deposit,1,Low,CAD,1,A,65832.48,2019-04-13,,BR017,Vancouver Branch 17,Vancouver,British Columbia,Canada,West,Retail,1,2019-04-13,2026-08-18
A00778,C00775,Line of Credit,Credit,Lending,Credit,1,Medium,CAD,1,ACTIVE,54242.58,2015-08-01,,BR014,Vancouver Branch 14,Vancouver,British Columbia,Canada,West,Retail,1,2015-08-01,2026-08-18
A00779,C00523,Line of Credit,Credit,Lending,Credit,1,Medium,CAD,1,ACTIVE,51884.62,2020-04-10,,BR013,Halifax Branch 13,Halifax,Nova Scotia,Canada,Atlantic,Retail,1,2020-04-10,2026-08-18
A00780,C00946,CREDIT CARD,Credit,Cards,Credit,1,Medium,CAD,1,A,62156.91,2023-02-02,,BR023,Halifax Branch 23,Halifax,Nova Scotia,Canada,Atlantic,Retail,1,2023-02-02,2026-08-18
A00781,C00765,Credit Card,Credit,Cards,Credit,1,Medium,CAD,1,C,82737.67,2020-09-28,2025-06-01,BR002,Toronto Branch 2,Toronto,Ontario,Canada,Central,Retail,1,2020-09-28,2026-08-18
A00782,C00017,Savings,Deposit,Retail Banking,Deposit,1,Low,CAD,1,A,13104.58,2016-11-18,,BR007,Halifax Branch 7,Halifax,Nova Scotia,Canada,Atlantic,Retail,1,2016-11-18,2026-08-18
A00783,C00210,Credit Card,Credit,Cards,Credit,1,Medium,CAD,1,CLOSED,93329.51,2025-07-07,2025-10-13,BR017,Toronto Branch 17,Toronto,Ontario,Canada,Central,Retail,1,2025-07-07,2026-08-18
A00784,C00045,Credit Card,Credit,Cards,Credit,1,Medium,CAD,1,ACTIVE,58993.76,2018-08-04,,BR007,Montreal Branch 7,Montreal,Quebec,Canada,Central,Retail,1,2018-08-04,2026-08-18
A00785,C00008,Line of Credit,Credit,Lending,Credit,1,Medium,CAD,1,CLOSED,69364.84,2011-07-16,2017-06-14,BR022,Calgary Branch 22,Calgary,Alberta,Canada,West,Retail,1,2011-07-16,2026-08-18
A00786,C00719,Checking,Deposit,Retail Banking,Deposit,0,Low,CAD,1,CLOSED,87052.46,2018-10-17,2021-11-24,BR025,Toronto Branch 25,Toronto,Ontario,Canada,Central,Retail,1,2018-10-17,2026-08-18
A00787,C00929,Savings,Deposit,Retail Banking,Deposit,1,Low,CAD,1,CLOSED,84508.76,2020-09-24,2022-05-03,BR004,Toronto Branch 4,Toronto,Ontario,Canada,Central,Retail,1,2020-09-24,2026-08-18
A00788,C00786,Credit Card,Credit,Cards,Credit,1,Medium,CAD,1,A,78778.04,2010-11-14,,BR025,Toronto Branch 25,Toronto,Ontario,Canada,Central,Retail,1,2010-11-14,2026-08-18
A00789,C01124,Credit Card,Credit,Cards,Credit,1,Medium,CAD,1,A,50479.34,2016-05-07,,BR007,Halifax Branch 7,Halifax,Nova Scotia,Canada,Atlantic,Retail,1,2016-05-07,2026-08-18
A00790,C00973,Line of Credit,Credit,Lending,Credit,1,Medium,CAD,1,ACTIVE,21052.13,2021-09-08,,BR010,Vancouver Branch 10,Vancouver,British Columbia,Canada,West,Retail,1,2021-09-08,2026-08-18
A00791,C00231,Line of Credit,Credit,Lending,Credit,1,Medium,CAD,1,A,60306.81,2018-02-08,,BR020,Halifax Branch 20,Halifax,Nova Scotia,Canada,Atlantic,Retail,1,2018-02-08,2026-08-18
A00792,C00542,Credit Card,Credit,Cards,Credit,1,Medium,CAD,1,ACTIVE,39287.75,2023-01-06,,BR012,Toronto Branch 12,Toronto,Ontario,Canada,Central,Retail,1,2023-01-06,2026-08-18
A00793,C00175,Checking,Deposit,Retail Banking,Deposit,0,Low,CAD,1,ACTIVE,,2018-02-21,,BR008,Halifax Branch 8,Halifax,Nova Scotia,Canada,Atlantic,Retail,1,2018-02-21,2026-08-18
A00794,C00136,Savings,Deposit,Retail Banking,Deposit,1,Low,CAD,1,A,26487.36,2024-08-05,,BR009,Montreal Branch 9,Montreal,Quebec,Canada,Central,Retail,1,2024-08-05,2026-08-18
A00795,C00555,Savings,Deposit,Retail Banking,Deposit,1,Low,CAD,1,C,56285.13,2025-12-19,2026-02-12,BR006,Halifax Branch 6,Halifax,Nova Scotia,Canada,Atlantic,Retail,1,2025-12-19,2026-08-18
A00796,C00296,Credit Card,Credit,Cards,Credit,1,Medium,CAD,1,CLOSED,30611.42,2012-01-20,2025-12-14,BR021,Toronto Branch 21,Toronto,Ontario,Canada,Central,Retail,1,2012-01-20,2026-08-18
A00797,C01177,Checking,Deposit,Retail Banking,Deposit,0,Low,CAD,1,CLOSED,74313.08,2024-01-19,2024-07-21,BR009,Montreal Branch 9,Montreal,Quebec,Canada,Central,Retail,1,2024-01-19,2026-08-18
A00798,C00296,Line of Credit,Credit,Lending,Credit,1,Medium,CAD,1,A,99181.51,2015-03-12,,BR010,Toronto Branch 10,Toronto,Ontario,Canada,Central,Retail,1,2015-03-12,2026-08-18
A00799,C00221,Checking,Deposit,Retail Banking,Deposit,0,Low,CAD,1,ACTIVE,16825.33,2010-05-27,,BR004,Montreal Branch 4,Montreal,Quebec,Canada,Central,Retail,1,2010-05-27,2026-08-18
A00800,C00103,Savings,Deposit,Retail Banking,Deposit,1,Low,CAD,1,CLOSED,68598.0,2016-05-13,2017-07-23,BR007,Halifax Branch 7,Halifax,Nova Scotia,Canada,Atlantic,Retail,1,2016-05-13,2026-08-18
A00801,C00072,Line of Credit,Credit,Lending,Credit,1,Medium,CAD,1,CLOSED,5137.1,2014-09-13,2018-08-04,BR005,Halifax Branch 5,Halifax,Nova Scotia,Canada,Atlantic,Retail,1,2014-09-13,2026-08-18
A00802,C00403,Savings,Deposit,Retail Banking,Deposit,1,Low,CAD,1,CLOSED,6542.88,2020-04-13,2021-11-19,BR012,Calgary Branch 12,Calgary,Alberta,Canada,West,Retail,1,2020-04-13,2026-08-18
A00803,C00123,Line of Credit,Credit,Lending,Credit,1,Medium,CAD,1,CLOSED,60293.98,2010-01-11,2020-10-12,BR001,Calgary Branch 1,Calgary,Alberta,Canada,West,Retail,1,2010-01-11,2026-08-18
A00804,C00443,Savings,Deposit,Retail Banking,Deposit,1,Low,CAD,1,A,2112.68,2017-03-11,,BR015,Vancouver Branch 15,Vancouver,British Columbia,Canada,West,Retail,1,2017-03-11,2026-08-18
A00805,C00419,Line of Credit,Credit,Lending,Credit,1,Medium,CAD,1,CLOSED,15604.89,2016-01-21,2018-01-23,BR004,Halifax Branch 4,Halifax,Nova Scotia,Canada,Atlantic,Retail,1,2016-01-21,2026-08-18
A00806,C00292,Line of Credit,Credit,Lending,Credit,1,Medium,CAD,1,CLOSED,65336.14,2011-12-17,2013-09-26,BR016,Calgary Branch 16,Calgary,Alberta,Canada,West,Retail,1,2011-12-17,2026-08-18
A00807,C00228,Checking,Deposit,Retail Banking,Deposit,0,Low,CAD,1,C,79130.89,2010-05-11,2019-07-31,BR016,Halifax Branch 16,Halifax,Nova Scotia,Canada,Atlantic,Retail,1,2010-05-11,2026-08-18
A00808,C00502,Checking,Deposit,Retail Banking,Deposit,0,Low,CAD,1,A,45206.21,2012-08-27,,BR010,Calgary Branch 10,Calgary,Alberta,Canada,West,Retail,1,2012-08-27,2026-08-18
A00809,C00377,Line of Credit,Credit,Lending,Credit,1,Medium,CAD,1,C,85611.27,2014-04-25,2020-12-20,BR005,Halifax Branch 5,Halifax,Nova Scotia,Canada,Atlantic,Retail,1,2014-04-25,2026-08-18
A00810,C00440,Credit Card,Credit,Cards,Credit,1,Medium,CAD,1,A,13979.11,2012-11-13,,BR006,Toronto Branch 6,Toronto,Ontario,Canada,Central,Retail,1,2012-11-13,2026-08-18
A00811,C00914,Credit Card,Credit,Cards,Credit,1,Medium,CAD,1,A,58125.77,2014-12-22,,BR010,Halifax Branch 10,Halifax,Nova Scotia,Canada,Atlantic,Retail,1,2014-12-22,2026-08-18
A00812,C00724,Line of Credit,Credit,Lending,Credit,1,Medium,CAD,1,ACTIVE,67277.5,2022-10-01,,BR014,Toronto Branch 14,Toronto,Ontario,Canada,Central,Retail,1,2022-10-01,2026-08-18
A00813,C00615,Credit Card,Credit,Cards,Credit,1,Medium,CAD,1,CLOSED,64980.34,2017-03-16,2018-03-04,BR020,Halifax Branch 20,Halifax,Nova Scotia,Canada,Atlantic,Retail,1,2017-03-16,2026-08-18
A00814,C00783,Savings,Deposit,Retail Banking,Deposit,1,Low,CAD,1,C,53775.01,2018-06-27,2025-02-13,BR004,Toronto Branch 4,Toronto,Ontario,Canada,Central,Retail,1,2018-06-27,2026-08-18
A00815,C01191,Savings,Deposit,Retail Banking,Deposit,1,Low,CAD,1,A,31626.75,2013-02-19,,BR018,Toronto Branch 18,Toronto,Ontario,Canada,Central,Retail,1,2013-02-19,2026-08-18
A00816,C00877,Savings,Deposit,Retail Banking,Deposit,1,Low,CAD,1,C,25157.58,2023-09-13,2026-02-06,BR018,Toronto Branch 18,Toronto,Ontario,Canada,Central,Retail,1,2023-09-13,2026-08-18
A00817,C01077,Line of Credit,Credit,Lending,Credit,1,Medium,CAD,1,A,90739.39,2016-08-13,,BR017,Toronto Branch 17,Toronto,Ontario,Canada,Central,Retail,1,2016-08-13,2026-08-18
A00818,C01142,Credit Card,Credit,Cards,Credit,1,Medium,CAD,1,ACTIVE,43551.36,2024-05-01,,BR022,Montreal Branch 22,Montreal,Quebec,Canada,Central,Retail,1,2024-05-01,2026-08-18
A00819,C00268,SAVING,Deposit,Retail Banking,Deposit,1,Low,CAD,1,CLOSED,61780.98,2013-10-02,2020-05-16,BR019,Calgary Branch 19,Calgary,Alberta,Canada,West,Retail,1,2013-10-02,2026-08-18
A00820,C01084,Savings,Deposit,Retail Banking,Deposit,1,Low,CAD,1,CLOSED,73566.19,2019-01-02,2025-06-28,BR025,Vancouver Branch 25,Vancouver,British Columbia,Canada,West,Retail,1,2019-01-02,2026-08-18
A00821,C01045,Checking,Deposit,Retail Banking,Deposit,0,Low,CAD,1,C,27499.55,2014-04-26,2019-07-26,BR009,Vancouver Branch 9,Vancouver,British Columbia,Canada,West,Retail,1,2014-04-26,2026-08-18
A00822,C01081,Line of Credit,Credit,Lending,Credit,1,Medium,CAD,1,ACTIVE,11285.47,2024-01-17,,BR019,Montreal Branch 19,Montreal,Quebec,Canada,Central,Retail,1,2024-01-17,2026-08-18
A00823,C00345,Line of Credit,Credit,Lending,Credit,1,Medium,CAD,1,ACTIVE,71298.8,2018-07-06,,BR001,Montreal Branch 1,Montreal,Quebec,Canada,Central,Retail,1,2018-07-06,2026-08-18
A00824,C00030,Savings,Deposit,Retail Banking,Deposit,1,Low,CAD,1,CLOSED,93849.44,2016-12-24,2024-10-04,BR005,Toronto Branch 5,Toronto,Ontario,Canada,Central,Retail,1,2016-12-24,2026-08-18
A00825,C00038,Credit Card,Credit,Cards,Credit,1,Medium,CAD,1,ACTIVE,-301.18,2010-04-25,,BR001,Montreal Branch 1,Montreal,Quebec,Canada,Central,Retail,1,2010-04-25,2026-08-18
A00826,C00010,Line of Credit,Credit,Lending,Credit,1,Medium,CAD,1,CLOSED,23546.91,2019-12-23,2025-02-21,BR004,Toronto Branch 4,Toronto,Ontario,Canada,Central,Retail,1,2019-12-23,2026-08-18
A00827,C00048,Savings,Deposit,Retail Banking,Deposit,1,Low,CAD,1,A,40322.48,2012-02-09,,BR001,Calgary Branch 1,Calgary,Alberta,Canada,West,Retail,1,2012-02-09,2026-08-18
A00828,C01192,Savings,Deposit,Retail Banking,Deposit,1,Low,CAD,1,CLOSED,93348.79,2014-04-05,2018-11-11,BR024,Vancouver Branch 24,Vancouver,British Columbia,Canada,West,Retail,1,2014-04-05,2026-08-18
A00829,C01122,Line of Credit,Credit,Lending,Credit,1,Medium,CAD,1,C,54104.33,2011-07-01,2018-04-24,BR003,Calgary Branch 3,Calgary,Alberta,Canada,West,Retail,1,2011-07-01,2026-08-18
A00830,C01055,Line of Credit,Credit,Lending,Credit,1,Medium,CAD,1,A,4591.55,2018-07-08,,BR020,Vancouver Branch 20,Vancouver,British Columbia,Canada,West,Retail,1,2018-07-08,2026-08-18
A00831,C00913,Credit Card,Credit,Cards,Credit,1,Medium,CAD,1,A,72162.76,2017-07-04,,BR008,Toronto Branch 8,Toronto,Ontario,Canada,Central,Retail,1,2017-07-04,2026-08-18
A00832,C01175,Savings,Deposit,Retail Banking,Deposit,1,Low,CAD,1,C,32637.47,2012-06-03,2018-04-25,BR005,Halifax Branch 5,Halifax,Nova Scotia,Canada,Atlantic,Retail,1,2012-06-03,2026-08-18
A00833,C00417,Credit Card,Credit,Cards,Credit,1,Medium,CAD,1,C,709.85,2010-04-21,2025-04-17,BR012,Toronto Branch 12,Toronto,Ontario,Canada,Central,Retail,1,2010-04-21,2026-08-18
A00834,C01178,Credit Card,Credit,Cards,Credit,1,Medium,CAD,1,A,44371.01,2018-07-14,,BR013,Toronto Branch 13,Toronto,Ontario,Canada,Central,Retail,1,2018-07-14,2026-08-18
A00835,C00120,Credit Card,Credit,Cards,Credit,1,Medium,CAD,1,CLOSED,71469.46,2018-07-14,2020-04-11,BR004,Montreal Branch 4,Montreal,Quebec,Canada,Central,Retail,1,2018-07-14,2026-08-18
A00836,C00283,CHEQUING,Deposit,Retail Banking,Deposit,0,Low,CAD,1,A,68716.19,2010-03-23,,BR005,Montreal Branch 5,Montreal,Quebec,Canada,Central,Retail,1,2010-03-23,2026-08-18
A00837,C00289,Checking,Deposit,Retail Banking,Deposit,0,Low,CAD,1,C,14503.83,2024-10-25,2024-11-25,BR013,Calgary Branch 13,Calgary,Alberta,Canada,West,Retail,1,2024-10-25,2026-08-18
A00838,C00958,Savings,Deposit,Retail Banking,Deposit,1,Low,CAD,1,CLOSED,68727.13,2021-09-03,2023-03-23,BR005,Calgary Branch 5,Calgary,Alberta,Canada,West,Retail,1,2021-09-03,2026-08-18
A00839,C00706,Checking,Deposit,Retail Banking,Deposit,0,Low,CAD,1,ACTIVE,95079.01,2016-07-10,,BR008,Montreal Branch 8,Montreal,Quebec,Canada,Central,Retail,1,2016-07-10,2026-08-18
A00840,C01147,Line of Credit,Credit,Lending,Credit,1,Medium,CAD,1,ACTIVE,61785.37,2010-05-03,,BR025,Halifax Branch 25,Halifax,Nova Scotia,Canada,Atlantic,Retail,1,2010-05-03,2026-08-18
A00841,C00362,Checking,Deposit,Retail Banking,Deposit,0,Low,CAD,1,A,68505.17,2020-02-18,,BR003,Calgary Branch 3,Calgary,Alberta,Canada,West,Retail,1,2020-02-18,2026-08-18
A00842,C00952,Credit Card,Credit,Cards,Credit,1,Medium,CAD,1,CLOSED,88278.64,2010-05-22,2013-01-13,BR002,Montreal Branch 2,Montreal,Quebec,Canada,Central,Retail,1,2010-05-22,2026-08-18
A00843,C01151,Checking,Deposit,Retail Banking,Deposit,0,Low,CAD,1,CLOSED,4905.1,2011-05-14,2011-12-22,BR005,Toronto Branch 5,Toronto,Ontario,Canada,Central,Retail,1,2011-05-14,2026-08-18
A00844,C00360,Checking,Deposit,Retail Banking,Deposit,0,Low,CAD,1,A,8517.97,2014-08-03,,BR024,Calgary Branch 24,Calgary,Alberta,Canada,West,Retail,1,2014-08-03,2026-08-18
A00845,C00542,Checking,Deposit,Retail Banking,Deposit,0,Low,CAD,1,A,12071.89,2023-02-12,,BR021,Toronto Branch 21,Toronto,Ontario,Canada,Central,Retail,1,2023-02-12,2026-08-18
A00846,C00530,Credit Card,Credit,Cards,Credit,1,Medium,CAD,1,CLOSED,32172.78,2025-12-14,2026-07-24,BR025,Halifax Branch 25,Halifax,Nova Scotia,Canada,Atlantic,Retail,1,2025-12-14,2026-08-18
A00847,C00859,Credit Card,Credit,Cards,Credit,1,Medium,CAD,1,ACTIVE,89330.28,2011-05-21,,BR015,Vancouver Branch 15,Vancouver,British Columbia,Canada,West,Retail,1,2011-05-21,2026-08-18
A00848,C00750,Checking,Deposit,Retail Banking,Deposit,0,Low,CAD,1,A,32956.08,2022-01-04,,BR001,Montreal Branch 1,Montreal,Quebec,Canada,Central,Retail,1,2022-01-04,2026-08-18
A00849,C01144,Line of Credit,Credit,Lending,Credit,1,Medium,CAD,1,ACTIVE,25577.03,2019-08-28,,BR012,Toronto Branch 12,Toronto,Ontario,Canada,Central,Retail,1,2019-08-28,2026-08-18
A00850,C00208,Line of Credit,Credit,Lending,Credit,1,Medium,CAD,1,ACTIVE,15899.78,2025-07-18,,BR011,Halifax Branch 11,Halifax,Nova Scotia,Canada,Atlantic,Retail,1,2025-07-18,2026-08-18
A00851,C00794,Checking,Deposit,Retail Banking,Deposit,0,Low,CAD,1,A,50693.49,2015-07-15,,BR014,Vancouver Branch 14,Vancouver,British Columbia,Canada,West,Retail,1,2015-07-15,2026-08-18
A00852,C00906,Credit Card,Credit,Cards,Credit,1,Medium,CAD,1,A,95617.46,2014-03-09,,BR020,Vancouver Branch 20,Vancouver,British Columbia,Canada,West,Retail,1,2014-03-09,2026-08-18
A00853,C00165,Line of Credit,Credit,Lending,Credit,1,Medium,CAD,1,C,28991.91,2024-09-28,2026-07-28,BR015,Calgary Branch 15,Calgary,Alberta,Canada,West,Retail,1,2024-09-28,2026-08-18
A00854,C00846,Checking,Deposit,Retail Banking,Deposit,0,Low,CAD,1,C,,2011-11-07,2012-04-08,BR002,Calgary Branch 2,Calgary,Alberta,Canada,West,Retail,1,2011-11-07,2026-08-18
A00855,C00482,Savings,Deposit,Retail Banking,Deposit,1,Low,CAD,1,CLOSED,97342.21,2019-09-19,2023-03-06,BR005,Calgary Branch 5,Calgary,Alberta,Canada,West,Retail,1,2019-09-19,2026-08-18
A00856,C00775,Credit Card,Credit,Cards,Credit,1,Medium,CAD,1,C,41637.25,2016-05-02,2024-07-22,BR024,Montreal Branch 24,Montreal,Quebec,Canada,Central,Retail,1,2016-05-02,2026-08-18
A00857,C00730,Checking,Deposit,Retail Banking,Deposit,0,Low,CAD,1,CLOSED,60262.43,2014-02-11,2019-11-12,BR025,Halifax Branch 25,Halifax,Nova Scotia,Canada,Atlantic,Retail,1,2014-02-11,2026-08-18
A00858,C00567,CHEQUING,Deposit,Retail Banking,Deposit,0,Low,CAD,1,ACTIVE,1227.79,2018-10-26,,BR013,Montreal Branch 13,Montreal,Quebec,Canada,Central,Retail,1,2018-10-26,2026-08-18
A00859,C01088,Credit Card,Credit,Cards,Credit,1,Medium,CAD,1,CLOSED,54443.55,2013-02-22,2017-08-12,BR003,Halifax Branch 3,Halifax,Nova Scotia,Canada,Atlantic,Retail,1,2013-02-22,2026-08-18
A00860,C00589,Checking,Deposit,Retail Banking,Deposit,0,Low,CAD,1,CLOSED,30325.66,2017-01-28,2019-10-11,BR011,Vancouver Branch 11,Vancouver,British Columbia,Canada,West,Retail,1,2017-01-28,2026-08-18
A00861,C00830,Checking,Deposit,Retail Banking,Deposit,0,Low,CAD,1,CLOSED,1831.51,2018-10-26,2024-12-01,BR013,Halifax Branch 13,Halifax,Nova Scotia,Canada,Atlantic,Retail,1,2018-10-26,2026-08-18
A00862,C00187,Credit Card,Credit,Cards,Credit,1,Medium,CAD,1,A,99292.81,2021-02-27,,BR006,Halifax Branch 6,Halifax,Nova Scotia,Canada,Atlantic,Retail,1,2021-02-27,2026-08-18
A00863,C00507,Checking,Deposit,Retail Banking,Deposit,0,Low,CAD,1,C,80115.8,2019-04-22,2020-04-22,BR006,Montreal Branch 6,Montreal,Quebec,Canada,Central,Retail,1,2019-04-22,2026-08-18
A00864,C01018,Savings,Deposit,Retail Banking,Deposit,1,Low,CAD,1,CLOSED,82291.46,2022-01-10,2022-02-17,BR008,Halifax Branch 8,Halifax,Nova Scotia,Canada,Atlantic,Retail,1,2022-01-10,2026-08-18
,C00413,Checking,Deposit,Retail Banking,Deposit,0,Low,CAD,1,ACTIVE,15897.14,2022-01-02,,BR023,Halifax Branch 23,Halifax,Nova Scotia,Canada,Atlantic,Retail,1,2022-01-02,2026-08-18
A00866,C00067,Savings,Deposit,Retail Banking,Deposit,1,Low,CAD,1,A,7558.28,2024-09-27,,BR009,Calgary Branch 9,Calgary,Alberta,Canada,West,Retail,1,2024-09-27,2026-08-18
A00867,C01017,Savings,Deposit,Retail Banking,Deposit,1,Low,CAD,1,A,23690.54,2019-08-27,,BR025,Toronto Branch 25,Toronto,Ontario,Canada,Central,Retail,1,2019-08-27,2026-08-18
A00868,C00795,SAVING,Deposit,Retail Banking,Deposit,1,Low,CAD,1,CLOSED,77957.77,2024-11-18,2025-02-02,BR004,Calgary Branch 4,Calgary,Alberta,Canada,West,Retail,1,2024-11-18,2026-08-18
A00869,C00956,CHEQUING,Deposit,Retail Banking,Deposit,0,Low,CAD,1,C,57974.36,2011-12-17,2014-04-02,BR010,Montreal Branch 10,Montreal,Quebec,Canada,Central,Retail,1,2011-12-17,2026-08-18
A00870,C00698,Credit Card,Credit,Cards,Credit,1,Medium,CAD,1,A,20206.32,2010-11-04,,BR015,Montreal Branch 15,Montreal,Quebec,Canada,Central,Retail,1,2010-11-04,2026-08-18
A00871,C01144,Checking,Deposit,Retail Banking,Deposit,0,Low,CAD,1,A,46991.1,2015-12-04,,BR006,Montreal Branch 6,Montreal,Quebec,Canada,Central,Retail,1,2015-12-04,2026-08-18
A00872,C00465,Line of Credit,Credit,Lending,Credit,1,Medium,CAD,1,CLOSED,75925.51,2010-08-05,2024-02-07,BR023,Calgary Branch 23,Calgary,Alberta,Canada,West,Retail,1,2010-08-05,2026-08-18
A00873,C00228,Line of Credit,Credit,Lending,Credit,1,Medium,CAD,1,A,55028.74,2023-02-14,,BR017,Halifax Branch 17,Halifax,Nova Scotia,Canada,Atlantic,Retail,1,2023-02-14,2026-08-18
A00874,C00248,Line of Credit,Credit,Lending,Credit,1,Medium,CAD,1,CLOSED,47852.74,2014-04-22,2020-01-09,BR025,Toronto Branch 25,Toronto,Ontario,Canada,Central,Retail,1,2014-04-22,2026-08-18
A00875,C00015,Checking,Deposit,Retail Banking,Deposit,0,Low,CAD,1,CLOSED,55745.65,2020-04-02,2025-01-13,BR004,Vancouver Branch 4,Vancouver,British Columbia,Canada,West,Retail,1,2020-04-02,2026-08-18
A00876,C00065,Checking,Deposit,Retail Banking,Deposit,0,Low,CAD,1,C,46284.97,2010-11-24,2018-11-14,BR017,Montreal Branch 17,Montreal,Quebec,Canada,Central,Retail,1,2010-11-24,2026-08-18
A00877,C00437,Savings,Deposit,Retail Banking,Deposit,1,Low,CAD,1,C,79739.46,2018-11-28,2021-03-02,BR005,Toronto Branch 5,Toronto,Ontario,Canada,Central,Retail,1,2018-11-28,2026-08-18
A00878,C00784,Line of Credit,Credit,Lending,Credit,1,Medium,CAD,1,A,78828.87,2015-02-13,,BR013,Toronto Branch 13,Toronto,Ontario,Canada,Central,Retail,1,2015-02-13,2026-08-18
A00879,C00731,Credit Card,Credit,Cards,Credit,1,Medium,CAD,1,CLOSED,38587.82,2018-07-22,2018-11-10,BR015,Vancouver Branch 15,Vancouver,British Columbia,Canada,West,Retail,1,2018-07-22,2026-08-18
A00880,C00237,Savings,Deposit,Retail Banking,Deposit,1,Low,CAD,1,C,8488.99,2013-04-19,2016-07-25,BR002,Vancouver Branch 2,Vancouver,British Columbia,Canada,West,Retail,1,2013-04-19,2026-08-18
A00881,C00446,Line of Credit,Credit,Lending,Credit,1,Medium,CAD,1,A,47774.44,2014-07-03,,BR001,Montreal Branch 1,Montreal,Quebec,Canada,Central,Retail,1,2014-07-03,2026-08-18
A00882,C00231,Checking,Deposit,Retail Banking,Deposit,0,Low,CAD,1,C,27847.96,2011-11-17,2015-06-21,BR007,Montreal Branch 7,Montreal,Quebec,Canada,Central,Retail,1,2011-11-17,2026-08-18
A00883,C00021,Checking,Deposit,Retail Banking,Deposit,0,Low,CAD,1,C,6128.82,2014-05-18,2025-09-30,BR001,Calgary Branch 1,Calgary,Alberta,Canada,West,Retail,1,2014-05-18,2026-08-18
A00884,C00469,CREDIT CARD,Credit,Cards,Credit,1,Medium,CAD,1,A,81311.77,2023-10-26,,BR011,Halifax Branch 11,Halifax,Nova Scotia,Canada,Atlantic,Retail,1,2023-10-26,2026-08-18
A00885,C01127,Savings,Deposit,Retail Banking,Deposit,1,Low,CAD,1,CLOSED,71829.36,2013-06-03,2024-03-08,BR025,Toronto Branch 25,Toronto,Ontario,Canada,Central,Retail,1,2013-06-03,2026-08-18
A00886,C00676,Line of Credit,Credit,Lending,Credit,1,Medium,CAD,1,ACTIVE,22724.38,2022-12-26,,BR020,Montreal Branch 20,Montreal,Quebec,Canada,Central,Retail,1,2022-12-26,2026-08-18
A00887,C00566,Checking,Deposit,Retail Banking,Deposit,0,Low,CAD,1,C,81928.63,2012-02-01,2012-07-19,BR025,Montreal Branch 25,Montreal,Quebec,Canada,Central,Retail,1,2012-02-01,2026-08-18
A00888,C01131,Line of Credit,Credit,Lending,Credit,1,Medium,CAD,1,CLOSED,31665.76,2018-03-16,2019-08-28,BR008,Vancouver Branch 8,Vancouver,British Columbia,Canada,West,Retail,1,2018-03-16,2026-08-18
A00889,C00675,Credit Card,Credit,Cards,Credit,1,Medium,CAD,1,A,90536.2,2013-03-18,,BR016,Montreal Branch 16,Montreal,Quebec,Canada,Central,Retail,1,2013-03-18,2026-08-18
A00890,C00532,Savings,Deposit,Retail Banking,Deposit,1,Low,CAD,1,CLOSED,9395.47,2017-10-12,2023-07-18,BR012,Toronto Branch 12,Toronto,Ontario,Canada,Central,Retail,1,2017-10-12,2026-08-18
A00891,C00039,CHEQUING,Deposit,Retail Banking,Deposit,0,Low,CAD,1,CLOSED,22321.82,2011-11-26,2015-08-04,BR013,Vancouver Branch 13,Vancouver,British Columbia,Canada,West,Retail,1,2011-11-26,2026-08-18
A00892,C00960,Checking,Deposit,Retail Banking,Deposit,0,Low,CAD,1,C,41996.58,2019-07-25,2022-10-14,BR015,Montreal Branch 15,Montreal,Quebec,Canada,Central,Retail,1,2019-07-25,2026-08-18
A00893,C00126,Checking,Deposit,Retail Banking,Deposit,0,Low,CAD,1,A,2245.31,2021-02-15,,BR007,Halifax Branch 7,Halifax,Nova Scotia,Canada,Atlantic,Retail,1,2021-02-15,2026-08-18
A00894,C00471,Line of Credit,Credit,Lending,Credit,1,Medium,CAD,1,C,65060.04,2030-01-01,2025-11-17,BR018,Halifax Branch 18,Halifax,Nova Scotia,Canada,Atlantic,Retail,1,2030-01-01,2026-08-18
A00895,C00033,Line of Credit,Credit,Lending,Credit,1,Medium,CAD,1,C,97859.36,2016-02-16,2019-08-26,BR017,Halifax Branch 17,Halifax,Nova Scotia,Canada,Atlantic,Retail,1,2016-02-16,2026-08-18
A00896,C00941,Checking,Deposit,Retail Banking,Deposit,0,Low,CAD,1,C,84590.95,2019-02-27,2024-11-18,BR023,Vancouver Branch 23,Vancouver,British Columbia,Canada,West,Retail,1,2019-02-27,2026-08-18
A00897,C00808,Checking,Deposit,Retail Banking,Deposit,0,Low,CAD,1,ACTIVE,32899.24,2011-03-19,,BR025,Vancouver Branch 25,Vancouver,British Columbia,Canada,West,Retail,1,2011-03-19,2026-08-18
A00898,C00514,Line of Credit,Credit,Lending,Credit,1,Medium,CAD,1,C,44593.84,2024-03-18,2024-06-02,BR014,Toronto Branch 14,Toronto,Ontario,Canada,Central,Retail,1,2024-03-18,2026-08-18
A00899,C00423,Checking,Deposit,Retail Banking,Deposit,0,Low,CAD,1,ACTIVE,13953.59,2024-11-13,,BR003,Halifax Branch 3,Halifax,Nova Scotia,Canada,Atlantic,Retail,1,2024-11-13,2026-08-18
A00900,C00447,Credit Card,Credit,Cards,Credit,1,Medium,CAD,1,ACTIVE,35492.52,2022-08-14,,BR005,Toronto Branch 5,Toronto,Ontario,Canada,Central,Retail,1,2022-08-14,2026-08-18
A00901,C01072,Line of Credit,Credit,Lending,Credit,1,Medium,CAD,1,CLOSED,79631.78,2025-10-02,2025-11-16,BR017,Calgary Branch 17,Calgary,Alberta,Canada,West,Retail,1,2025-10-02,2026-08-18
A00902,C00532,Line of Credit,Credit,Lending,Credit,1,Medium,CAD,1,C,36736.89,2017-03-02,2025-12-30,BR008,Calgary Branch 8,Calgary,Alberta,Canada,West,Retail,1,2017-03-02,2026-08-18
A00903,C00857,SAVING,Deposit,Retail Banking,Deposit,1,Low,CAD,1,ACTIVE,47163.67,2010-11-17,,BR019,Montreal Branch 19,Montreal,Quebec,Canada,Central,Retail,1,2010-11-17,2026-08-18
A00904,C00659,Savings,Deposit,Retail Banking,Deposit,1,Low,CAD,1,A,31084.2,2024-07-09,,BR022,Montreal Branch 22,Montreal,Quebec,Canada,Central,Retail,1,2024-07-09,2026-08-18
A00905,C00522,Line of Credit,Credit,Lending,Credit,1,Medium,CAD,1,CLOSED,70923.33,2011-12-16,2023-04-01,BR012,Vancouver Branch 12,Vancouver,British Columbia,Canada,West,Retail,1,2011-12-16,2026-08-18
A00906,C00532,Checking,Deposit,Retail Banking,Deposit,0,Low,CAD,1,A,23744.63,2012-10-23,,BR017,Vancouver Branch 17,Vancouver,British Columbia,Canada,West,Retail,1,2012-10-23,2026-08-18
A00907,C00423,Checking,Deposit,Retail Banking,Deposit,0,Low,CAD,1,CLOSED,83647.98,2025-04-28,2026-06-15,BR015,Toronto Branch 15,Toronto,Ontario,Canada,Central,Retail,1,2025-04-28,2026-08-18
A00908,C00154,Checking,Deposit,Retail Banking,Deposit,0,Low,CAD,1,ACTIVE,47955.61,2015-03-21,,BR004,Halifax Branch 4,Halifax,Nova Scotia,Canada,Atlantic,Retail,1,2015-03-21,2026-08-18
A00909,C00867,Line of Credit,Credit,Lending,Credit,1,Medium,CAD,1,A,96855.56,2025-07-20,,BR004,Montreal Branch 4,Montreal,Quebec,Canada,Central,Retail,1,2025-07-20,2026-08-18
A00910,C00828,Checking,Deposit,Retail Banking,Deposit,0,Low,CAD,1,C,28539.49,2019-03-20,2020-07-29,BR018,Halifax Branch 18,Halifax,Nova Scotia,Canada,Atlantic,Retail,1,2019-03-20,2026-08-18
A00911,C01198,Checking,Deposit,Retail Banking,Deposit,0,Low,CAD,1,CLOSED,57647.78,2021-03-04,2026-08-11,BR007,Halifax Branch 7,Halifax,Nova Scotia,Canada,Atlantic,Retail,1,2021-03-04,2026-08-18
A00912,C00196,Checking,Deposit,Retail Banking,Deposit,0,Low,CAD,1,CLOSED,79368.7,2010-03-24,2023-01-23,BR001,Toronto Branch 1,Toronto,Ontario,Canada,Central,Retail,1,2010-03-24,2026-08-18
A00913,C00052,Credit Card,Credit,Cards,Credit,1,Medium,CAD,1,A,5585.28,2022-05-16,,BR018,Toronto Branch 18,Toronto,Ontario,Canada,Central,Retail,1,2022-05-16,2026-08-18
A00914,C00913,Savings,Deposit,Retail Banking,Deposit,1,Low,CAD,1,A,39706.24,2024-01-07,,BR007,Vancouver Branch 7,Vancouver,British Columbia,Canada,West,Retail,1,2024-01-07,2026-08-18
A00915,C00379,Savings,Deposit,Retail Banking,Deposit,1,Low,CAD,1,ACTIVE,,2010-01-10,,BR007,Montreal Branch 7,Montreal,Quebec,Canada,Central,Retail,1,2010-01-10,2026-08-18
A00916,C00903,Line of Credit,Credit,Lending,Credit,1,Medium,CAD,1,CLOSED,21999.61,2015-05-09,2021-11-28,BR004,Vancouver Branch 4,Vancouver,British Columbia,Canada,West,Retail,1,2015-05-09,2026-08-18
A00917,C01106,Checking,Deposit,Retail Banking,Deposit,0,Low,CAD,1,ACTIVE,91545.92,2018-08-14,,BR001,Calgary Branch 1,Calgary,Alberta,Canada,West,Retail,1,2018-08-14,2026-08-18
A00918,C01127,Checking,Deposit,Retail Banking,Deposit,0,Low,CAD,1,C,5616.99,2011-12-13,2017-11-11,BR012,Calgary Branch 12,Calgary,Alberta,Canada,West,Retail,1,2011-12-13,2026-08-18
A00919,C00324,Credit Card,Credit,Cards,Credit,1,Medium,CAD,1,ACTIVE,12285.67,2017-12-20,,BR023,Halifax Branch 23,Halifax,Nova Scotia,Canada,Atlantic,Retail,1,2017-12-20,2026-08-18
A00920,C00713,Line of Credit,Credit,Lending,Credit,1,Medium,CAD,1,A,82135.77,2012-03-19,,BR008,Toronto Branch 8,Toronto,Ontario,Canada,Central,Retail,1,2012-03-19,2026-08-18
A00921,C00679,Savings,Deposit,Retail Banking,Deposit,1,Low,CAD,1,CLOSED,44982.53,2023-01-05,2025-06-12,BR021,Montreal Branch 21,Montreal,Quebec,Canada,Central,Retail,1,2023-01-05,2026-08-18
A00922,C01002,Checking,Deposit,Retail Banking,Deposit,0,Low,CAD,1,C,97711.66,2015-09-21,2019-10-17,BR019,Vancouver Branch 19,Vancouver,British Columbia,Canada,West,Retail,1,2015-09-21,2026-08-18
A00923,C00891,CREDIT CARD,Credit,Cards,Credit,1,Medium,CAD,1,A,50319.38,2021-01-15,,BR018,Calgary Branch 18,Calgary,Alberta,Canada,West,Retail,1,2021-01-15,2026-08-18
A00924,C00348,Credit Card,Credit,Cards,Credit,1,Medium,CAD,1,C,40984.72,2023-12-16,2026-02-24,BR001,Halifax Branch 1,Halifax,Nova Scotia,Canada,Atlantic,Retail,1,2023-12-16,2026-08-18
A00925,C00096,Savings,Deposit,Retail Banking,Deposit,1,Low,CAD,1,A,56287.0,2010-11-23,,BR006,Calgary Branch 6,Calgary,Alberta,Canada,West,Retail,1,2010-11-23,2026-08-18
A00926,C00531,Checking,Deposit,Retail Banking,Deposit,0,Low,CAD,1,C,61779.5,2012-06-25,2017-11-27,BR009,Toronto Branch 9,Toronto,Ontario,Canada,Central,Retail,1,2012-06-25,2026-08-18
A00927,C00014,Savings,Deposit,Retail Banking,Deposit,1,Low,CAD,1,C,24350.25,2017-03-06,2019-06-02,BR006,Calgary Branch 6,Calgary,Alberta,Canada,West,Retail,1,2017-03-06,2026-08-18
A00928,C00679,Checking,Deposit,Retail Banking,Deposit,0,Low,CAD,1,ACTIVE,80863.54,2021-02-02,,BR021,Toronto Branch 21,Toronto,Ontario,Canada,Central,Retail,1,2021-02-02,2026-08-18
A00929,C00673,Credit Card,Credit,Cards,Credit,1,Medium,CAD,1,ACTIVE,98925.71,2013-10-24,,BR010,Halifax Branch 10,Halifax,Nova Scotia,Canada,Atlantic,Retail,1,2013-10-24,2026-08-18
A00930,C00503,Savings,Deposit,Retail Banking,Deposit,1,Low,CAD,1,C,62190.05,2022-10-17,2024-01-16,BR025,Toronto Branch 25,Toronto,Ontario,Canada,Central,Retail,1,2022-10-17,2026-08-18
A00931,C00015,Checking,Deposit,Retail Banking,Deposit,0,Low,CAD,1,ACTIVE,59005.6,2019-04-13,,BR005,Toronto Branch 5,Toronto,Ontario,Canada,Central,Retail,1,2019-04-13,2026-08-18
A00932,C01188,Savings,Deposit,Retail Banking,Deposit,1,Low,CAD,1,C,26657.4,2017-02-05,2025-08-14,BR006,Montreal Branch 6,Montreal,Quebec,Canada,Central,Retail,1,2017-02-05,2026-08-18
A00933,C00293,Savings,Deposit,Retail Banking,Deposit,1,Low,CAD,1,C,95113.57,2020-10-13,2022-05-14,BR004,Vancouver Branch 4,Vancouver,British Columbia,Canada,West,Retail,1,2020-10-13,2026-08-18
A00934,C00570,Checking,Deposit,Retail Banking,Deposit,0,Low,CAD,1,CLOSED,30553.5,2022-04-03,2024-11-29,BR012,Vancouver Branch 12,Vancouver,British Columbia,Canada,West,Retail,1,2022-04-03,2026-08-18
A00935,C00918,CHEQUING,Deposit,Retail Banking,Deposit,0,Low,CAD,1,C,8837.13,2010-07-06,2024-12-19,BR007,Halifax Branch 7,Halifax,Nova Scotia,Canada,Atlantic,Retail,1,2010-07-06,2026-08-18
A00936,C00470,CREDIT CARD,Credit,Cards,Credit,1,Medium,CAD,1,ACTIVE,39250.08,2013-10-05,,BR003,Calgary Branch 3,Calgary,Alberta,Canada,West,Retail,1,2013-10-05,2026-08-18
A00937,C00970,Savings,Deposit,Retail Banking,Deposit,1,Low,CAD,1,CLOSED,94387.49,2021-04-24,2022-02-10,BR009,Vancouver Branch 9,Vancouver,British Columbia,Canada,West,Retail,1,2021-04-24,2026-08-18
A00938,C00053,Credit Card,Credit,Cards,Credit,1,Medium,CAD,1,A,89678.56,2022-05-13,,BR005,Toronto Branch 5,Toronto,Ontario,Canada,Central,Retail,1,2022-05-13,2026-08-18
A00939,C01092,Line of Credit,Credit,Lending,Credit,1,Medium,CAD,1,A,56893.73,2024-04-01,,BR006,Halifax Branch 6,Halifax,Nova Scotia,Canada,Atlantic,Retail,1,2024-04-01,2026-08-18
A00940,C00129,Credit Card,Credit,Cards,Credit,1,Medium,CAD,1,ACTIVE,16204.64,2014-05-02,,BR004,Montreal Branch 4,Montreal,Quebec,Canada,Central,Retail,1,2014-05-02,2026-08-18
A00941,C00286,Credit Card,Credit,Cards,Credit,1,Medium,CAD,1,C,26726.03,2020-06-01,2021-07-21,BR024,Toronto Branch 24,Toronto,Ontario,Canada,Central,Retail,1,2020-06-01,2026-08-18
A00942,C00994,Savings,Deposit,Retail Banking,Deposit,1,Low,CAD,1,A,51501.18,2013-05-08,,BR015,Calgary Branch 15,Calgary,Alberta,Canada,West,Retail,1,2013-05-08,2026-08-18
A00943,C00515,Line of Credit,Credit,Lending,Credit,1,Medium,CAD,1,ACTIVE,37123.35,2018-08-20,,BR024,Toronto Branch 24,Toronto,Ontario,Canada,Central,Retail,1,2018-08-20,2026-08-18
A00944,C00659,Checking,Deposit,Retail Banking,Deposit,0,Low,CAD,1,ACTIVE,70673.7,2012-09-18,,BR009,Toronto Branch 9,Toronto,Ontario,Canada,Central,Retail,1,2012-09-18,2026-08-18
A00945,C00085,SAVING,Deposit,Retail Banking,Deposit,1,Low,CAD,1,C,54044.52,2015-12-01,2024-08-25,BR016,Calgary Branch 16,Calgary,Alberta,Canada,West,Retail,1,2015-12-01,2026-08-18
A00946,C00349,Line of Credit,Credit,Lending,Credit,1,Medium,CAD,1,ACTIVE,88003.07,2022-10-07,,BR025,Vancouver Branch 25,Vancouver,British Columbia,Canada,West,Retail,1,2022-10-07,2026-08-18
A00947,C01112,Line of Credit,Credit,Lending,Credit,1,Medium,CAD,1,A,16175.88,2013-06-28,,BR015,Montreal Branch 15,Montreal,Quebec,Canada,Central,Retail,1,2013-06-28,2026-08-18
A00948,C01080,Credit Card,Credit,Cards,Credit,1,Medium,CAD,1,C,50097.35,2018-01-17,2025-04-07,BR012,Vancouver Branch 12,Vancouver,British Columbia,Canada,West,Retail,1,2018-01-17,2026-08-18
A00949,C00829,Checking,Deposit,Retail Banking,Deposit,0,Low,CAD,1,CLOSED,79270.34,2015-06-23,2023-07-11,BR005,Calgary Branch 5,Calgary,Alberta,Canada,West,Retail,1,2015-06-23,2026-08-18
A00950,C00345,Checking,Deposit,Retail Banking,Deposit,0,Low,CAD,1,ACTIVE,65675.45,2018-07-16,,BR025,Halifax Branch 25,Halifax,Nova Scotia,Canada,Atlantic,Retail,1,2018-07-16,2026-08-18
A00951,C00803,Credit Card,Credit,Cards,Credit,1,Medium,CAD,1,C,37009.83,2016-11-28,2025-04-04,BR019,Montreal Branch 19,Montreal,Quebec,Canada,Central,Retail,1,2016-11-28,2026-08-18
A00952,C00376,Checking,Deposit,Retail Banking,Deposit,0,Low,CAD,1,C,75375.69,2015-03-06,2015-06-14,BR018,Calgary Branch 18,Calgary,Alberta,Canada,West,Retail,1,2015-03-06,2026-08-18
A00953,C00516,Credit Card,Credit,Cards,Credit,1,Medium,CAD,1,ACTIVE,55023.3,2015-05-15,,BR007,Vancouver Branch 7,Vancouver,British Columbia,Canada,West,Retail,1,2015-05-15,2026-08-18
A00954,C00179,Checking,Deposit,Retail Banking,Deposit,0,Low,CAD,1,ACTIVE,24191.23,2012-03-26,,BR009,Halifax Branch 9,Halifax,Nova Scotia,Canada,Atlantic,Retail,1,2012-03-26,2026-08-18
A00955,C00856,Credit Card,Credit,Cards,Credit,1,Medium,CAD,1,A,60351.2,2015-10-01,,BR021,Calgary Branch 21,Calgary,Alberta,Canada,West,Retail,1,2015-10-01,2026-08-18
A00956,C00108,Line of Credit,Credit,Lending,Credit,1,Medium,CAD,1,CLOSED,-475.2,2024-01-05,2025-03-18,BR011,Toronto Branch 11,Toronto,Ontario,Canada,Central,Retail,1,2024-01-05,2026-08-18
A00957,C00039,Credit Card,Credit,Cards,Credit,1,Medium,CAD,1,CLOSED,28146.55,2016-03-03,2025-08-17,BR002,Vancouver Branch 2,Vancouver,British Columbia,Canada,West,Retail,1,2016-03-03,2026-08-18
A00958,C00760,Checking,Deposit,Retail Banking,Deposit,0,Low,CAD,1,A,57279.54,2012-01-24,,BR008,Calgary Branch 8,Calgary,Alberta,Canada,West,Retail,1,2012-01-24,2026-08-18
A00959,C00456,Checking,Deposit,Retail Banking,Deposit,0,Low,CAD,1,C,8911.44,2015-03-06,2025-08-28,BR019,Calgary Branch 19,Calgary,Alberta,Canada,West,Retail,1,2015-03-06,2026-08-18
A00960,C00077,Line of Credit,Credit,Lending,Credit,1,Medium,CAD,1,ACTIVE,45871.06,2011-07-01,,BR022,Halifax Branch 22,Halifax,Nova Scotia,Canada,Atlantic,Retail,1,2011-07-01,2026-08-18
A00961,C00266,Credit Card,Credit,Cards,Credit,1,Medium,CAD,1,CLOSED,47137.16,2018-07-04,2019-03-15,BR014,Vancouver Branch 14,Vancouver,British Columbia,Canada,West,Retail,1,2018-07-04,2026-08-18
A00962,C00468,Line of Credit,Credit,Lending,Credit,1,Medium,CAD,1,C,979.9,2016-12-17,2017-02-27,BR011,Montreal Branch 11,Montreal,Quebec,Canada,Central,Retail,1,2016-12-17,2026-08-18
A00963,C00301,Line of Credit,Credit,Lending,Credit,1,Medium,CAD,1,A,44191.64,2016-05-14,,BR014,Toronto Branch 14,Toronto,Ontario,Canada,Central,Retail,1,2016-05-14,2026-08-18
A00964,C00531,Checking,Deposit,Retail Banking,Deposit,0,Low,CAD,1,CLOSED,749.3,2016-04-26,2017-09-07,BR020,Halifax Branch 20,Halifax,Nova Scotia,Canada,Atlantic,Retail,1,2016-04-26,2026-08-18
A00965,C00715,Credit Card,Credit,Cards,Credit,1,Medium,CAD,1,ACTIVE,71399.33,2023-05-05,,BR013,Halifax Branch 13,Halifax,Nova Scotia,Canada,Atlantic,Retail,1,2023-05-05,2026-08-18
A00966,C00796,Credit Card,Credit,Cards,Credit,1,Medium,CAD,1,CLOSED,46124.16,2013-12-07,2018-01-08,BR022,Montreal Branch 22,Montreal,Quebec,Canada,Central,Retail,1,2013-12-07,2026-08-18
A00967,C00599,Credit Card,Credit,Cards,Credit,1,Medium,CAD,1,ACTIVE,78898.93,2023-01-14,,BR020,Vancouver Branch 20,Vancouver,British Columbia,Canada,West,Retail,1,2023-01-14,2026-08-18
A00968,C00205,CHEQUING,Deposit,Retail Banking,Deposit,0,Low,CAD,1,A,47074.84,2011-05-14,,BR011,Calgary Branch 11,Calgary,Alberta,Canada,West,Retail,1,2011-05-14,2026-08-18
A00969,C00375,Line of Credit,Credit,Lending,Credit,1,Medium,CAD,1,ACTIVE,16829.77,2012-08-20,,BR023,Halifax Branch 23,Halifax,Nova Scotia,Canada,Atlantic,Retail,1,2012-08-20,2026-08-18
A00970,C00160,Savings,Deposit,Retail Banking,Deposit,1,Low,CAD,1,CLOSED,26294.17,2019-09-08,2023-03-21,BR009,Toronto Branch 9,Toronto,Ontario,Canada,Central,Retail,1,2019-09-08,2026-08-18
A00971,C01027,Line of Credit,Credit,Lending,Credit,1,Medium,CAD,1,CLOSED,33191.73,2017-05-12,2026-03-14,BR007,Toronto Branch 7,Toronto,Ontario,Canada,Central,Retail,1,2017-05-12,2026-08-18
A00972,C01098,Line of Credit,Credit,Lending,Credit,1,Medium,CAD,1,A,16133.53,2018-08-19,,BR010,Calgary Branch 10,Calgary,Alberta,Canada,West,Retail,1,2018-08-19,2026-08-18
A00973,C00355,Credit Card,Credit,Cards,Credit,1,Medium,CAD,1,A,27727.84,2022-03-14,,BR015,Toronto Branch 15,Toronto,Ontario,Canada,Central,Retail,1,2022-03-14,2026-08-18
A00974,C00695,Checking,Deposit,Retail Banking,Deposit,0,Low,CAD,1,C,65110.11,2023-12-23,2024-03-26,BR001,Calgary Branch 1,Calgary,Alberta,Canada,West,Retail,1,2023-12-23,2026-08-18
A00975,C00571,Checking,Deposit,Retail Banking,Deposit,0,Low,CAD,1,CLOSED,17025.3,2020-11-11,2023-12-13,BR013,Calgary Branch 13,Calgary,Alberta,Canada,West,Retail,1,2020-11-11,2026-08-18
A00976,C01093,Checking,Deposit,Retail Banking,Deposit,0,Low,CAD,1,ACTIVE,,2010-01-19,,BR016,Montreal Branch 16,Montreal,Quebec,Canada,Central,Retail,1,2010-01-19,2026-08-18
A00977,C00455,Savings,Deposit,Retail Banking,Deposit,1,Low,CAD,1,CLOSED,73572.44,2023-01-10,2025-05-29,BR010,Montreal Branch 10,Montreal,Quebec,Canada,Central,Retail,1,2023-01-10,2026-08-18
A00978,C00169,Line of Credit,Credit,Lending,Credit,1,Medium,CAD,1,CLOSED,39316.02,2018-05-07,2019-01-01,BR013,Calgary Branch 13,Calgary,Alberta,Canada,West,Retail,1,2018-05-07,2026-08-18
A00979,C00479,Line of Credit,Credit,Lending,Credit,1,Medium,CAD,1,CLOSED,67783.38,2023-05-14,2024-03-08,BR013,Montreal Branch 13,Montreal,Quebec,Canada,Central,Retail,1,2023-05-14,2026-08-18
A00980,C01170,Line of Credit,Credit,Lending,Credit,1,Medium,CAD,1,C,51706.46,2012-06-22,2014-07-05,BR017,Calgary Branch 17,Calgary,Alberta,Canada,West,Retail,1,2012-06-22,2026-08-18
A00981,C00023,Savings,Deposit,Retail Banking,Deposit,1,Low,CAD,1,ACTIVE,57474.9,2014-08-16,,BR004,Halifax Branch 4,Halifax,Nova Scotia,Canada,Atlantic,Retail,1,2014-08-16,2026-08-18
A00982,C00745,Credit Card,Credit,Cards,Credit,1,Medium,CAD,1,CLOSED,28650.62,2011-12-15,2012-06-29,BR008,Montreal Branch 8,Montreal,Quebec,Canada,Central,Retail,1,2011-12-15,2026-08-18
A00983,C00547,Line of Credit,Credit,Lending,Credit,1,Medium,CAD,1,ACTIVE,70441.73,2011-06-02,,BR015,Vancouver Branch 15,Vancouver,British Columbia,Canada,West,Retail,1,2011-06-02,2026-08-18
A00984,C00433,Line of Credit,Credit,Lending,Credit,1,Medium,CAD,1,CLOSED,64283.52,2017-04-01,2022-09-30,BR022,Calgary Branch 22,Calgary,Alberta,Canada,West,Retail,1,2017-04-01,2026-08-18
A00985,C00375,Savings,Deposit,Retail Banking,Deposit,1,Low,CAD,1,A,54573.36,2025-12-26,,BR005,Vancouver Branch 5,Vancouver,British Columbia,Canada,West,Retail,1,2025-12-26,2026-08-18
A00986,C01049,Checking,Deposit,Retail Banking,Deposit,0,Low,CAD,1,C,61237.99,2023-08-19,2024-03-02,BR025,Vancouver Branch 25,Vancouver,British Columbia,Canada,West,Retail,1,2023-08-19,2026-08-18
A00987,C00421,Line of Credit,Credit,Lending,Credit,1,Medium,CAD,1,C,38414.69,2023-06-07,2023-10-10,BR025,Calgary Branch 25,Calgary,Alberta,Canada,West,Retail,1,2023-06-07,2026-08-18
A00988,C01032,Line of Credit,Credit,Lending,Credit,1,Medium,CAD,1,ACTIVE,69485.75,2019-11-27,,BR023,Toronto Branch 23,Toronto,Ontario,Canada,Central,Retail,1,2019-11-27,2026-08-18
A00989,C00620,Line of Credit,Credit,Lending,Credit,1,Medium,CAD,1,C,31926.61,2010-12-28,2025-05-16,BR001,Vancouver Branch 1,Vancouver,British Columbia,Canada,West,Retail,1,2010-12-28,2026-08-18
A00990,C00866,CHEQUING,Deposit,Retail Banking,Deposit,0,Low,CAD,1,A,25867.36,2013-12-15,,BR018,Toronto Branch 18,Toronto,Ontario,Canada,Central,Retail,1,2013-12-15,2026-08-18
A00991,C00383,Savings,Deposit,Retail Banking,Deposit,1,Low,CAD,1,CLOSED,40417.06,2022-11-24,2023-02-22,BR007,Calgary Branch 7,Calgary,Alberta,Canada,West,Retail,1,2022-11-24,2026-08-18
A00992,C01191,Savings,Deposit,Retail Banking,Deposit,1,Low,CAD,1,A,47193.94,2022-03-19,,BR019,Halifax Branch 19,Halifax,Nova Scotia,Canada,Atlantic,Retail,1,2022-03-19,2026-08-18
A00993,C00316,Checking,Deposit,Retail Banking,Deposit,0,Low,CAD,1,ACTIVE,48799.08,2012-11-19,,BR018,Calgary Branch 18,Calgary,Alberta,Canada,West,Retail,1,2012-11-19,2026-08-18
A00994,C01094,Line of Credit,Credit,Lending,Credit,1,Medium,CAD,1,A,45482.88,2016-04-15,,BR001,Montreal Branch 1,Montreal,Quebec,Canada,Central,Retail,1,2016-04-15,2026-08-18
A00995,C01097,Line of Credit,Credit,Lending,Credit,1,Medium,CAD,1,C,2535.81,2018-03-13,2020-01-18,BR023,Montreal Branch 23,Montreal,Quebec,Canada,Central,Retail,1,2018-03-13,2026-08-18
A00996,C01159,Checking,Deposit,Retail Banking,Deposit,0,Low,CAD,1,A,10851.95,2017-06-10,,BR012,Halifax Branch 12,Halifax,Nova Scotia,Canada,Atlantic,Retail,1,2017-06-10,2026-08-18
A00997,C01104,Line of Credit,Credit,Lending,Credit,1,Medium,CAD,1,ACTIVE,5882.69,2010-07-20,,BR011,Vancouver Branch 11,Vancouver,British Columbia,Canada,West,Retail,1,2010-07-20,2026-08-18
A00998,C00476,Line of Credit,Credit,Lending,Credit,1,Medium,CAD,1,ACTIVE,95838.3,2010-06-09,,BR009,Toronto Branch 9,Toronto,Ontario,Canada,Central,Retail,1,2010-06-09,2026-08-18
A00999,C00229,Credit Card,Credit,Cards,Credit,1,Medium,CAD,1,A,46323.8,2011-12-05,,BR018,Toronto Branch 18,Toronto,Ontario,Canada,Central,Retail,1,2011-12-05,2026-08-18
A01000,C00234,Line of Credit,Credit,Lending,Credit,1,Medium,CAD,1,CLOSED,26743.47,2010-07-21,2025-01-03,BR008,Vancouver Branch 8,Vancouver,British Columbia,Canada,West,Retail,1,2010-07-21,2026-08-18
A01001,C00291,CREDIT CARD,Credit,Cards,Credit,1,Medium,CAD,1,C,92061.31,2011-02-13,2024-03-24,BR022,Calgary Branch 22,Calgary,Alberta,Canada,West,Retail,1,2011-02-13,2026-08-18
A01002,C00320,Savings,Deposit,Retail Banking,Deposit,1,Low,CAD,1,A,11000.98,2010-04-15,,BR002,Montreal Branch 2,Montreal,Quebec,Canada,Central,Retail,1,2010-04-15,2026-08-18
A01003,C01105,Line of Credit,Credit,Lending,Credit,1,Medium,CAD,1,ACTIVE,2624.33,2011-08-02,,BR021,Montreal Branch 21,Montreal,Quebec,Canada,Central,Retail,1,2011-08-02,2026-08-18
A01004,C00850,Savings,Deposit,Retail Banking,Deposit,1,Low,CAD,1,CLOSED,52633.56,2012-08-06,2016-01-18,BR020,Calgary Branch 20,Calgary,Alberta,Canada,West,Retail,1,2012-08-06,2026-08-18
A01005,C00938,Checking,Deposit,Retail Banking,Deposit,0,Low,CAD,1,A,65881.59,2019-09-11,,BR001,Montreal Branch 1,Montreal,Quebec,Canada,Central,Retail,1,2019-09-11,2026-08-18
A01006,C01106,Checking,Deposit,Retail Banking,Deposit,0,Low,CAD,1,CLOSED,8426.14,2020-10-06,2023-12-08,BR014,Calgary Branch 14,Calgary,Alberta,Canada,West,Retail,1,2020-10-06,2026-08-18
A01007,C00832,Savings,Deposit,Retail Banking,Deposit,1,Low,CAD,1,CLOSED,16734.8,2013-12-20,2016-07-09,BR016,Vancouver Branch 16,Vancouver,British Columbia,Canada,West,Retail,1,2013-12-20,2026-08-18
A01008,C00246,Line of Credit,Credit,Lending,Credit,1,Medium,CAD,1,ACTIVE,83987.53,2010-09-02,,BR008,Toronto Branch 8,Toronto,Ontario,Canada,Central,Retail,1,2010-09-02,2026-08-18
A01009,C00782,Line of Credit,Credit,Lending,Credit,1,Medium,CAD,1,C,26567.01,2015-07-07,2018-09-28,BR011,Halifax Branch 11,Halifax,Nova Scotia,Canada,Atlantic,Retail,1,2015-07-07,2026-08-18
A01010,C00605,Checking,Deposit,Retail Banking,Deposit,0,Low,CAD,1,CLOSED,7662.91,2020-09-22,2020-11-15,BR001,Montreal Branch 1,Montreal,Quebec,Canada,Central,Retail,1,2020-09-22,2026-08-18
A01011,C01200,Checking,Deposit,Retail Banking,Deposit,0,Low,CAD,1,ACTIVE,40486.1,2015-11-12,,BR001,Montreal Branch 1,Montreal,Quebec,Canada,Central,Retail,1,2015-11-12,2026-08-18
A01012,C00546,Savings,Deposit,Retail Banking,Deposit,1,Low,CAD,1,ACTIVE,399.97,2017-08-12,,BR018,Toronto Branch 18,Toronto,Ontario,Canada,Central,Retail,1,2017-08-12,2026-08-18
A01013,C00271,Line of Credit,Credit,Lending,Credit,1,Medium,CAD,1,CLOSED,75985.03,2011-04-20,2025-12-08,BR001,Vancouver Branch 1,Vancouver,British Columbia,Canada,West,Retail,1,2011-04-20,2026-08-18
A01014,C00871,CREDIT CARD,Credit,Cards,Credit,1,Medium,CAD,1,C,34869.02,2022-06-05,2022-09-29,BR008,Toronto Branch 8,Toronto,Ontario,Canada,Central,Retail,1,2022-06-05,2026-08-18
A01015,C00034,Credit Card,Credit,Cards,Credit,1,Medium,CAD,1,CLOSED,77777.89,2012-12-18,2021-04-13,BR009,Calgary Branch 9,Calgary,Alberta,Canada,West,Retail,1,2012-12-18,2026-08-18
A01016,C01168,Checking,Deposit,Retail Banking,Deposit,0,Low,CAD,1,ACTIVE,11445.07,2018-09-18,,BR023,Vancouver Branch 23,Vancouver,British Columbia,Canada,West,Retail,1,2018-09-18,2026-08-18
A01017,C00405,Line of Credit,Credit,Lending,Credit,1,Medium,CAD,1,C,39706.61,2017-09-12,2025-10-07,BR005,Vancouver Branch 5,Vancouver,British Columbia,Canada,West,Retail,1,2017-09-12,2026-08-18
A01018,C01084,Checking,Deposit,Retail Banking,Deposit,0,Low,CAD,1,CLOSED,60234.06,2023-01-13,2025-09-18,BR020,Toronto Branch 20,Toronto,Ontario,Canada,Central,Retail,1,2023-01-13,2026-08-18
A01019,C00357,Line of Credit,Credit,Lending,Credit,1,Medium,CAD,1,C,81567.96,2012-03-12,2024-12-28,BR022,Montreal Branch 22,Montreal,Quebec,Canada,Central,Retail,1,2012-03-12,2026-08-18
A01020,C01155,Checking,Deposit,Retail Banking,Deposit,0,Low,CAD,1,CLOSED,16161.45,2018-03-20,2020-05-13,BR014,Halifax Branch 14,Halifax,Nova Scotia,Canada,Atlantic,Retail,1,2018-03-20,2026-08-18
A01021,C01195,Checking,Deposit,Retail Banking,Deposit,0,Low,CAD,1,A,96633.09,2022-07-13,,BR019,Halifax Branch 19,Halifax,Nova Scotia,Canada,Atlantic,Retail,1,2022-07-13,2026-08-18
A01022,C01123,Line of Credit,Credit,Lending,Credit,1,Medium,CAD,1,ACTIVE,58592.76,2016-06-13,,BR024,Toronto Branch 24,Toronto,Ontario,Canada,Central,Retail,1,2016-06-13,2026-08-18
A01023,C01015,CHEQUING,Deposit,Retail Banking,Deposit,0,Low,CAD,1,CLOSED,55375.78,2020-09-24,2025-04-18,BR015,Toronto Branch 15,Toronto,Ontario,Canada,Central,Retail,1,2020-09-24,2026-08-18
A01024,C00522,Line of Credit,Credit,Lending,Credit,1,Medium,CAD,1,CLOSED,29761.34,2015-06-25,2015-09-13,BR008,Calgary Branch 8,Calgary,Alberta,Canada,West,Retail,1,2015-06-25,2026-08-18
A01025,C01082,Checking,Deposit,Retail Banking,Deposit,0,Low,CAD,1,ACTIVE,9112.39,2018-10-27,,BR007,Halifax Branch 7,Halifax,Nova Scotia,Canada,Atlantic,Retail,1,2018-10-27,2026-08-18
A01026,C00594,Checking,Deposit,Retail Banking,Deposit,0,Low,CAD,1,CLOSED,2447.76,2012-03-05,2012-06-23,BR003,Calgary Branch 3,Calgary,Alberta,Canada,West,Retail,1,2012-03-05,2026-08-18
A01027,C00465,CREDIT CARD,Credit,Cards,Credit,1,Medium,CAD,1,A,95636.69,2024-07-05,,BR010,Halifax Branch 10,Halifax,Nova Scotia,Canada,Atlantic,Retail,1,2024-07-05,2026-08-18
A01028,C01178,Savings,Deposit,Retail Banking,Deposit,1,Low,CAD,1,A,1176.61,2012-04-10,,BR017,Montreal Branch 17,Montreal,Quebec,Canada,Central,Retail,1,2012-04-10,2026-08-18
A01029,C01107,Line of Credit,Credit,Lending,Credit,1,Medium,CAD,1,CLOSED,2833.79,2014-11-27,2017-12-15,BR020,Montreal Branch 20,Montreal,Quebec,Canada,Central,Retail,1,2014-11-27,2026-08-18
A01030,C00675,Line of Credit,Credit,Lending,Credit,1,Medium,CAD,1,ACTIVE,29333.57,2022-05-06,,BR001,Montreal Branch 1,Montreal,Quebec,Canada,Central,Retail,1,2022-05-06,2026-08-18
A01031,C00874,Checking,Deposit,Retail Banking,Deposit,0,Low,CAD,1,ACTIVE,2613.51,2015-04-11,,BR016,Halifax Branch 16,Halifax,Nova Scotia,Canada,Atlantic,Retail,1,2015-04-11,2026-08-18
A01032,C01117,Line of Credit,Credit,Lending,Credit,1,Medium,CAD,1,CLOSED,91495.06,2013-10-09,2016-08-28,BR019,Calgary Branch 19,Calgary,Alberta,Canada,West,Retail,1,2013-10-09,2026-08-18
A01033,C00747,Savings,Deposit,Retail Banking,Deposit,1,Low,CAD,1,A,8060.09,2022-09-05,,BR022,Montreal Branch 22,Montreal,Quebec,Canada,Central,Retail,1,2022-09-05,2026-08-18
A01034,C01172,CHEQUING,Deposit,Retail Banking,Deposit,0,Low,CAD,1,CLOSED,93612.95,2024-10-14,2025-02-23,BR014,Halifax Branch 14,Halifax,Nova Scotia,Canada,Atlantic,Retail,1,2024-10-14,2026-08-18
A01035,C01006,Credit Card,Credit,Cards,Credit,1,Medium,CAD,1,C,30616.82,2014-11-24,2015-02-17,BR010,Vancouver Branch 10,Vancouver,British Columbia,Canada,West,Retail,1,2014-11-24,2026-08-18
A01036,C00647,Credit Card,Credit,Cards,Credit,1,Medium,CAD,1,A,65493.17,2015-06-08,,BR016,Halifax Branch 16,Halifax,Nova Scotia,Canada,Atlantic,Retail,1,2015-06-08,2026-08-18
A01037,C00348,Line of Credit,Credit,Lending,Credit,1,Medium,CAD,1,CLOSED,,2010-01-16,2021-03-31,BR007,Halifax Branch 7,Halifax,Nova Scotia,Canada,Atlantic,Retail,1,2010-01-16,2026-08-18
,C00368,Savings,Deposit,Retail Banking,Deposit,1,Low,CAD,1,CLOSED,75635.72,2021-01-08,2021-08-02,BR025,Vancouver Branch 25,Vancouver,British Columbia,Canada,West,Retail,1,2021-01-08,2026-08-18
A01039,C00992,Savings,Deposit,Retail Banking,Deposit,1,Low,CAD,1,A,58874.02,2020-10-24,,BR017,Toronto Branch 17,Toronto,Ontario,Canada,Central,Retail,1,2020-10-24,2026-08-18
A01040,C00636,Checking,Deposit,Retail Banking,Deposit,0,Low,CAD,1,C,17976.77,2024-01-07,2026-02-24,BR010,Toronto Branch 10,Toronto,Ontario,Canada,Central,Retail,1,2024-01-07,2026-08-18
A01041,C00884,Credit Card,Credit,Cards,Credit,1,Medium,CAD,1,A,77862.94,2019-09-20,,BR016,Vancouver Branch 16,Vancouver,British Columbia,Canada,West,Retail,1,2019-09-20,2026-08-18
A01042,C00011,Savings,Deposit,Retail Banking,Deposit,1,Low,CAD,1,ACTIVE,31178.93,2023-03-25,,BR003,Vancouver Branch 3,Vancouver,British Columbia,Canada,West,Retail,1,2023-03-25,2026-08-18
A01043,C00070,Line of Credit,Credit,Lending,Credit,1,Medium,CAD,1,A,78535.97,2030-01-01,,BR021,Vancouver Branch 21,Vancouver,British Columbia,Canada,West,Retail,1,2030-01-01,2026-08-18
A01044,C00711,Credit Card,Credit,Cards,Credit,1,Medium,CAD,1,ACTIVE,86319.74,2025-12-08,,BR019,Halifax Branch 19,Halifax,Nova Scotia,Canada,Atlantic,Retail,1,2025-12-08,2026-08-18
A01045,C01144,Savings,Deposit,Retail Banking,Deposit,1,Low,CAD,1,C,60304.36,2021-07-07,2021-10-20,BR003,Montreal Branch 3,Montreal,Quebec,Canada,Central,Retail,1,2021-07-07,2026-08-18
A01046,C00658,Credit Card,Credit,Cards,Credit,1,Medium,CAD,1,A,72756.44,2010-06-12,,BR004,Calgary Branch 4,Calgary,Alberta,Canada,West,Retail,1,2010-06-12,2026-08-18
A01047,C00240,Line of Credit,Credit,Lending,Credit,1,Medium,CAD,1,CLOSED,36257.41,2018-12-26,2026-07-27,BR020,Montreal Branch 20,Montreal,Quebec,Canada,Central,Retail,1,2018-12-26,2026-08-18
A01048,C00504,Line of Credit,Credit,Lending,Credit,1,Medium,CAD,1,A,28148.17,2025-08-01,,BR019,Halifax Branch 19,Halifax,Nova Scotia,Canada,Atlantic,Retail,1,2025-08-01,2026-08-18
A01049,C01119,Savings,Deposit,Retail Banking,Deposit,1,Low,CAD,1,C,99443.33,2020-05-04,2020-08-17,BR008,Montreal Branch 8,Montreal,Quebec,Canada,Central,Retail,1,2020-05-04,2026-08-18
A01050,C00329,Checking,Deposit,Retail Banking,Deposit,0,Low,CAD,1,ACTIVE,58650.92,2012-09-01,,BR013,Toronto Branch 13,Toronto,Ontario,Canada,Central,Retail,1,2012-09-01,2026-08-18
A01051,C00044,Savings,Deposit,Retail Banking,Deposit,1,Low,CAD,1,CLOSED,94826.22,2021-09-18,2025-08-19,BR021,Toronto Branch 21,Toronto,Ontario,Canada,Central,Retail,1,2021-09-18,2026-08-18
A01052,C00186,Line of Credit,Credit,Lending,Credit,1,Medium,CAD,1,C,60612.09,2010-03-13,2013-10-22,BR011,Calgary Branch 11,Calgary,Alberta,Canada,West,Retail,1,2010-03-13,2026-08-18
A01053,C00485,Line of Credit,Credit,Lending,Credit,1,Medium,CAD,1,ACTIVE,86628.64,2023-12-20,,BR024,Montreal Branch 24,Montreal,Quebec,Canada,Central,Retail,1,2023-12-20,2026-08-18
A01054,C00615,Credit Card,Credit,Cards,Credit,1,Medium,CAD,1,ACTIVE,60292.59,2014-04-02,,BR015,Vancouver Branch 15,Vancouver,British Columbia,Canada,West,Retail,1,2014-04-02,2026-08-18
A01055,C01144,Credit Card,Credit,Cards,Credit,1,Medium,CAD,1,A,50311.71,2011-07-16,,BR020,Halifax Branch 20,Halifax,Nova Scotia,Canada,Atlantic,Retail,1,2011-07-16,2026-08-18
A01056,C00190,Line of Credit,Credit,Lending,Credit,1,Medium,CAD,1,A,59748.26,2015-01-22,,BR020,Halifax Branch 20,Halifax,Nova Scotia,Canada,Atlantic,Retail,1,2015-01-22,2026-08-18
A01057,C00206,Credit Card,Credit,Cards,Credit,1,Medium,CAD,1,ACTIVE,80981.07,2012-02-07,,BR013,Toronto Branch 13,Toronto,Ontario,Canada,Central,Retail,1,2012-02-07,2026-08-18
A01058,C00494,Savings,Deposit,Retail Banking,Deposit,1,Low,CAD,1,A,33962.48,2018-09-11,,BR013,Montreal Branch 13,Montreal,Quebec,Canada,Central,Retail,1,2018-09-11,2026-08-18
A01059,C00326,Checking,Deposit,Retail Banking,Deposit,0,Low,CAD,1,CLOSED,29174.5,2013-10-21,2014-08-11,BR015,Halifax Branch 15,Halifax,Nova Scotia,Canada,Atlantic,Retail,1,2013-10-21,2026-08-18
A01060,C00745,Checking,Deposit,Retail Banking,Deposit,0,Low,CAD,1,CLOSED,47342.9,2020-04-20,2020-06-17,BR009,Halifax Branch 9,Halifax,Nova Scotia,Canada,Atlantic,Retail,1,2020-04-20,2026-08-18
A01061,C00282,Credit Card,Credit,Cards,Credit,1,Medium,CAD,1,A,86286.09,2025-12-23,,BR022,Montreal Branch 22,Montreal,Quebec,Canada,Central,Retail,1,2025-12-23,2026-08-18
A01062,C01173,Checking,Deposit,Retail Banking,Deposit,0,Low,CAD,1,CLOSED,6879.59,2024-02-10,2026-04-13,BR020,Halifax Branch 20,Halifax,Nova Scotia,Canada,Atlantic,Retail,1,2024-02-10,2026-08-18
A01063,C00835,Credit Card,Credit,Cards,Credit,1,Medium,CAD,1,CLOSED,99779.12,2018-07-26,2022-12-29,BR005,Toronto Branch 5,Toronto,Ontario,Canada,Central,Retail,1,2018-07-26,2026-08-18
A01064,C00028,Checking,Deposit,Retail Banking,Deposit,0,Low,CAD,1,CLOSED,-221.01,2020-12-25,2026-03-28,BR008,Toronto Branch 8,Toronto,Ontario,Canada,Central,Retail,1,2020-12-25,2026-08-18
A01065,C01138,Checking,Deposit,Retail Banking,Deposit,0,Low,CAD,1,C,12538.86,2012-12-18,2013-05-31,BR016,Vancouver Branch 16,Vancouver,British Columbia,Canada,West,Retail,1,2012-12-18,2026-08-18
A01066,C00806,Line of Credit,Credit,Lending,Credit,1,Medium,CAD,1,CLOSED,32729.73,2016-07-17,2017-03-02,BR002,Halifax Branch 2,Halifax,Nova Scotia,Canada,Atlantic,Retail,1,2016-07-17,2026-08-18
A01067,C01088,CHEQUING,Deposit,Retail Banking,Deposit,0,Low,CAD,1,CLOSED,36781.94,2022-07-08,2022-08-24,BR005,Halifax Branch 5,Halifax,Nova Scotia,Canada,Atlantic,Retail,1,2022-07-08,2026-08-18
A01068,C00090,Savings,Deposit,Retail Banking,Deposit,1,Low,CAD,1,A,600.37,2018-01-20,,BR007,Vancouver Branch 7,Vancouver,British Columbia,Canada,West,Retail,1,2018-01-20,2026-08-18
A01069,C00048,Savings,Deposit,Retail Banking,Deposit,1,Low,CAD,1,A,13887.82,2011-12-08,,BR005,Toronto Branch 5,Toronto,Ontario,Canada,Central,Retail,1,2011-12-08,2026-08-18
A01070,C00751,Credit Card,Credit,Cards,Credit,1,Medium,CAD,1,CLOSED,36788.26,2015-12-07,2024-07-02,BR015,Montreal Branch 15,Montreal,Quebec,Canada,Central,Retail,1,2015-12-07,2026-08-18
A01071,C00882,Checking,Deposit,Retail Banking,Deposit,0,Low,CAD,1,A,62139.74,2015-07-02,,BR018,Halifax Branch 18,Halifax,Nova Scotia,Canada,Atlantic,Retail,1,2015-07-02,2026-08-18
A01072,C00560,Savings,Deposit,Retail Banking,Deposit,1,Low,CAD,1,CLOSED,65989.42,2024-06-27,2025-05-25,BR009,Toronto Branch 9,Toronto,Ontario,Canada,Central,Retail,1,2024-06-27,2026-08-18
A01073,C01053,Checking,Deposit,Retail Banking,Deposit,0,Low,CAD,1,C,92535.75,2020-05-24,2023-09-04,BR008,Halifax Branch 8,Halifax,Nova Scotia,Canada,Atlantic,Retail,1,2020-05-24,2026-08-18
A01074,C00798,Savings,Deposit,Retail Banking,Deposit,1,Low,CAD,1,A,71695.81,2010-11-18,,BR020,Halifax Branch 20,Halifax,Nova Scotia,Canada,Atlantic,Retail,1,2010-11-18,2026-08-18
A01075,C00322,Credit Card,Credit,Cards,Credit,1,Medium,CAD,1,C,32682.22,2016-05-27,2025-01-11,BR013,Montreal Branch 13,Montreal,Quebec,Canada,Central,Retail,1,2016-05-27,2026-08-18
A01076,C00835,Checking,Deposit,Retail Banking,Deposit,0,Low,CAD,1,CLOSED,49251.68,2021-03-04,2024-09-16,BR011,Calgary Branch 11,Calgary,Alberta,Canada,West,Retail,1,2021-03-04,2026-08-18
A01077,C00063,Line of Credit,Credit,Lending,Credit,1,Medium,CAD,1,CLOSED,30614.49,2017-07-04,2019-02-25,BR014,Halifax Branch 14,Halifax,Nova Scotia,Canada,Atlantic,Retail,1,2017-07-04,2026-08-18
A01078,C00033,Line of Credit,Credit,Lending,Credit,1,Medium,CAD,1,ACTIVE,75655.83,2019-08-28,,BR013,Halifax Branch 13,Halifax,Nova Scotia,Canada,Atlantic,Retail,1,2019-08-28,2026-08-18
A01079,C00009,Checking,Deposit,Retail Banking,Deposit,0,Low,CAD,1,C,6636.13,2021-02-12,2021-05-08,BR007,Toronto Branch 7,Toronto,Ontario,Canada,Central,Retail,1,2021-02-12,2026-08-18
A01080,C00648,Savings,Deposit,Retail Banking,Deposit,1,Low,CAD,1,A,42027.62,2017-11-24,,BR004,Vancouver Branch 4,Vancouver,British Columbia,Canada,West,Retail,1,2017-11-24,2026-08-18
A01081,C00524,Line of Credit,Credit,Lending,Credit,1,Medium,CAD,1,A,37028.68,2021-09-15,,BR006,Halifax Branch 6,Halifax,Nova Scotia,Canada,Atlantic,Retail,1,2021-09-15,2026-08-18
A01082,C00116,Credit Card,Credit,Cards,Credit,1,Medium,CAD,1,C,43954.93,2016-04-19,2019-10-30,BR009,Halifax Branch 9,Halifax,Nova Scotia,Canada,Atlantic,Retail,1,2016-04-19,2026-08-18
A01083,C01196,Line of Credit,Credit,Lending,Credit,1,Medium,CAD,1,C,93866.39,2021-04-04,2025-03-26,BR015,Montreal Branch 15,Montreal,Quebec,Canada,Central,Retail,1,2021-04-04,2026-08-18
A01084,C01179,Savings,Deposit,Retail Banking,Deposit,1,Low,CAD,1,A,75726.36,2024-02-19,,BR017,Montreal Branch 17,Montreal,Quebec,Canada,Central,Retail,1,2024-02-19,2026-08-18
A01085,C00253,Line of Credit,Credit,Lending,Credit,1,Medium,CAD,1,ACTIVE,42683.36,2019-12-13,,BR013,Vancouver Branch 13,Vancouver,British Columbia,Canada,West,Retail,1,2019-12-13,2026-08-18
A01086,C00943,Checking,Deposit,Retail Banking,Deposit,0,Low,CAD,1,CLOSED,62533.73,2020-12-20,2022-07-13,BR018,Toronto Branch 18,Toronto,Ontario,Canada,Central,Retail,1,2020-12-20,2026-08-18
A01087,C00980,Line of Credit,Credit,Lending,Credit,1,Medium,CAD,1,CLOSED,77085.67,2010-06-22,2011-08-28,BR008,Calgary Branch 8,Calgary,Alberta,Canada,West,Retail,1,2010-06-22,2026-08-18
A01088,C01155,Line of Credit,Credit,Lending,Credit,1,Medium,CAD,1,A,80473.93,2018-04-28,,BR004,Halifax Branch 4,Halifax,Nova Scotia,Canada,Atlantic,Retail,1,2018-04-28,2026-08-18
A01089,C00295,CHEQUING,Deposit,Retail Banking,Deposit,0,Low,CAD,1,CLOSED,23810.5,2010-10-12,2021-10-28,BR007,Toronto Branch 7,Toronto,Ontario,Canada,Central,Retail,1,2010-10-12,2026-08-18
A01090,C01149,Line of Credit,Credit,Lending,Credit,1,Medium,CAD,1,CLOSED,25537.16,2014-04-19,2020-11-11,BR006,Toronto Branch 6,Toronto,Ontario,Canada,Central,Retail,1,2014-04-19,2026-08-18
A01091,C00771,Checking,Deposit,Retail Banking,Deposit,0,Low,CAD,1,CLOSED,89524.84,2017-03-27,2026-05-01,BR015,Montreal Branch 15,Montreal,Quebec,Canada,Central,Retail,1,2017-03-27,2026-08-18
A01092,C00327,Checking,Deposit,Retail Banking,Deposit,0,Low,CAD,1,ACTIVE,62005.92,2015-08-16,,BR023,Montreal Branch 23,Montreal,Quebec,Canada,Central,Retail,1,2015-08-16,2026-08-18
A01093,C00374,Checking,Deposit,Retail Banking,Deposit,0,Low,CAD,1,A,13234.4,2020-11-05,,BR022,Calgary Branch 22,Calgary,Alberta,Canada,West,Retail,1,2020-11-05,2026-08-18
A01094,C00387,Savings,Deposit,Retail Banking,Deposit,1,Low,CAD,1,A,6058.5,2013-05-23,,BR020,Calgary Branch 20,Calgary,Alberta,Canada,West,Retail,1,2013-05-23,2026-08-18
A01095,C00145,Checking,Deposit,Retail Banking,Deposit,0,Low,CAD,1,ACTIVE,96133.5,2018-05-05,,BR016,Toronto Branch 16,Toronto,Ontario,Canada,Central,Retail,1,2018-05-05,2026-08-18
A01096,C00551,Checking,Deposit,Retail Banking,Deposit,0,Low,CAD,1,C,86132.78,2010-11-16,2018-02-27,BR011,Calgary Branch 11,Calgary,Alberta,Canada,West,Retail,1,2010-11-16,2026-08-18
A01097,C00143,Credit Card,Credit,Cards,Credit,1,Medium,CAD,1,C,56623.6,2022-01-15,2024-07-26,BR020,Toronto Branch 20,Toronto,Ontario,Canada,Central,Retail,1,2022-01-15,2026-08-18
A01098,C00806,Checking,Deposit,Retail Banking,Deposit,0,Low,CAD,1,A,,2017-02-01,,BR023,Calgary Branch 23,Calgary,Alberta,Canada,West,Retail,1,2017-02-01,2026-08-18
A01099,C00309,Credit Card,Credit,Cards,Credit,1,Medium,CAD,1,ACTIVE,77232.41,2016-11-05,,BR014,Toronto Branch 14,Toronto,Ontario,Canada,Central,Retail,1,2016-11-05,2026-08-18
A01100,C00849,CHEQUING,Deposit,Retail Banking,Deposit,0,Low,CAD,1,ACTIVE,19977.08,2024-08-15,,BR003,Vancouver Branch 3,Vancouver,British Columbia,Canada,West,Retail,1,2024-08-15,2026-08-18
A01101,C00008,Savings,Deposit,Retail Banking,Deposit,1,Low,CAD,1,CLOSED,92514.07,2022-05-24,2022-08-19,BR015,Vancouver Branch 15,Vancouver,British Columbia,Canada,West,Retail,1,2022-05-24,2026-08-18
A01102,C00642,Checking,Deposit,Retail Banking,Deposit,0,Low,CAD,1,CLOSED,2972.6,2021-01-08,2025-07-29,BR020,Calgary Branch 20,Calgary,Alberta,Canada,West,Retail,1,2021-01-08,2026-08-18
A01103,C00969,Checking,Deposit,Retail Banking,Deposit,0,Low,CAD,1,C,72656.58,2019-03-21,2020-04-01,BR002,Calgary Branch 2,Calgary,Alberta,Canada,West,Retail,1,2019-03-21,2026-08-18
A01104,C00970,Credit Card,Credit,Cards,Credit,1,Medium,CAD,1,A,67377.45,2014-08-09,,BR014,Halifax Branch 14,Halifax,Nova Scotia,Canada,Atlantic,Retail,1,2014-08-09,2026-08-18
A01105,C00881,CREDIT CARD,Credit,Cards,Credit,1,Medium,CAD,1,CLOSED,36810.65,2015-07-15,2017-02-28,BR001,Calgary Branch 1,Calgary,Alberta,Canada,West,Retail,1,2015-07-15,2026-08-18
A01106,C00731,Checking,Deposit,Retail Banking,Deposit,0,Low,CAD,1,CLOSED,80387.45,2011-04-23,2015-09-02,BR022,Halifax Branch 22,Halifax,Nova Scotia,Canada,Atlantic,Retail,1,2011-04-23,2026-08-18
A01107,C00995,Line of Credit,Credit,Lending,Credit,1,Medium,CAD,1,C,44505.57,2023-12-03,2025-08-11,BR011,Montreal Branch 11,Montreal,Quebec,Canada,Central,Retail,1,2023-12-03,2026-08-18
A01108,C00569,Checking,Deposit,Retail Banking,Deposit,0,Low,CAD,1,CLOSED,57218.7,2016-10-23,2025-04-15,BR018,Halifax Branch 18,Halifax,Nova Scotia,Canada,Atlantic,Retail,1,2016-10-23,2026-08-18
A01109,C00426,Savings,Deposit,Retail Banking,Deposit,1,Low,CAD,1,C,927.71,2023-01-19,2024-11-21,BR010,Montreal Branch 10,Montreal,Quebec,Canada,Central,Retail,1,2023-01-19,2026-08-18
A01110,C00527,Checking,Deposit,Retail Banking,Deposit,0,Low,CAD,1,ACTIVE,12744.7,2023-05-07,,BR008,Vancouver Branch 8,Vancouver,British Columbia,Canada,West,Retail,1,2023-05-07,2026-08-18
A01111,C00675,Line of Credit,Credit,Lending,Credit,1,Medium,CAD,1,A,65883.56,2014-02-06,,BR004,Halifax Branch 4,Halifax,Nova Scotia,Canada,Atlantic,Retail,1,2014-02-06,2026-08-18
A01112,C00374,Credit Card,Credit,Cards,Credit,1,Medium,CAD,1,A,-89.58,2020-04-09,,BR003,Calgary Branch 3,Calgary,Alberta,Canada,West,Retail,1,2020-04-09,2026-08-18
A01113,C00331,Line of Credit,Credit,Lending,Credit,1,Medium,CAD,1,C,29667.21,2015-03-07,2026-06-04,BR021,Vancouver Branch 21,Vancouver,British Columbia,Canada,West,Retail,1,2015-03-07,2026-08-18
A01114,C01027,Credit Card,Credit,Cards,Credit,1,Medium,CAD,1,CLOSED,84648.1,2024-12-17,2025-03-22,BR025,Vancouver Branch 25,Vancouver,British Columbia,Canada,West,Retail,1,2024-12-17,2026-08-18
A01115,C00595,Checking,Deposit,Retail Banking,Deposit,0,Low,CAD,1,CLOSED,32647.69,2016-08-17,2017-05-10,BR018,Toronto Branch 18,Toronto,Ontario,Canada,Central,Retail,1,2016-08-17,2026-08-18
A01116,C00524,Savings,Deposit,Retail Banking,Deposit,1,Low,CAD,1,A,98738.69,2011-07-23,,BR007,Vancouver Branch 7,Vancouver,British Columbia,Canada,West,Retail,1,2011-07-23,2026-08-18
A01117,C00665,Credit Card,Credit,Cards,Credit,1,Medium,CAD,1,C,1962.39,2019-08-24,2024-02-12,BR022,Vancouver Branch 22,Vancouver,British Columbia,Canada,West,Retail,1,2019-08-24,2026-08-18
A01118,C00495,Line of Credit,Credit,Lending,Credit,1,Medium,CAD,1,CLOSED,88301.2,2018-10-25,2021-01-21,BR018,Vancouver Branch 18,Vancouver,British Columbia,Canada,West,Retail,1,2018-10-25,2026-08-18
A01119,C00122,Savings,Deposit,Retail Banking,Deposit,1,Low,CAD,1,CLOSED,11492.68,2024-03-07,2026-07-08,BR018,Calgary Branch 18,Calgary,Alberta,Canada,West,Retail,1,2024-03-07,2026-08-18
A01120,C00661,Checking,Deposit,Retail Banking,Deposit,0,Low,CAD,1,ACTIVE,244.61,2012-07-13,,BR014,Vancouver Branch 14,Vancouver,British Columbia,Canada,West,Retail,1,2012-07-13,2026-08-18
A01121,C01071,Credit Card,Credit,Cards,Credit,1,Medium,CAD,1,CLOSED,32719.67,2024-11-17,2025-09-27,BR022,Montreal Branch 22,Montreal,Quebec,Canada,Central,Retail,1,2024-11-17,2026-08-18
A01122,C00522,Line of Credit,Credit,Lending,Credit,1,Medium,CAD,1,C,99115.4,2020-06-16,2021-08-29,BR006,Montreal Branch 6,Montreal,Quebec,Canada,Central,Retail,1,2020-06-16,2026-08-18
A01123,C00692,Line of Credit,Credit,Lending,Credit,1,Medium,CAD,1,A,38334.69,2018-01-01,,BR015,Vancouver Branch 15,Vancouver,British Columbia,Canada,West,Retail,1,2018-01-01,2026-08-18
A01124,C00784,Line of Credit,Credit,Lending,Credit,1,Medium,CAD,1,A,35420.04,2014-05-22,,BR014,Calgary Branch 14,Calgary,Alberta,Canada,West,Retail,1,2014-05-22,2026-08-18
A01125,C00533,Credit Card,Credit,Cards,Credit,1,Medium,CAD,1,ACTIVE,89123.3,2020-02-05,,BR010,Montreal Branch 10,Montreal,Quebec,Canada,Central,Retail,1,2020-02-05,2026-08-18
A01126,C00413,Savings,Deposit,Retail Banking,Deposit,1,Low,CAD,1,ACTIVE,80068.39,2025-05-01,,BR007,Calgary Branch 7,Calgary,Alberta,Canada,West,Retail,1,2025-05-01,2026-08-18
A01127,C00086,Line of Credit,Credit,Lending,Credit,1,Medium,CAD,1,ACTIVE,83567.99,2023-01-17,,BR016,Calgary Branch 16,Calgary,Alberta,Canada,West,Retail,1,2023-01-17,2026-08-18
A01128,C00611,Savings,Deposit,Retail Banking,Deposit,1,Low,CAD,1,ACTIVE,4080.98,2010-04-14,,BR020,Vancouver Branch 20,Vancouver,British Columbia,Canada,West,Retail,1,2010-04-14,2026-08-18
A01129,C00682,Credit Card,Credit,Cards,Credit,1,Medium,CAD,1,CLOSED,16922.53,2016-09-21,2017-06-26,BR023,Toronto Branch 23,Toronto,Ontario,Canada,Central,Retail,1,2016-09-21,2026-08-18
A01130,C01185,Savings,Deposit,Retail Banking,Deposit,1,Low,CAD,1,C,6450.89,2017-01-20,2025-07-05,BR009,Calgary Branch 9,Calgary,Alberta,Canada,West,Retail,1,2017-01-20,2026-08-18
A01131,C00998,Savings,Deposit,Retail Banking,Deposit,1,Low,CAD,1,CLOSED,48221.49,2023-11-03,2025-08-04,BR019,Calgary Branch 19,Calgary,Alberta,Canada,West,Retail,1,2023-11-03,2026-08-18
A01132,C00554,Checking,Deposit,Retail Banking,Deposit,0,Low,CAD,1,C,20579.36,2020-03-18,2021-07-09,BR013,Montreal Branch 13,Montreal,Quebec,Canada,Central,Retail,1,2020-03-18,2026-08-18
A01133,C00774,Savings,Deposit,Retail Banking,Deposit,1,Low,CAD,1,ACTIVE,35070.72,2020-01-15,,BR025,Montreal Branch 25,Montreal,Quebec,Canada,Central,Retail,1,2020-01-15,2026-08-18
A01134,C01174,Line of Credit,Credit,Lending,Credit,1,Medium,CAD,1,CLOSED,63735.41,2010-10-11,2025-03-20,BR008,Montreal Branch 8,Montreal,Quebec,Canada,Central,Retail,1,2010-10-11,2026-08-18
A01135,C00003,Credit Card,Credit,Cards,Credit,1,Medium,CAD,1,A,13605.76,2020-10-27,,BR014,Halifax Branch 14,Halifax,Nova Scotia,Canada,Atlantic,Retail,1,2020-10-27,2026-08-18
A01136,C00725,Checking,Deposit,Retail Banking,Deposit,0,Low,CAD,1,A,80043.79,2018-05-05,,BR003,Calgary Branch 3,Calgary,Alberta,Canada,West,Retail,1,2018-05-05,2026-08-18
A01137,C00315,Checking,Deposit,Retail Banking,Deposit,0,Low,CAD,1,A,46598.7,2018-10-27,,BR010,Montreal Branch 10,Montreal,Quebec,Canada,Central,Retail,1,2018-10-27,2026-08-18
A01138,C00895,Savings,Deposit,Retail Banking,Deposit,1,Low,CAD,1,CLOSED,46852.08,2013-10-24,2024-03-16,BR018,Toronto Branch 18,Toronto,Ontario,Canada,Central,Retail,1,2013-10-24,2026-08-18
A01139,C00548,Line of Credit,Credit,Lending,Credit,1,Medium,CAD,1,C,51105.27,2021-02-22,2021-08-07,BR014,Montreal Branch 14,Montreal,Quebec,Canada,Central,Retail,1,2021-02-22,2026-08-18
A01140,C01065,Checking,Deposit,Retail Banking,Deposit,0,Low,CAD,1,ACTIVE,83829.46,2010-09-17,,BR011,Toronto Branch 11,Toronto,Ontario,Canada,Central,Retail,1,2010-09-17,2026-08-18
A01141,C00451,Line of Credit,Credit,Lending,Credit,1,Medium,CAD,1,CLOSED,24091.6,2018-02-19,2020-01-01,BR025,Calgary Branch 25,Calgary,Alberta,Canada,West,Retail,1,2018-02-19,2026-08-18
A01142,C00574,Checking,Deposit,Retail Banking,Deposit,0,Low,CAD,1,C,37362.76,2010-12-21,2023-05-11,BR020,Vancouver Branch 20,Vancouver,British Columbia,Canada,West,Retail,1,2010-12-21,2026-08-18
A01143,C00395,Checking,Deposit,Retail Banking,Deposit,0,Low,CAD,1,ACTIVE,9415.03,2023-08-10,,BR015,Vancouver Branch 15,Vancouver,British Columbia,Canada,West,Retail,1,2023-08-10,2026-08-18
A01144,C00178,Savings,Deposit,Retail Banking,Deposit,1,Low,CAD,1,ACTIVE,65548.93,2022-03-27,,BR021,Vancouver Branch 21,Vancouver,British Columbia,Canada,West,Retail,1,2022-03-27,2026-08-18
A01145,C00782,Credit Card,Credit,Cards,Credit,1,Medium,CAD,1,ACTIVE,29137.56,2012-08-18,,BR005,Halifax Branch 5,Halifax,Nova Scotia,Canada,Atlantic,Retail,1,2012-08-18,2026-08-18
A01146,C00483,Credit Card,Credit,Cards,Credit,1,Medium,CAD,1,A,93323.2,2019-07-20,,BR005,Montreal Branch 5,Montreal,Quebec,Canada,Central,Retail,1,2019-07-20,2026-08-18
A01147,C01187,Checking,Deposit,Retail Banking,Deposit,0,Low,CAD,1,CLOSED,44756.15,2014-04-21,2017-01-20,BR017,Vancouver Branch 17,Vancouver,British Columbia,Canada,West,Retail,1,2014-04-21,2026-08-18
A01148,C00878,SAVING,Deposit,Retail Banking,Deposit,1,Low,CAD,1,A,3109.11,2015-04-16,,BR025,Toronto Branch 25,Toronto,Ontario,Canada,Central,Retail,1,2015-04-16,2026-08-18
A01149,C01190,Credit Card,Credit,Cards,Credit,1,Medium,CAD,1,C,46334.55,2024-01-22,2026-05-30,BR015,Montreal Branch 15,Montreal,Quebec,Canada,Central,Retail,1,2024-01-22,2026-08-18
A01150,C00415,Credit Card,Credit,Cards,Credit,1,Medium,CAD,1,CLOSED,49388.16,2012-11-26,2022-06-03,BR011,Montreal Branch 11,Montreal,Quebec,Canada,Central,Retail,1,2012-11-26,2026-08-18
A01151,C00723,Savings,Deposit,Retail Banking,Deposit,1,Low,CAD,1,ACTIVE,46008.28,2011-08-24,,BR003,Calgary Branch 3,Calgary,Alberta,Canada,West,Retail,1,2011-08-24,2026-08-18
A01152,C00800,Savings,Deposit,Retail Banking,Deposit,1,Low,CAD,1,C,50747.74,2025-10-02,2026-05-09,BR020,Montreal Branch 20,Montreal,Quebec,Canada,Central,Retail,1,2025-10-02,2026-08-18
A01153,C00319,Checking,Deposit,Retail Banking,Deposit,0,Low,CAD,1,CLOSED,20138.98,2016-09-09,2021-05-19,BR001,Vancouver Branch 1,Vancouver,British Columbia,Canada,West,Retail,1,2016-09-09,2026-08-18
A01154,C00223,Savings,Deposit,Retail Banking,Deposit,1,Low,CAD,1,ACTIVE,59164.62,2022-02-05,,BR022,Vancouver Branch 22,Vancouver,British Columbia,Canada,West,Retail,1,2022-02-05,2026-08-18
A01155,C00205,CHEQUING,Deposit,Retail Banking,Deposit,0,Low,CAD,1,C,54491.79,2010-11-28,2012-12-19,BR018,Halifax Branch 18,Halifax,Nova Scotia,Canada,Atlantic,Retail,1,2010-11-28,2026-08-18
A01156,C00055,Checking,Deposit,Retail Banking,Deposit,0,Low,CAD,1,A,50829.73,2022-11-26,,BR005,Calgary Branch 5,Calgary,Alberta,Canada,West,Retail,1,2022-11-26,2026-08-18
A01157,C00932,Line of Credit,Credit,Lending,Credit,1,Medium,CAD,1,A,87244.17,2022-07-23,,BR002,Halifax Branch 2,Halifax,Nova Scotia,Canada,Atlantic,Retail,1,2022-07-23,2026-08-18
A01158,C00474,Checking,Deposit,Retail Banking,Deposit,0,Low,CAD,1,ACTIVE,38456.03,2025-03-19,,BR020,Toronto Branch 20,Toronto,Ontario,Canada,Central,Retail,1,2025-03-19,2026-08-18
A01159,C00497,Checking,Deposit,Retail Banking,Deposit,0,Low,CAD,1,CLOSED,,2023-11-10,2026-07-10,BR002,Montreal Branch 2,Montreal,Quebec,Canada,Central,Retail,1,2023-11-10,2026-08-18
A01160,C00462,Credit Card,Credit,Cards,Credit,1,Medium,CAD,1,CLOSED,61225.43,2023-08-11,2026-07-22,BR017,Halifax Branch 17,Halifax,Nova Scotia,Canada,Atlantic,Retail,1,2023-08-11,2026-08-18
A01161,C00484,Checking,Deposit,Retail Banking,Deposit,0,Low,CAD,1,A,79936.78,2021-12-15,,BR015,Montreal Branch 15,Montreal,Quebec,Canada,Central,Retail,1,2021-12-15,2026-08-18
A01162,C00652,SAVING,Deposit,Retail Banking,Deposit,1,Low,CAD,1,C,63028.62,2016-02-11,2020-01-04,BR022,Toronto Branch 22,Toronto,Ontario,Canada,Central,Retail,1,2016-02-11,2026-08-18
A01163,C00456,Line of Credit,Credit,Lending,Credit,1,Medium,CAD,1,A,52242.16,2021-03-21,,BR020,Halifax Branch 20,Halifax,Nova Scotia,Canada,Atlantic,Retail,1,2021-03-21,2026-08-18
A01164,C00157,Credit Card,Credit,Cards,Credit,1,Medium,CAD,1,C,53508.19,2018-01-10,2023-10-26,BR004,Montreal Branch 4,Montreal,Quebec,Canada,Central,Retail,1,2018-01-10,2026-08-18
A01165,C00661,Credit Card,Credit,Cards,Credit,1,Medium,CAD,1,A,75130.55,2019-08-02,,BR008,Halifax Branch 8,Halifax,Nova Scotia,Canada,Atlantic,Retail,1,2019-08-02,2026-08-18
A01166,C00806,Savings,Deposit,Retail Banking,Deposit,1,Low,CAD,1,A,32092.08,2022-09-15,,BR025,Toronto Branch 25,Toronto,Ontario,Canada,Central,Retail,1,2022-09-15,2026-08-18
A01167,C00476,Savings,Deposit,Retail Banking,Deposit,1,Low,CAD,1,CLOSED,4870.4,2024-08-20,2026-03-23,BR005,Halifax Branch 5,Halifax,Nova Scotia,Canada,Atlantic,Retail,1,2024-08-20,2026-08-18
A01168,C01177,Credit Card,Credit,Cards,Credit,1,Medium,CAD,1,C,40907.38,2021-07-17,2023-02-06,BR016,Montreal Branch 16,Montreal,Quebec,Canada,Central,Retail,1,2021-07-17,2026-08-18
A01169,C00885,Credit Card,Credit,Cards,Credit,1,Medium,CAD,1,CLOSED,81347.55,2017-07-24,2020-12-26,BR003,Halifax Branch 3,Halifax,Nova Scotia,Canada,Atlantic,Retail,1,2017-07-24,2026-08-18
A01170,C00728,Checking,Deposit,Retail Banking,Deposit,0,Low,CAD,1,CLOSED,66021.47,2020-08-07,2026-05-10,BR004,Toronto Branch 4,Toronto,Ontario,Canada,Central,Retail,1,2020-08-07,2026-08-18
A01171,C00214,Line of Credit,Credit,Lending,Credit,1,Medium,CAD,1,ACTIVE,66085.91,2024-12-06,,BR008,Montreal Branch 8,Montreal,Quebec,Canada,Central,Retail,1,2024-12-06,2026-08-18
A01172,C00679,Line of Credit,Credit,Lending,Credit,1,Medium,CAD,1,ACTIVE,56275.95,2016-12-02,,BR003,Calgary Branch 3,Calgary,Alberta,Canada,West,Retail,1,2016-12-02,2026-08-18
A01173,C00764,Credit Card,Credit,Cards,Credit,1,Medium,CAD,1,ACTIVE,29658.63,2015-04-08,,BR013,Montreal Branch 13,Montreal,Quebec,Canada,Central,Retail,1,2015-04-08,2026-08-18
A01174,C00797,Savings,Deposit,Retail Banking,Deposit,1,Low,CAD,1,C,24367.61,2021-11-24,2024-12-28,BR014,Calgary Branch 14,Calgary,Alberta,Canada,West,Retail,1,2021-11-24,2026-08-18
A01175,C00797,Savings,Deposit,Retail Banking,Deposit,1,Low,CAD,1,CLOSED,46829.74,2016-05-10,2025-12-06,BR009,Vancouver Branch 9,Vancouver,British Columbia,Canada,West,Retail,1,2016-05-10,2026-08-18
A01176,C00998,Checking,Deposit,Retail Banking,Deposit,0,Low,CAD,1,C,27985.26,2021-12-21,2025-02-08,BR003,Halifax Branch 3,Halifax,Nova Scotia,Canada,Atlantic,Retail,1,2021-12-21,2026-08-18
A01177,C00340,Credit Card,Credit,Cards,Credit,1,Medium,CAD,1,CLOSED,33335.35,2013-07-03,2013-08-26,BR006,Calgary Branch 6,Calgary,Alberta,Canada,West,Retail,1,2013-07-03,2026-08-18
A01178,C00203,Savings,Deposit,Retail Banking,Deposit,1,Low,CAD,1,A,64375.81,2013-07-19,,BR010,Calgary Branch 10,Calgary,Alberta,Canada,West,Retail,1,2013-07-19,2026-08-18
A01179,C01152,Checking,Deposit,Retail Banking,Deposit,0,Low,CAD,1,CLOSED,70375.96,2018-11-16,2019-08-12,BR009,Montreal Branch 9,Montreal,Quebec,Canada,Central,Retail,1,2018-11-16,2026-08-18
A01180,C00257,Checking,Deposit,Retail Banking,Deposit,0,Low,CAD,1,ACTIVE,58944.88,2024-05-01,,BR024,Vancouver Branch 24,Vancouver,British Columbia,Canada,West,Retail,1,2024-05-01,2026-08-18
A01181,C00713,Line of Credit,Credit,Lending,Credit,1,Medium,CAD,1,A,81096.73,2017-04-25,,BR014,Montreal Branch 14,Montreal,Quebec,Canada,Central,Retail,1,2017-04-25,2026-08-18
A01182,C00852,Savings,Deposit,Retail Banking,Deposit,1,Low,CAD,1,ACTIVE,11215.79,2022-12-27,,BR007,Calgary Branch 7,Calgary,Alberta,Canada,West,Retail,1,2022-12-27,2026-08-18
A01183,C00004,Line of Credit,Credit,Lending,Credit,1,Medium,CAD,1,CLOSED,41093.23,2024-02-20,2025-05-20,BR003,Vancouver Branch 3,Vancouver,British Columbia,Canada,West,Retail,1,2024-02-20,2026-08-18
A01184,C00276,Checking,Deposit,Retail Banking,Deposit,0,Low,CAD,1,ACTIVE,81036.43,2022-04-09,,BR002,Montreal Branch 2,Montreal,Quebec,Canada,Central,Retail,1,2022-04-09,2026-08-18
A01185,C00897,Checking,Deposit,Retail Banking,Deposit,0,Low,CAD,1,A,6773.24,2017-05-20,,BR007,Toronto Branch 7,Toronto,Ontario,Canada,Central,Retail,1,2017-05-20,2026-08-18
A01186,C00972,Line of Credit,Credit,Lending,Credit,1,Medium,CAD,1,C,73907.12,2017-07-16,2024-07-17,BR004,Calgary Branch 4,Calgary,Alberta,Canada,West,Retail,1,2017-07-16,2026-08-18
A01187,C00562,Line of Credit,Credit,Lending,Credit,1,Medium,CAD,1,C,81332.37,2012-06-05,2018-09-13,BR004,Calgary Branch 4,Calgary,Alberta,Canada,West,Retail,1,2012-06-05,2026-08-18
A01188,C00739,Credit Card,Credit,Cards,Credit,1,Medium,CAD,1,C,45521.08,2015-04-08,2016-10-02,BR013,Halifax Branch 13,Halifax,Nova Scotia,Canada,Atlantic,Retail,1,2015-04-08,2026-08-18
A01189,C00505,Line of Credit,Credit,Lending,Credit,1,Medium,CAD,1,A,10559.39,2014-07-27,,BR013,Montreal Branch 13,Montreal,Quebec,Canada,Central,Retail,1,2014-07-27,2026-08-18
A01190,C00686,Line of Credit,Credit,Lending,Credit,1,Medium,CAD,1,C,90411.89,2022-04-03,2026-06-16,BR013,Toronto Branch 13,Toronto,Ontario,Canada,Central,Retail,1,2022-04-03,2026-08-18
A01191,C00190,Credit Card,Credit,Cards,Credit,1,Medium,CAD,1,CLOSED,43586.5,2015-11-06,2023-08-13,BR009,Calgary Branch 9,Calgary,Alberta,Canada,West,Retail,1,2015-11-06,2026-08-18
A01192,C00686,Credit Card,Credit,Cards,Credit,1,Medium,CAD,1,C,97266.68,2030-01-01,2011-02-26,BR024,Calgary Branch 24,Calgary,Alberta,Canada,West,Retail,1,2030-01-01,2026-08-18
A01193,C00818,Credit Card,Credit,Cards,Credit,1,Medium,CAD,1,C,25209.71,2016-05-25,2024-02-21,BR018,Halifax Branch 18,Halifax,Nova Scotia,Canada,Atlantic,Retail,1,2016-05-25,2026-08-18
A01194,C00961,Line of Credit,Credit,Lending,Credit,1,Medium,CAD,1,ACTIVE,57052.62,2015-09-18,,BR010,Toronto Branch 10,Toronto,Ontario,Canada,Central,Retail,1,2015-09-18,2026-08-18
A01195,C00172,Checking,Deposit,Retail Banking,Deposit,0,Low,CAD,1,C,72987.11,2012-05-12,2020-12-02,BR023,Toronto Branch 23,Toronto,Ontario,Canada,Central,Retail,1,2012-05-12,2026-08-18
A01196,C00235,CREDIT CARD,Credit,Cards,Credit,1,Medium,CAD,1,ACTIVE,14456.1,2019-10-27,,BR003,Vancouver Branch 3,Vancouver,British Columbia,Canada,West,Retail,1,2019-10-27,2026-08-18
A01197,C00131,Credit Card,Credit,Cards,Credit,1,Medium,CAD,1,CLOSED,82301.9,2024-09-17,2026-06-12,BR007,Calgary Branch 7,Calgary,Alberta,Canada,West,Retail,1,2024-09-17,2026-08-18
A01198,C00892,Checking,Deposit,Retail Banking,Deposit,0,Low,CAD,1,C,24007.95,2019-01-19,2022-05-02,BR016,Halifax Branch 16,Halifax,Nova Scotia,Canada,Atlantic,Retail,1,2019-01-19,2026-08-18
A01199,C01098,Line of Credit,Credit,Lending,Credit,1,Medium,CAD,1,C,4685.63,2016-01-23,2021-10-09,BR004,Halifax Branch 4,Halifax,Nova Scotia,Canada,Atlantic,Retail,1,2016-01-23,2026-08-18
A01200,C00513,Line of Credit,Credit,Lending,Credit,1,Medium,CAD,1,A,32119.53,2012-05-07,,BR003,Toronto Branch 3,Toronto,Ontario,Canada,Central,Retail,1,2012-05-07,2026-08-18
