order_id,customer_id,restaurant_id,order_date,quantity,unit_price,order_status,payment_method
O000001,C00740,R0196,2026-03-05,1,19.26,CANCELLED,Debit Card
O000002,C00476,R0150,2026-07-26,1,31.41,CANCELED,Cash
O000003,C00513,R0064,2026-06-10,1,27.07,COMPLETED,Digital Wallet
O000004,C00608,R0133,2026-02-01,1,42.97,CANCELED,Credit Card
O000005,C00511,R0135,2026-04-10,2,33.09,COMPLETED,Credit Card
O000006,C00455,R0005,2026-04-03,5,10.73,CANCELED,Digital Wallet
O000007,C00762,R0109,2026-07-17,5,36.32,DELIVERED,Cash
O000008,C00255,R0081,2026-02-20,5,23.24,CANCELLED,Debit Card
O000009,C00034,R0142,2026-02-04,3,31.54,COMPLETED,Debit Card
O000010,C00555,R0089,2026-04-29,3,26.33,CANCELED,Credit Card
O000011,C00531,R0166,2026-05-20,5,42.93,IN PROGRESS,Digital Wallet
O000012,C00877,R0195,2026-03-21,3,25.63,CANCELED,Debit Card
O000013,C00822,R0085,2026-08-02,5,22.04,CANCELED,Credit Card
O000014,C00220,R0025,2026-02-20,1,13.65,CANCELLED,Debit Card
O000015,C01130,R0017,2026-04-15,3,38.56,DELIVERED,Debit Card
O000016,C00579,R0105,2026-03-26,2,12.58,CANCELED,Digital Wallet
O000017,C00496,R0070,2026-04-21,5,26.04,COMPLETED,Cash
O000018,C00332,R0090,2026-04-20,5,16.57,CANCELED,Digital Wallet
O000019,C00191,R0067,2026-04-26,1,23.94,IN PROGRESS,Credit Card
O000020,C00236,R0064,2026-04-20,2,16.93,DELIVERED,Credit Card
O000021,C00052,R0037,2026-06-19,5,9.44,COMPLETED,Cash
O000022,C00216,R0071,2026-01-09,2,29.67,DELIVERED,Digital Wallet
O000023,C00755,R0114,2026-02-19,3,42.06,COMPLETED,Digital Wallet
O000024,C00523,R0100,2026-03-16,1,11.61,CANCELED,Credit Card
O000025,C00261,R0158,2026-03-26,2,38.84,CANCELED,Debit Card
O000026,C00768,R0122,2026-06-04,5,26.81,COMPLETED,Credit Card
O000027,C00840,R0039,2026-03-16,1,44.57,CANCELLED,Credit Card
O000028,C00449,R0142,2026-07-06,2,44.07,DELIVERED,Debit Card
O000029,C00391,R0004,2026-01-26,1,10.13,DELIVERED,Debit Card
O000030,C01047,R0103,2026-01-31,3,34.18,COMPLETED,Debit Card
O000031,C00801,R0009,2026-03-07,3,35.58,COMPLETED,Digital Wallet
O000032,C00552,R0122,2026-02-26,2,9.83,DELIVERED,Credit Card
O000033,C01108,R0017,2026-03-31,5,16.56,IN PROGRESS,Digital Wallet
O000034,C01152,R0110,2026-04-21,4,12.77,CANCELED,Digital Wallet
O000035,C00658,R0120,2026-02-11,1,41.68,IN PROGRESS,Debit Card
O000036,C00275,R0011,2026-01-25,3,36.14,CANCELLED,Digital Wallet
O000037,C00129,R0200,2026-02-28,1,23.41,CANCELED,Debit Card
O000038,C00101,R0108,2026-03-24,3,14.34,DELIVERED,Credit Card
O000039,C00273,R0058,2026-08-05,5,24.15,COMPLETED,Digital Wallet
O000040,C00377,R0038,2026-03-08,1,25.60,COMPLETED,Digital Wallet
O000041,C00071,R0026,2026-01-09,2,29.04,DELIVERED,Digital Wallet
O000042,C00921,R0122,2026-03-10,2,26.94,CANCELLED,Cash
O000043,C00814,R0145,2026-04-16,3,12.35,IN PROGRESS,Cash
O000044,C00514,R0188,2026-03-08,4,9.71,DELIVERED,Debit Card
O000045,C00595,R0149,2026-07-25,2,26.25,DELIVERED,Digital Wallet
O000046,C00681,R0083,2026-01-26,3,21.52,CANCELED,Digital Wallet
O000047,C00784,R0095,2026-05-12,3,28.34,DELIVERED,Digital Wallet
O000048,C00250,R0032,2026-04-14,4,11.77,CANCELLED,Cash
O000049,C00891,R0136,2026-01-23,5,23.08,CANCELLED,Digital Wallet
O000050,C00468,R0009,2026-01-31,3,11.96,DELIVERED,Debit Card
O000051,C00635,R0169,2026-01-07,4,20.38,IN PROGRESS,Debit Card
O000052,C00038,R0030,2026-04-06,4,25.07,CANCELED,Credit Card
O000053,C00225,R0184,2026-03-15,5,10.74,CANCELLED,Digital Wallet
O000054,C00099,R0160,2026-07-24,5,35.29,COMPLETED,Digital Wallet
O000055,C01160,R0126,2026-06-25,2,33.91,CANCELLED,Credit Card
O000056,C00377,R0191,2026-03-25,2,29.60,DELIVERED,Credit Card
O000057,C00120,R0033,2026-02-16,1,38.20,DELIVERED,Digital Wallet
O000058,C01004,R0068,2026-03-12,3,24.51,DELIVERED,Digital Wallet
O000059,C01136,R0014,2026-03-14,3,32.54,COMPLETED,Digital Wallet
O000060,C00593,R0109,2026-06-28,1,38.34,COMPLETED,Digital Wallet
O000061,C00073,R0042,2026-03-14,1,35.99,CANCELED,Credit Card
O000062,C01034,R0051,2026-03-29,4,12.77,CANCELED,Cash
O000063,C01149,R0067,2026-03-12,5,33.89,CANCELED,Credit Card
O000064,C00103,R0151,2026-01-17,4,18.53,IN PROGRESS,Debit Card
O000065,C00231,R0197,2026-06-08,1,11.09,IN PROGRESS,Cash
O000066,C00112,R0004,2026-07-01,5,13.36,CANCELLED,Credit Card
O000067,C00312,R0005,2026-04-02,1,16.97,COMPLETED,Digital Wallet
O000068,C01200,R0046,2026-02-22,3,21.65,DELIVERED,Digital Wallet
O000069,C00174,R0144,2026-03-31,3,16.00,COMPLETED,Digital Wallet
O000070,C00188,R0078,2026-01-04,5,32.05,IN PROGRESS,Debit Card
O000071,C00513,R0138,2026-02-16,3,24.76,COMPLETED,Debit Card
O000072,C00208,R0031,2026-01-14,5,20.81,COMPLETED,Cash
O000073,C00454,R0091,2026-01-21,2,31.51,CANCELED,Debit Card
O000074,C00825,R0100,2026-05-25,2,23.13,DELIVERED,Debit Card
O000075,C00491,R0134,2026-03-05,2,37.32,DELIVERED,Credit Card
O000076,C00941,R0102,2026-05-02,1,43.03,CANCELLED,Debit Card
O000077,C00260,R0068,2026-06-26,1,37.28,DELIVERED,Cash
O000078,C00330,R0057,2026-03-25,2,19.02,COMPLETED,Digital Wallet
O000079,C00782,R0034,2026-02-21,2,25.99,CANCELED,Debit Card
O000080,C00011,R0105,2026-04-06,1,26.60,COMPLETED,Credit Card
O000081,C00092,R0017,2026-05-16,1,29.58,CANCELLED,Cash
O000082,C00005,R0105,2026-05-15,1,25.44,COMPLETED,Cash
O000083,C00353,R0076,2026-03-06,5,11.52,CANCELLED,Digital Wallet
O000084,C00016,R0062,2026-03-01,5,35.89,COMPLETED,Credit Card
O000085,C00428,R0139,2026-02-20,5,20.54,CANCELLED,Credit Card
O000086,C00359,R0101,2026-03-28,2,40.95,CANCELED,Credit Card
O000087,C00050,R0071,2026-07-25,4,44.44,CANCELED,Cash
O000088,C00012,R0009,2026-04-26,3,21.79,IN PROGRESS,Digital Wallet
O000089,C01060,R0032,2026-02-16,4,32.88,CANCELLED,Cash
O000090,C00296,R0174,2026-05-05,2,23.49,CANCELED,Credit Card
O000091,C00517,R0153,2026-02-28,3,43.29,COMPLETED,Debit Card
O000092,C00725,R0182,2026-04-02,5,17.17,DELIVERED,Credit Card
O000093,C01044,R0197,2026-04-26,2,42.65,COMPLETED,Credit Card
O000094,C00566,R0114,2026-07-09,2,9.87,CANCELED,Cash
O000095,C00009,R0064,2026-06-11,3,38.05,CANCELED,Debit Card
O000096,C00397,R0016,2026-07-03,1,28.81,CANCELLED,Cash
O000097,C00994,R0195,2026-07-25,2,16.34,IN PROGRESS,Credit Card
O000098,C00533,R0018,2026-03-26,3,30.00,CANCELLED,Debit Card
O000099,C00257,R0081,2026-04-15,1,16.86,DELIVERED,Cash
O000100,C00308,R0024,2026-04-11,3,26.57,DELIVERED,Credit Card
O000101,C01093,R0103,2026-05-12,5,26.35,COMPLETED,Digital Wallet
O000102,C01043,R0177,2026-01-02,4,41.71,COMPLETED,Cash
O000103,C00191,R0110,2026-03-30,1,32.93,CANCELED,Cash
O000104,C00214,R0132,2026-07-07,5,34.38,CANCELLED,Cash
O000105,C01032,R0073,2026-05-02,1,32.23,COMPLETED,Cash
O000106,C00301,R0098,2026-02-05,4,42.05,COMPLETED,Digital Wallet
O000107,C00064,R0075,2026-01-23,1,23.39,COMPLETED,Cash
O000108,C00592,R0001,2026-05-27,5,34.48,COMPLETED,Credit Card
O000109,C00144,R0198,2026-04-05,1,21.22,CANCELED,Digital Wallet
O000110,C00595,R0003,2026-03-28,4,35.94,IN PROGRESS,Credit Card
O000111,C00347,R0099,2026-05-21,3,42.87,DELIVERED,Credit Card
O000112,C01007,R0184,2026-05-24,1,20.73,CANCELLED,Credit Card
O000113,C01079,R0199,2026-07-16,1,17.70,CANCELLED,Digital Wallet
O000114,C00874,R0048,2026-07-04,5,37.51,IN PROGRESS,Cash
O000115,C00781,R0048,2026-01-01,5,24.56,IN PROGRESS,Cash
O000116,C00032,R0098,2026-05-17,1,13.78,IN PROGRESS,Digital Wallet
O000117,C00794,R0182,2026-06-07,4,29.84,CANCELLED,Debit Card
O000118,C00812,R0028,2026-07-15,1,9.66,COMPLETED,Cash
O000119,C00033,R0017,2026-01-04,3,22.70,CANCELLED,Debit Card
O000120,C00872,R0022,2026-05-09,5,10.72,CANCELED,Credit Card
O000121,C00445,R0091,2026-08-07,4,20.10,CANCELLED,Digital Wallet
O000122,C00039,R0102,2026-03-07,5,38.93,IN PROGRESS,Cash
O000123,C00566,R0173,2026-03-25,5,34.27,DELIVERED,Debit Card
O000124,C01019,R0075,2026-08-02,4,41.75,CANCELED,Debit Card
O000125,C00441,R0052,2026-01-13,4,41.58,CANCELLED,Digital Wallet
O000126,C00899,R0022,2026-06-01,2,39.89,COMPLETED,Cash
O000127,C00539,R0181,2026-02-03,5,28.06,CANCELED,Cash
O000128,C00995,R0109,2026-01-26,3,13.95,CANCELLED,Credit Card
O000129,C00941,R0135,2026-08-06,5,24.81,IN PROGRESS,Debit Card
O000130,C00213,R0101,2026-03-22,5,30.72,COMPLETED,Debit Card
O000131,C01142,R0053,2026-06-09,3,28.77,CANCELED,Digital Wallet
O000132,C00404,R0051,2026-04-15,3,12.34,CANCELED,Credit Card
O000133,C00664,R0105,2026-06-13,2,12.32,CANCELLED,Debit Card
O000134,C00393,R0050,2026-03-31,5,8.40,CANCELLED,Credit Card
O000135,C00383,R0137,2026-01-17,1,39.75,CANCELED,Debit Card
O000136,C00082,R0043,2026-05-03,4,35.53,CANCELLED,Credit Card
O000137,C00429,R0066,2026-03-03,1,30.12,DELIVERED,Cash
O000138,C00947,R0014,2026-04-18,1,20.62,COMPLETED,Debit Card
O000139,C00353,R0119,2026-04-05,1,32.68,CANCELLED,Credit Card
O000140,C00198,R0078,2026-08-09,1,28.36,DELIVERED,Debit Card
O000141,C01000,R0135,2026-04-21,3,8.22,IN PROGRESS,Digital Wallet
O000142,C01137,R0135,2026-08-07,5,40.99,IN PROGRESS,Digital Wallet
O000143,C00034,R0069,2026-02-05,4,9.50,CANCELLED,Cash
O000144,C01021,R0107,2026-07-08,1,18.25,CANCELED,Digital Wallet
O000145,C01154,R0032,2026-02-15,5,36.00,DELIVERED,Digital Wallet
O000146,C00433,R0169,2026-07-05,1,40.37,DELIVERED,Debit Card
O000147,C00762,R0104,2026-01-28,4,25.78,COMPLETED,Credit Card
O000148,C00189,R0186,2026-06-05,4,38.82,IN PROGRESS,Credit Card
O000149,C00383,R0055,2026-05-04,3,10.55,DELIVERED,Digital Wallet
O000150,C00310,R0118,2026-02-16,4,20.77,IN PROGRESS,Cash
O000151,C00712,R0103,2026-07-21,4,33.45,IN PROGRESS,Cash
O000152,C00569,R0102,2026-04-02,5,15.61,CANCELED,Cash
O000153,C01039,R0078,2026-01-30,1,27.19,COMPLETED,Digital Wallet
O000154,C00301,R0072,2026-03-05,4,9.04,CANCELED,Digital Wallet
O000155,C01007,R0024,2026-07-05,3,32.23,COMPLETED,Cash
O000156,C00405,R0196,2026-01-30,5,26.24,CANCELLED,Cash
O000157,C00167,R0139,2026-01-25,5,8.57,COMPLETED,Cash
O000158,C01119,R0110,2026-04-04,5,24.96,COMPLETED,Credit Card
O000159,C00181,R0077,2026-03-11,5,40.31,CANCELLED,Digital Wallet
O000160,C00962,R0062,2026-07-16,3,8.73,CANCELLED,Credit Card
O000161,C00790,R0124,2026-04-22,3,14.73,CANCELED,Credit Card
O000162,C01153,R0169,2026-07-19,3,15.93,CANCELED,Credit Card
O000163,C00037,R0088,2026-03-18,2,24.37,CANCELLED,Debit Card
O000164,C00975,R0033,2026-03-05,5,9.02,COMPLETED,Digital Wallet
O000165,C00467,R0084,2026-07-14,4,9.62,COMPLETED,Digital Wallet
O000166,C00589,R0045,2026-07-24,2,20.37,CANCELED,Cash
O000167,C00776,R0058,2026-04-08,3,40.58,CANCELED,Digital Wallet
O000168,C00548,R0060,2026-08-07,2,42.78,DELIVERED,Debit Card
O000169,C00961,R0057,2026-01-05,1,28.16,COMPLETED,Credit Card
O000170,C00318,R0019,2026-06-08,3,44.36,IN PROGRESS,Credit Card
O000171,C00596,R0178,2026-06-01,2,42.82,DELIVERED,Digital Wallet
O000172,C00866,R0112,2026-01-10,4,44.63,DELIVERED,Digital Wallet
O000173,C00472,R0085,2026-03-06,2,21.90,DELIVERED,Credit Card
O000174,C00400,R0053,2026-07-08,5,10.95,CANCELED,Credit Card
O000175,C00705,R0200,2026-02-03,1,35.37,CANCELLED,Credit Card
O000176,C00928,R0057,2026-04-20,4,23.49,CANCELLED,Cash
O000177,C00309,R0191,2026-02-18,2,8.88,CANCELLED,Cash
O000178,C00807,R0189,2026-07-11,1,27.49,COMPLETED,Cash
O000179,C01189,R0141,2026-04-24,2,31.54,CANCELED,Digital Wallet
O000180,C00967,R0012,2026-05-04,1,38.24,DELIVERED,Debit Card
O000181,C00613,R0163,2026-02-16,1,16.37,COMPLETED,Digital Wallet
O000182,C01030,R0138,2026-01-06,2,31.57,IN PROGRESS,Debit Card
O000183,C01188,R0013,2026-03-13,4,23.80,CANCELED,Debit Card
O000184,C00204,R0129,2026-01-11,1,27.15,DELIVERED,Cash
O000185,C00288,R0196,2026-01-17,1,37.28,CANCELED,Cash
O000186,C00176,R0114,2026-04-20,5,40.73,CANCELED,Debit Card
O000187,C00752,R0118,2026-01-19,1,26.80,DELIVERED,Cash
O000188,C00767,R0063,2026-01-04,4,21.23,CANCELED,Debit Card
O000189,C00963,R0147,2026-01-22,1,35.04,CANCELED,Cash
O000190,C00457,R0112,2026-06-30,1,20.29,CANCELLED,Debit Card
O000191,C00423,R0030,2026-08-06,2,17.51,COMPLETED,Cash
O000192,C00163,R0189,2026-06-08,5,31.45,CANCELLED,Digital Wallet
O000193,C01012,R0047,2026-02-22,4,10.83,CANCELLED,Cash
O000194,C00062,R0049,2026-03-21,3,21.10,CANCELED,Debit Card
O000195,C01103,R0142,2026-05-22,2,10.68,CANCELLED,Debit Card
O000196,C00649,R0087,2026-01-01,2,29.72,COMPLETED,Cash
O000197,C00338,R0089,2026-04-30,1,27.13,CANCELLED,Cash
O000198,C01008,R0115,2026-03-09,3,10.12,CANCELLED,Credit Card
O000199,C00870,R0001,2026-02-11,4,26.66,DELIVERED,Digital Wallet
O000200,C00561,R0124,2026-06-01,2,22.76,CANCELED,Debit Card
O000201,C00176,R0020,2026-03-13,3,24.76,CANCELED,Cash
O000202,C00188,R0006,2026-01-22,3,28.71,CANCELLED,Debit Card
O000203,C01198,R0198,2026-07-11,4,31.69,CANCELLED,Credit Card
O000204,C00575,R0046,2026-04-29,4,17.64,CANCELLED,Cash
O000205,C00219,R0071,2026-07-28,1,37.57,COMPLETED,Debit Card
O000206,C00872,R0092,2026-04-01,5,37.19,CANCELLED,Digital Wallet
O000207,C00774,R0134,2026-01-23,5,42.58,CANCELLED,Credit Card
O000208,C00310,R0198,2026-05-11,1,24.52,DELIVERED,Credit Card
O000209,C00510,R0002,2026-02-11,3,19.94,CANCELED,Credit Card
O000210,C00912,R0040,2026-01-26,3,23.77,DELIVERED,Digital Wallet
O000211,C00315,R0087,2026-01-29,4,32.84,COMPLETED,Cash
O000212,C01125,R0168,2026-01-03,5,25.62,CANCELED,Debit Card
O000213,C00075,R0130,2026-03-16,1,30.65,CANCELLED,Digital Wallet
O000214,C00860,R0149,2026-03-14,4,33.47,IN PROGRESS,Debit Card
O000215,C00987,R0034,2026-05-30,5,12.60,CANCELLED,Cash
O000216,C00701,R0189,2026-06-17,3,39.38,CANCELLED,Credit Card
O000217,C01162,R0193,2026-05-16,1,16.55,IN PROGRESS,Debit Card
O000218,C00806,R0150,2026-02-09,4,17.00,CANCELLED,Cash
O000219,C00084,R0104,2026-03-24,5,23.80,CANCELED,Digital Wallet
O000220,C00140,R0046,2026-04-19,2,31.04,CANCELLED,Credit Card
O000221,C00212,R0037,2026-03-14,2,41.29,DELIVERED,Cash
O000222,C00352,R0007,2026-06-14,5,31.41,CANCELLED,Credit Card
O000223,C00759,R0154,2026-07-01,1,23.73,DELIVERED,Cash
O000224,C00098,R0058,2026-07-27,1,22.25,COMPLETED,Cash
O000225,C00649,R0130,2026-07-25,1,36.07,DELIVERED,Credit Card
O000226,C00949,R0054,2026-07-22,1,27.76,COMPLETED,Credit Card
O000227,C00500,R0161,2026-01-22,4,25.91,IN PROGRESS,Cash
O000228,C00614,R0084,2026-05-18,4,16.61,CANCELLED,Credit Card
O000229,C00933,R0111,2026-03-19,3,32.08,DELIVERED,Debit Card
O000230,C00870,R0024,2026-02-12,2,28.85,IN PROGRESS,Cash
O000231,C00509,R0117,2026-06-17,4,36.09,DELIVERED,Credit Card
O000232,C00647,R0026,2026-03-01,2,10.70,CANCELED,Credit Card
O000233,C01163,R0200,2026-07-12,5,15.61,CANCELED,Cash
O000234,C00396,R0177,2026-07-07,2,19.20,CANCELLED,Credit Card
O000235,C00189,R0066,2026-02-02,3,41.62,CANCELLED,Debit Card
O000236,C00874,R0024,2026-03-16,1,14.56,CANCELED,Cash
O000237,C00435,R0107,2026-02-23,5,20.62,IN PROGRESS,Debit Card
O000238,C00113,R0006,2026-01-01,4,9.41,CANCELLED,Debit Card
O000239,C00222,R0054,2026-03-16,5,25.23,CANCELED,Cash
O000240,C00076,R0081,2026-05-14,2,21.77,COMPLETED,Credit Card
O000241,C00594,R0060,2026-03-25,4,32.62,COMPLETED,Credit Card
O000242,C00776,R0184,2026-02-07,2,13.95,COMPLETED,Credit Card
O000243,C00021,R0190,2026-02-23,5,43.65,CANCELLED,Cash
O000244,C00331,R0073,2026-03-26,3,13.65,CANCELLED,Debit Card
O000245,C00279,R0167,2026-02-10,5,30.04,COMPLETED,Cash
O000246,C00464,R0132,2026-04-08,2,8.82,CANCELED,Credit Card
O000247,C00069,R0154,2026-01-14,3,41.44,IN PROGRESS,Debit Card
O000248,C00400,R0111,2026-08-08,1,24.89,CANCELLED,Credit Card
O000249,C00936,R0017,2026-03-18,1,21.39,CANCELLED,Cash
O000250,C00802,R0172,2026-02-20,1,12.30,DELIVERED,Debit Card
O000251,C00011,R0149,2026-08-05,5,31.86,IN PROGRESS,Debit Card
O000252,C00109,R0037,2026-02-16,3,37.69,CANCELLED,Credit Card
O000253,C00612,R0034,2026-02-08,4,10.34,DELIVERED,Digital Wallet
O000254,C00527,R0172,2026-01-27,3,39.58,COMPLETED,Debit Card
O000255,C00082,R0121,2026-04-18,4,33.19,CANCELED,Cash
O000256,C01149,R0077,2026-07-15,5,34.33,DELIVERED,Debit Card
O000257,C00433,R0022,2026-03-03,3,22.74,IN PROGRESS,Cash
O000258,C00382,R0151,2026-06-04,1,24.65,IN PROGRESS,Credit Card
O000259,C00179,R0125,2026-04-18,5,31.72,CANCELLED,Cash
O000260,C00272,R0115,2026-06-18,5,9.45,CANCELED,Cash
O000261,C00055,R0085,2026-03-11,1,18.11,IN PROGRESS,Digital Wallet
O000262,C00066,R0143,2026-06-15,4,23.91,DELIVERED,Debit Card
O000263,C01170,R0136,2026-07-18,5,40.82,COMPLETED,Credit Card
O000264,C00486,R0086,2026-04-17,3,8.56,COMPLETED,Debit Card
O000265,C00755,R0029,2026-06-02,3,10.52,COMPLETED,Credit Card
O000266,C00045,R0177,2026-03-13,2,29.02,CANCELLED,Digital Wallet
O000267,C01018,R0051,2026-07-06,2,19.89,IN PROGRESS,Cash
O000268,C00219,R0116,2026-01-13,1,15.13,IN PROGRESS,Digital Wallet
O000269,C01025,R0018,2026-05-28,2,39.35,COMPLETED,Digital Wallet
O000270,C00526,R0001,2026-02-11,5,37.96,COMPLETED,Credit Card
O000271,C00131,R0014,2026-06-23,3,10.67,COMPLETED,Cash
O000272,C00699,R0099,2026-04-01,5,43.05,CANCELED,Credit Card
O000273,C00105,R0122,2026-05-01,2,43.15,COMPLETED,Debit Card
O000274,C00476,R0003,2026-01-07,2,32.39,CANCELLED,Credit Card
O000275,C00149,R0056,2026-07-17,4,29.79,CANCELLED,Cash
O000276,C01112,R0094,2026-05-04,4,22.11,CANCELED,Debit Card
O000277,C00244,R0121,2026-08-08,2,19.37,CANCELLED,Cash
O000278,C00879,R0056,2026-04-01,1,14.09,CANCELLED,Credit Card
O000279,C01084,R0048,2026-07-11,2,27.23,DELIVERED,Digital Wallet
O000280,C00323,R0143,2026-05-28,4,10.45,COMPLETED,Digital Wallet
O000281,C00638,R0020,2026-02-13,1,31.11,COMPLETED,Debit Card
O000282,C00638,R0005,2026-03-07,1,40.20,CANCELLED,Digital Wallet
O000283,C00260,R0150,2026-06-17,1,41.73,IN PROGRESS,Debit Card
O000284,C00145,R0114,2026-04-02,2,33.67,IN PROGRESS,Debit Card
O000285,C00688,R0028,2026-02-06,1,39.04,DELIVERED,Credit Card
O000286,C00282,R0159,2026-01-09,3,32.29,CANCELLED,Cash
O000287,C01078,R0138,2026-07-03,4,16.06,IN PROGRESS,Digital Wallet
O000288,C00776,R0091,2026-01-29,2,18.22,CANCELLED,Debit Card
O000289,C00740,R0126,2026-06-12,2,22.42,IN PROGRESS,Debit Card
O000290,C00504,R0140,2026-08-09,4,31.06,CANCELED,Debit Card
O000291,C00474,R0128,2026-07-05,2,18.36,CANCELED,Credit Card
O000292,C00365,R0047,2026-07-23,4,10.25,IN PROGRESS,Credit Card
O000293,C00763,R0181,2026-03-11,1,29.80,COMPLETED,Cash
O000294,C01170,R0174,2026-03-21,2,28.46,CANCELLED,Digital Wallet
O000295,C00736,R0022,2026-06-29,2,28.47,COMPLETED,Cash
O000296,C01153,R0071,2026-03-02,5,31.32,IN PROGRESS,Credit Card
O000297,C00038,R0168,2026-05-18,1,16.31,DELIVERED,Debit Card
O000298,C00798,R0152,2026-07-27,5,11.72,DELIVERED,Debit Card
O000299,C00273,R0063,2026-04-06,4,25.46,COMPLETED,Debit Card
O000300,C00339,R0091,2026-03-09,3,16.27,DELIVERED,Digital Wallet
O000301,C00905,R0110,2026-06-02,3,33.74,IN PROGRESS,Debit Card
O000302,C00133,R0173,2026-07-06,3,39.11,DELIVERED,Credit Card
O000303,C00181,R0117,2026-08-07,1,8.46,IN PROGRESS,Cash
O000304,C00592,R0080,2026-02-26,4,20.70,COMPLETED,Debit Card
O000305,C00220,R0037,2026-05-15,3,12.24,IN PROGRESS,Digital Wallet
O000306,C00185,R0167,2026-02-28,4,11.14,DELIVERED,Cash
O000307,C00523,R0016,2026-04-19,2,44.25,CANCELLED,Cash
O000308,C00433,R0122,2026-06-28,4,15.91,CANCELLED,Cash
O000309,C00618,R0158,2026-05-21,3,33.50,IN PROGRESS,Cash
O000310,C00907,R0066,2026-05-01,1,22.92,COMPLETED,Debit Card
O000311,C00384,R0038,2026-07-05,3,35.84,CANCELED,Debit Card
O000312,C00522,R0141,2026-02-21,5,44.76,CANCELLED,Debit Card
O000313,C00612,R0079,2026-01-11,1,33.90,IN PROGRESS,Cash
O000314,C00958,R0173,2026-04-30,2,25.38,DELIVERED,Credit Card
O000315,C01002,R0171,2026-05-08,3,38.56,IN PROGRESS,Debit Card
O000316,C00689,R0010,2026-04-26,5,22.27,COMPLETED,Debit Card
O000317,C00780,R0164,2026-04-17,1,8.57,CANCELLED,Cash
O000318,C00347,R0179,2026-07-02,2,22.61,CANCELED,Credit Card
O000319,C00090,R0166,2026-07-23,3,12.28,COMPLETED,Cash
O000320,C00539,R0175,2026-01-04,3,33.57,DELIVERED,Digital Wallet
O000321,C00461,R0103,2026-04-10,2,17.61,IN PROGRESS,Credit Card
O000322,C00390,R0095,2026-05-11,1,29.68,COMPLETED,Cash
O000323,C00264,R0157,2026-04-02,4,12.93,IN PROGRESS,Debit Card
O000324,C00221,R0077,2026-04-28,4,16.10,COMPLETED,Credit Card
O000325,C00293,R0017,2026-05-31,5,13.50,IN PROGRESS,Debit Card
O000326,C01167,R0072,2026-07-09,5,27.55,CANCELED,Digital Wallet
O000327,C00270,R0164,2026-06-26,5,35.52,CANCELED,Credit Card
O000328,C00503,R0053,2026-04-29,1,22.80,IN PROGRESS,Credit Card
O000329,C00379,R0104,2026-04-19,3,32.11,IN PROGRESS,Cash
O000330,C00899,R0058,2026-05-15,1,19.59,CANCELLED,Credit Card
O000331,C00503,R0005,2026-01-22,4,44.94,IN PROGRESS,Debit Card
O000332,C00780,R0011,2026-07-15,1,12.55,DELIVERED,Cash
O000333,C00743,R0150,2026-02-09,1,15.25,CANCELED,Credit Card
O000334,C00522,R0139,2026-02-26,5,16.36,CANCELLED,Debit Card
O000335,C00492,R0104,2026-03-16,3,30.96,IN PROGRESS,Digital Wallet
O000336,C00668,R0132,2026-04-02,2,27.25,DELIVERED,Credit Card
O000337,C00394,R0066,2026-03-27,3,19.25,IN PROGRESS,Digital Wallet
O000338,C00628,R0108,2026-07-13,4,32.88,COMPLETED,Digital Wallet
O000339,C00954,R0135,2026-05-22,1,9.24,COMPLETED,Credit Card
O000340,C00907,R0126,2026-03-16,1,15.59,IN PROGRESS,Credit Card
O000341,C00112,R0069,2026-04-15,3,23.75,IN PROGRESS,Digital Wallet
O000342,C00381,R0058,2026-04-12,3,19.52,COMPLETED,Credit Card
O000343,C00966,R0024,2026-01-01,5,24.17,COMPLETED,Debit Card
O000344,C00997,R0132,2026-07-27,2,22.45,CANCELLED,Cash
O000345,C00358,R0065,2026-01-09,2,38.32,IN PROGRESS,Debit Card
O000346,C00773,R0065,2026-05-29,3,15.53,DELIVERED,Debit Card
O000347,C01096,R0149,2026-07-04,1,28.77,CANCELLED,Digital Wallet
O000348,C00297,R0054,2026-01-10,1,32.39,DELIVERED,Credit Card
O000349,C00587,R0112,2026-03-04,4,26.29,CANCELLED,Credit Card
O000350,C00359,R0200,2026-04-02,4,29.30,COMPLETED,Cash
O000351,C00216,R0183,2026-01-16,3,13.16,CANCELED,Debit Card
O000352,C00521,R0086,2026-03-27,1,39.55,CANCELED,Credit Card
O000353,C00358,R0160,2026-07-05,4,16.19,COMPLETED,Credit Card
O000354,C01179,R0132,2026-03-06,4,42.12,CANCELED,Digital Wallet
O000355,C00930,R0160,2026-05-13,3,8.02,IN PROGRESS,Cash
O000356,C00797,R0081,2026-03-05,3,35.61,COMPLETED,Debit Card
O000357,C01145,R0152,2026-07-15,4,32.47,DELIVERED,Digital Wallet
O000358,C00128,R0028,2026-07-01,2,40.53,CANCELLED,Digital Wallet
O000359,C00722,R0104,2026-08-01,5,25.35,CANCELLED,Digital Wallet
O000360,C00649,R0083,2026-03-29,3,23.03,COMPLETED,Credit Card
O000361,C00733,R0091,2026-03-28,4,31.20,IN PROGRESS,Debit Card
O000362,C00914,R0121,2026-05-01,4,15.75,CANCELLED,Digital Wallet
O000363,C00842,R0081,2026-03-31,4,24.73,CANCELLED,Cash
O000364,C00873,R0026,2026-04-13,2,32.09,IN PROGRESS,Digital Wallet
O000365,C00664,R0087,2026-04-09,1,38.01,COMPLETED,Digital Wallet
O000366,C01115,R0149,2026-07-07,3,22.94,CANCELED,Cash
O000367,C00697,R0053,2026-04-05,2,20.60,CANCELLED,Cash
O000368,C00537,R0023,2026-01-28,4,25.02,DELIVERED,Cash
O000369,C01170,R0044,2026-07-08,5,9.52,CANCELED,Digital Wallet
O000370,C00248,R0199,2026-07-16,4,36.16,CANCELED,Debit Card
O000371,C00507,R0128,2026-01-08,5,32.10,DELIVERED,Digital Wallet
O000372,C00051,R0010,2026-05-26,2,10.20,CANCELED,Cash
O000373,C00065,R0009,2026-01-23,4,28.51,COMPLETED,Cash
O000374,C00512,R0070,2026-08-06,3,28.30,CANCELLED,Debit Card
O000375,C00405,R0098,2026-01-16,3,24.56,CANCELED,Cash
O000376,C00991,R0031,2026-05-22,4,17.60,COMPLETED,Credit Card
O000377,C00589,R0055,2026-02-12,3,19.11,IN PROGRESS,Cash
O000378,C00770,R0092,2026-07-03,5,20.30,CANCELED,Debit Card
O000379,C00291,R0035,2026-06-02,3,26.07,CANCELED,Digital Wallet
O000380,C00002,R0104,2026-02-05,5,17.20,DELIVERED,Debit Card
O000381,C00946,R0104,2026-04-07,4,29.93,DELIVERED,Cash
O000382,C00684,R0010,2026-05-20,3,29.40,IN PROGRESS,Credit Card
O000383,C00204,R0130,2026-01-28,4,13.28,COMPLETED,Digital Wallet
O000384,C01165,R0095,2026-04-27,3,40.19,CANCELLED,Cash
O000385,C00603,R0177,2026-04-23,1,24.08,COMPLETED,Cash
O000386,C00807,R0113,2026-08-09,2,9.26,IN PROGRESS,Cash
O000387,C00967,R0151,2026-07-18,5,31.48,CANCELED,Debit Card
O000388,C01031,R0193,2026-03-10,3,41.96,CANCELLED,Cash
O000389,C00772,R0015,2026-03-14,1,23.56,DELIVERED,Debit Card
O000390,C00595,R0012,2026-01-31,5,24.59,COMPLETED,Digital Wallet
O000391,C00266,R0166,2026-01-30,2,8.57,COMPLETED,Debit Card
O000392,C01014,R0065,2026-02-25,2,24.20,IN PROGRESS,Debit Card
O000393,C00440,R0051,2026-07-10,2,26.61,CANCELED,Digital Wallet
O000394,C00189,R0147,2026-03-08,3,14.07,COMPLETED,Digital Wallet
O000395,C01151,R0031,2026-05-29,5,29.07,IN PROGRESS,Digital Wallet
O000396,C00937,R0018,2026-07-04,2,35.84,CANCELED,Debit Card
O000397,C00546,R0102,2026-06-21,2,33.51,CANCELED,Debit Card
O000398,C00851,R0119,2026-03-17,1,39.11,IN PROGRESS,Credit Card
O000399,C00766,R0047,2026-03-27,4,18.33,DELIVERED,Credit Card
O000400,C00530,R0189,2026-05-02,1,23.18,CANCELLED,Digital Wallet
O000401,C00911,R0119,2026-02-02,5,18.01,DELIVERED,Cash
O000402,C00537,R0190,2026-02-09,5,13.31,CANCELLED,Cash
O000403,C00337,R0092,2026-03-22,4,33.32,IN PROGRESS,Debit Card
O000404,C00811,R0109,2026-04-14,1,25.96,CANCELED,Cash
O000405,C00551,R0130,2026-07-30,3,29.47,IN PROGRESS,Digital Wallet
O000406,C00950,R0125,2026-06-11,1,27.15,CANCELED,Debit Card
O000407,C00778,R0101,2026-07-22,2,33.30,CANCELED,Cash
O000408,C00552,R0102,2026-07-05,4,31.11,DELIVERED,Digital Wallet
O000409,C00275,R0058,2026-06-24,2,11.63,IN PROGRESS,Cash
O000410,C00614,R0180,2026-05-21,3,28.97,CANCELED,Debit Card
O000411,C00622,R0158,2026-05-27,1,43.99,DELIVERED,Debit Card
O000412,C00080,R0067,2026-03-25,5,29.72,CANCELED,Cash
O000413,C00044,R0038,2026-06-14,2,36.24,CANCELLED,Credit Card
O000414,C00064,R0028,2026-04-16,4,9.82,DELIVERED,Credit Card
O000415,C00303,R0168,2026-06-06,4,13.72,DELIVERED,Debit Card
O000416,C00018,R0114,2026-04-26,4,43.89,IN PROGRESS,Credit Card
O000417,C00054,R0101,2026-01-30,5,40.70,CANCELED,Cash
O000418,C00715,R0144,2026-02-17,1,11.48,CANCELED,Digital Wallet
O000419,C00929,R0084,2026-08-06,5,35.66,COMPLETED,Credit Card
O000420,C00163,R0178,2026-04-17,4,13.41,IN PROGRESS,Digital Wallet
O000421,C00941,R0040,2026-07-19,5,15.47,DELIVERED,Cash
O000422,C00950,R0063,2026-06-05,1,36.95,DELIVERED,Cash
O000423,C00980,R0194,2026-07-05,1,17.20,IN PROGRESS,Cash
O000424,C00333,R0198,2026-02-14,2,18.18,DELIVERED,Credit Card
O000425,C01014,R0123,2026-03-20,3,13.49,DELIVERED,Credit Card
O000426,C00413,R0001,2026-04-30,3,20.91,COMPLETED,Credit Card
O000427,C00967,R0050,2026-01-07,5,44.94,CANCELED,Credit Card
O000428,C00846,R0038,2026-03-03,4,40.24,DELIVERED,Debit Card
O000429,C00750,R0011,2026-02-27,4,35.36,CANCELED,Cash
O000430,C01028,R0033,2026-04-14,2,12.58,DELIVERED,Cash
O000431,C00602,R0017,2026-03-06,4,21.80,COMPLETED,Credit Card
O000432,C00429,R0072,2026-02-17,2,21.06,IN PROGRESS,Debit Card
O000433,C00410,R0097,2026-01-25,5,29.58,IN PROGRESS,Cash
O000434,C01074,R0169,2026-06-09,3,43.19,COMPLETED,Credit Card
O000435,C00549,R0091,2026-05-23,4,28.61,IN PROGRESS,Debit Card
O000436,C00106,R0180,2026-02-12,3,27.31,CANCELED,Digital Wallet
O000437,C00523,R0099,2026-02-12,3,12.64,IN PROGRESS,Debit Card
O000438,C00284,R0095,2026-03-04,4,38.04,CANCELED,Credit Card
O000439,C00517,R0079,2026-01-01,4,11.91,CANCELED,Debit Card
O000440,C00756,R0100,2026-03-29,5,32.69,CANCELLED,Credit Card
O000441,C01127,R0121,2026-04-28,4,40.58,CANCELED,Cash
O000442,C00389,R0142,2026-05-10,2,26.61,IN PROGRESS,Digital Wallet
O000443,C00568,R0036,2026-02-17,4,35.98,CANCELED,Cash
O000444,C00200,R0016,2026-02-15,4,37.21,CANCELED,Cash
O000445,C00967,R0054,2026-03-21,2,13.10,CANCELED,Digital Wallet
O000446,C01101,R0136,2026-06-19,1,31.45,IN PROGRESS,Digital Wallet
O000447,C00828,R0065,2026-03-23,3,42.47,CANCELLED,Debit Card
O000448,C00045,R0016,2026-07-19,1,23.09,CANCELLED,Digital Wallet
O000449,C00585,R0078,2026-05-18,5,13.19,COMPLETED,Digital Wallet
O000450,C00495,R0139,2026-07-28,1,12.52,COMPLETED,Digital Wallet
O000451,C00588,R0166,2026-06-25,1,10.77,CANCELLED,Digital Wallet
O000452,C00661,R0120,2026-02-27,1,32.10,CANCELED,Digital Wallet
O000453,C00009,R0149,2026-08-09,4,15.65,CANCELLED,Credit Card
O000454,C00647,R0184,2026-06-17,4,19.80,CANCELED,Debit Card
O000455,C00222,R0046,2026-04-28,4,34.73,DELIVERED,Cash
O000456,C00922,R0056,2026-02-09,2,16.59,CANCELED,Credit Card
O000457,C00110,R0031,2026-05-03,1,43.06,CANCELLED,Cash
O000458,C00968,R0072,2026-06-09,2,36.21,DELIVERED,Credit Card
O000459,C00907,R0101,2026-05-25,5,30.54,COMPLETED,Debit Card
O000460,C00485,R0171,2026-07-11,3,27.42,DELIVERED,Debit Card
O000461,C00058,R0143,2026-03-12,5,13.77,COMPLETED,Cash
O000462,C00517,R0136,2026-05-25,4,25.69,IN PROGRESS,Digital Wallet
O000463,C00896,R0193,2026-03-13,1,39.82,IN PROGRESS,Credit Card
O000464,C01077,R0123,2026-02-26,3,21.61,CANCELED,Debit Card
O000465,C01113,R0168,2026-01-02,4,37.69,CANCELLED,Cash
O000466,C00708,R0189,2026-02-20,4,13.40,DELIVERED,Credit Card
O000467,C00077,R0148,2026-08-07,2,38.80,CANCELED,Credit Card
O000468,C00747,R0145,2026-07-18,2,42.58,DELIVERED,Credit Card
O000469,C00344,R0023,2026-03-10,4,23.36,DELIVERED,Credit Card
O000470,C00783,R0161,2026-03-12,2,26.78,COMPLETED,Digital Wallet
O000471,C00965,R0075,2026-01-31,3,19.45,DELIVERED,Cash
O000472,C00283,R0027,2026-05-28,1,41.75,CANCELED,Digital Wallet
O000473,C00482,R0138,2026-01-25,3,28.17,IN PROGRESS,Credit Card
O000474,C00297,R0179,2026-07-29,1,27.75,CANCELLED,Credit Card
O000475,C00560,R0060,2026-03-13,4,43.73,IN PROGRESS,Cash
O000476,C00027,R0164,2026-05-29,3,20.68,CANCELED,Debit Card
O000477,C00920,R0027,2026-06-17,1,30.37,COMPLETED,Credit Card
O000478,C00141,R0024,2026-07-04,4,21.11,CANCELLED,Debit Card
O000479,C00247,R0077,2026-08-09,5,25.33,DELIVERED,Debit Card
O000480,C00960,R0018,2026-04-12,1,8.81,CANCELLED,Credit Card
O000481,C00177,R0087,2026-08-08,5,41.90,DELIVERED,Digital Wallet
O000482,C00919,R0169,2026-04-12,1,19.20,DELIVERED,Digital Wallet
O000483,C00361,R0089,2026-05-09,5,36.55,DELIVERED,Digital Wallet
O000484,C00928,R0013,2026-02-15,2,43.12,CANCELLED,Credit Card
O000485,C00704,R0035,2026-06-11,4,32.36,COMPLETED,Cash
O000486,C00741,R0055,2026-01-12,3,34.60,COMPLETED,Cash
O000487,C01011,R0064,2026-01-01,1,8.41,CANCELED,Cash
O000488,C00543,R0002,2026-02-23,2,10.65,CANCELED,Credit Card
O000489,C00540,R0110,2026-05-18,4,41.77,DELIVERED,Digital Wallet
O000490,C01110,R0171,2026-07-01,5,9.71,COMPLETED,Credit Card
O000491,C00425,R0151,2026-04-02,5,32.91,DELIVERED,Debit Card
O000492,C00693,R0103,2026-05-01,4,28.45,CANCELED,Digital Wallet
O000493,C00120,R0096,2026-06-15,1,16.14,COMPLETED,Cash
O000494,C00318,R0060,2026-03-16,3,11.90,CANCELLED,Credit Card
O000495,C00833,R0080,2026-04-06,2,10.52,DELIVERED,Credit Card
O000496,C00700,R0064,2026-02-12,5,20.03,IN PROGRESS,Cash
O000497,C00345,R0023,2026-04-15,4,18.43,CANCELED,Digital Wallet
O000498,C00119,R0013,2026-02-23,2,16.77,IN PROGRESS,Cash
O000499,C00318,R0131,2026-04-08,1,38.01,IN PROGRESS,Credit Card
O000500,C00798,R0128,2026-07-02,1,34.75,DELIVERED,Digital Wallet
O000501,C01104,R0089,2026-04-06,4,42.57,DELIVERED,Cash
O000502,C00877,R0061,2026-04-10,2,26.60,CANCELLED,Digital Wallet
O000503,C00985,R0061,2026-07-26,5,9.10,CANCELLED,Debit Card
O000504,C00919,R0127,2026-08-03,1,21.33,CANCELLED,Debit Card
O000505,C01135,R0157,2026-04-26,3,20.60,DELIVERED,Debit Card
O000506,C00823,R0106,2026-06-11,3,18.83,CANCELED,Debit Card
O000507,C00514,R0003,2026-06-28,3,44.14,DELIVERED,Credit Card
O000508,C00607,R0120,2026-05-23,2,9.59,IN PROGRESS,Credit Card
O000509,C00318,R0070,2026-05-21,4,11.91,COMPLETED,Credit Card
O000510,C00588,R0091,2026-04-09,4,20.13,CANCELLED,Credit Card
O000511,C00349,R0078,2026-04-04,4,24.95,COMPLETED,Credit Card
O000512,C00084,R0199,2026-02-04,1,43.55,COMPLETED,Digital Wallet
O000513,C00239,R0180,2026-05-30,3,39.80,CANCELLED,Cash
O000514,C00873,R0011,2026-06-06,3,31.69,DELIVERED,Credit Card
O000515,C00341,R0176,2026-05-05,3,23.06,IN PROGRESS,Digital Wallet
O000516,C01137,R0101,2026-08-06,1,27.23,COMPLETED,Cash
O000517,C00470,R0126,2026-06-21,4,36.92,CANCELLED,Debit Card
O000518,C01138,R0140,2026-03-30,4,42.44,IN PROGRESS,Credit Card
O000519,C00152,R0121,2026-01-30,2,15.42,CANCELLED,Credit Card
O000520,C00055,R0131,2026-05-17,5,39.02,CANCELED,Credit Card
O000521,C00127,R0052,2026-07-23,3,25.21,DELIVERED,Digital Wallet
O000522,C00560,R0017,2026-07-23,5,43.72,IN PROGRESS,Credit Card
O000523,C00985,R0197,2026-07-29,3,38.65,CANCELED,Debit Card
O000524,C01072,R0005,2026-08-08,2,30.21,DELIVERED,Cash
O000525,C00308,R0145,2026-02-18,3,20.04,IN PROGRESS,Cash
O000526,C00020,R0041,2026-02-22,2,22.60,CANCELLED,Credit Card
O000527,C00128,R0154,2026-01-29,1,30.69,COMPLETED,Cash
O000528,C00990,R0032,2026-04-15,2,27.53,IN PROGRESS,Debit Card
O000529,C00426,R0138,2026-04-20,4,42.78,COMPLETED,Digital Wallet
O000530,C00614,R0009,2026-05-11,5,13.23,COMPLETED,Cash
O000531,C00808,R0043,2026-03-10,3,44.82,CANCELED,Debit Card
O000532,C00918,R0179,2026-06-05,4,44.44,CANCELLED,Cash
O000533,C00983,R0117,2026-03-01,3,20.77,COMPLETED,Credit Card
O000534,C00498,R0164,2026-03-21,5,14.96,IN PROGRESS,Cash
O000535,C00791,R0117,2026-01-29,1,27.74,CANCELLED,Digital Wallet
O000536,C00629,R0111,2026-07-12,3,34.20,CANCELLED,Debit Card
O000537,C00307,R0064,2026-01-30,3,41.35,CANCELED,Debit Card
O000538,C00863,R0016,2026-06-18,2,15.31,CANCELED,Cash
O000539,C00027,R0010,2026-04-15,2,21.11,CANCELLED,Digital Wallet
O000540,C00858,R0054,2026-02-28,3,22.29,DELIVERED,Debit Card
O000541,C00935,R0077,2026-03-07,1,17.32,CANCELLED,Debit Card
O000542,C00019,R0061,2026-01-02,2,39.66,CANCELLED,Cash
O000543,C00913,R0148,2026-03-01,1,36.31,CANCELED,Digital Wallet
O000544,C00901,R0037,2026-01-03,4,42.63,CANCELLED,Debit Card
O000545,C01139,R0024,2026-03-19,2,24.35,COMPLETED,Digital Wallet
O000546,C00590,R0009,2026-06-27,2,10.39,DELIVERED,Credit Card
O000547,C00562,R0132,2026-07-30,5,18.86,IN PROGRESS,Cash
O000548,C00557,R0195,2026-06-26,4,37.64,DELIVERED,Credit Card
O000549,C00491,R0101,2026-04-16,4,15.89,DELIVERED,Digital Wallet
O000550,C00282,R0131,2026-02-20,5,40.05,CANCELED,Cash
O000551,C00272,R0111,2026-02-05,2,15.96,IN PROGRESS,Cash
O000552,C01003,R0153,2026-02-19,1,32.88,CANCELLED,Cash
O000553,C00350,R0114,2026-01-31,1,38.96,CANCELED,Credit Card
O000554,C00886,R0043,2026-02-02,1,9.33,CANCELED,Digital Wallet
O000555,C00657,R0076,2026-01-01,3,44.05,DELIVERED,Digital Wallet
O000556,C00040,R0163,2026-01-11,4,20.95,CANCELLED,Credit Card
O000557,C00036,R0181,2026-08-06,5,28.43,CANCELED,Debit Card
O000558,C00520,R0014,2026-07-08,3,15.78,COMPLETED,Digital Wallet
O000559,C00126,R0146,2026-03-02,5,43.22,DELIVERED,Digital Wallet
O000560,C00831,R0002,2026-02-13,4,24.02,COMPLETED,Credit Card
O000561,C01101,R0148,2026-05-21,4,33.63,COMPLETED,Cash
O000562,C00691,R0164,2026-07-15,2,20.16,IN PROGRESS,Digital Wallet
O000563,C00057,R0134,2026-05-24,3,27.84,COMPLETED,Debit Card
O000564,C00930,R0143,2026-02-18,5,11.64,CANCELLED,Digital Wallet
O000565,C00382,R0136,2026-06-23,4,31.13,CANCELED,Credit Card
O000566,C00017,R0087,2026-06-11,2,37.67,CANCELED,Credit Card
O000567,C00070,R0143,2026-02-28,4,38.06,COMPLETED,Cash
O000568,C00776,R0021,2026-06-01,4,33.03,COMPLETED,Credit Card
O000569,C01014,R0057,2026-02-24,3,42.32,CANCELLED,Credit Card
O000570,C01107,R0055,2026-03-29,3,31.90,DELIVERED,Digital Wallet
O000571,C00968,R0174,2026-03-20,2,39.23,CANCELED,Debit Card
O000572,C00115,R0020,2026-05-31,3,23.17,COMPLETED,Digital Wallet
O000573,C01118,R0014,2026-04-20,1,43.82,CANCELED,Digital Wallet
O000574,C00623,R0154,2026-03-21,3,28.04,COMPLETED,Debit Card
O000575,C00228,R0156,2026-01-28,1,26.03,CANCELLED,Digital Wallet
O000576,C00460,R0115,2026-07-18,5,22.00,IN PROGRESS,Credit Card
O000577,C00362,R0069,2026-01-03,3,37.30,COMPLETED,Digital Wallet
O000578,C01116,R0044,2026-01-31,4,30.72,CANCELLED,Credit Card
O000579,C00139,R0088,2026-05-02,1,12.90,COMPLETED,Credit Card
O000580,C00917,R0095,2026-04-29,2,9.60,CANCELED,Credit Card
O000581,C00800,R0050,2026-02-19,2,9.34,CANCELLED,Credit Card
O000582,C00392,R0146,2026-04-02,1,28.11,DELIVERED,Cash
O000583,C00041,R0129,2026-07-07,2,8.68,COMPLETED,Cash
O000584,C00498,R0047,2026-02-25,3,38.45,CANCELED,Debit Card
O000585,C01099,R0129,2026-04-02,1,44.27,CANCELED,Digital Wallet
O000586,C01110,R0013,2026-07-03,5,41.03,CANCELLED,Digital Wallet
O000587,C00617,R0073,2026-01-19,1,38.66,COMPLETED,Cash
O000588,C01121,R0103,2026-02-01,5,21.97,IN PROGRESS,Debit Card
O000589,C00123,R0173,2026-04-08,4,13.04,CANCELLED,Cash
O000590,C00420,R0101,2026-04-13,3,14.73,COMPLETED,Cash
O000591,C00944,R0200,2026-02-15,5,42.83,CANCELLED,Debit Card
O000592,C00057,R0188,2026-01-17,3,25.81,IN PROGRESS,Cash
O000593,C01128,R0013,2026-01-06,2,14.65,COMPLETED,Credit Card
O000594,C01118,R0039,2026-02-16,5,34.52,CANCELLED,Cash
O000595,C00568,R0166,2026-07-31,5,13.07,CANCELED,Credit Card
O000596,C00044,R0069,2026-07-09,1,15.26,COMPLETED,Digital Wallet
O000597,C00864,R0170,2026-02-02,4,14.73,CANCELLED,Debit Card
O000598,C00923,R0030,2026-04-25,4,22.35,COMPLETED,Cash
O000599,C00132,R0063,2026-01-28,3,35.58,COMPLETED,Digital Wallet
O000600,C00466,R0184,2026-05-15,1,27.67,CANCELED,Digital Wallet
O000601,C01092,R0062,2026-03-09,2,26.34,DELIVERED,Debit Card
O000602,C00728,R0110,2026-02-26,3,32.37,COMPLETED,Credit Card
O000603,C01171,R0119,2026-04-30,4,28.94,IN PROGRESS,Credit Card
O000604,C00217,R0184,2026-07-12,2,43.55,COMPLETED,Debit Card
O000605,C01024,R0036,2026-05-10,4,11.38,CANCELLED,Digital Wallet
O000606,C00568,R0037,2026-01-10,2,41.98,CANCELED,Credit Card
O000607,C00794,R0079,2026-02-24,5,12.48,DELIVERED,Digital Wallet
O000608,C01116,R0174,2026-04-03,4,38.96,COMPLETED,Credit Card
O000609,C00997,R0083,2026-02-03,3,41.32,IN PROGRESS,Digital Wallet
O000610,C00265,R0049,2026-04-29,5,14.45,CANCELED,Cash
O000611,C00596,R0125,2026-07-26,2,14.56,DELIVERED,Cash
O000612,C00049,R0104,2026-04-15,2,8.38,DELIVERED,Digital Wallet
O000613,C00281,R0089,2026-01-30,4,38.96,DELIVERED,Digital Wallet
O000614,C00232,R0162,2026-06-23,3,23.51,IN PROGRESS,Digital Wallet
O000615,C00554,R0045,2026-04-26,4,27.70,CANCELLED,Credit Card
O000616,C00091,R0165,2026-05-26,3,27.63,CANCELED,Cash
O000617,C00376,R0015,2026-04-07,2,25.56,IN PROGRESS,Cash
O000618,C00744,R0144,2026-07-18,5,16.74,CANCELLED,Cash
O000619,C00309,R0197,2026-03-18,5,23.69,DELIVERED,Debit Card
O000620,C00304,R0148,2026-05-12,4,36.03,CANCELED,Cash
O000621,C01041,R0020,2026-05-17,2,23.30,IN PROGRESS,Cash
O000622,C00670,R0157,2026-03-27,1,34.88,DELIVERED,Cash
O000623,C00592,R0111,2026-04-14,3,25.96,COMPLETED,Cash
O000624,C00977,R0046,2026-06-04,1,36.44,DELIVERED,Cash
O000625,C00574,R0086,2026-03-23,5,21.38,COMPLETED,Debit Card
O000626,C00972,R0047,2026-04-04,4,10.01,CANCELED,Debit Card
O000627,C01136,R0060,2026-05-01,5,40.87,CANCELED,Debit Card
O000628,C00121,R0037,2026-05-06,4,10.95,IN PROGRESS,Digital Wallet
O000629,C00093,R0096,2026-02-04,3,11.24,COMPLETED,Credit Card
O000630,C01040,R0173,2026-01-11,3,41.54,DELIVERED,Debit Card
O000631,C00628,R0120,2026-03-18,3,9.17,IN PROGRESS,Debit Card
O000632,C00832,R0196,2026-05-18,4,11.46,IN PROGRESS,Digital Wallet
O000633,C00127,R0176,2026-05-17,1,20.35,CANCELED,Credit Card
O000634,C00732,R0180,2026-04-08,4,20.09,CANCELED,Cash
O000635,C01189,R0172,2026-02-24,5,12.61,CANCELLED,Digital Wallet
O000636,C01124,R0145,2026-07-31,1,23.82,DELIVERED,Credit Card
O000637,C00717,R0045,2026-06-26,1,44.23,CANCELLED,Credit Card
O000638,C00785,R0186,2026-01-09,2,14.80,CANCELLED,Cash
O000639,C01057,R0121,2026-05-26,3,13.78,CANCELED,Debit Card
O000640,C01014,R0024,2026-06-13,2,28.81,CANCELLED,Digital Wallet
O000641,C00665,R0172,2026-03-13,3,29.61,CANCELED,Digital Wallet
O000642,C00644,R0161,2026-02-16,4,11.98,COMPLETED,Cash
O000643,C00100,R0045,2026-06-21,4,8.08,CANCELED,Cash
O000644,C00383,R0029,2026-02-12,3,20.25,IN PROGRESS,Debit Card
O000645,C00995,R0113,2026-01-14,5,34.59,DELIVERED,Cash
O000646,C00380,R0015,2026-04-01,2,19.11,DELIVERED,Debit Card
O000647,C01124,R0112,2026-05-15,2,19.30,IN PROGRESS,Cash
O000648,C00766,R0179,2026-01-22,1,22.15,DELIVERED,Debit Card
O000649,C01065,R0019,2026-04-23,1,9.35,CANCELED,Digital Wallet
O000650,C00177,R0032,2026-04-09,1,8.18,DELIVERED,Cash
O000651,C00408,R0108,2026-02-28,1,16.58,IN PROGRESS,Cash
O000652,C00624,R0028,2026-03-15,5,19.71,CANCELLED,Cash
O000653,C00414,R0062,2026-03-29,2,9.90,COMPLETED,Credit Card
O000654,C00088,R0126,2026-05-29,1,21.22,CANCELED,Cash
O000655,C00181,R0051,2026-06-13,1,8.73,COMPLETED,Debit Card
O000656,C00901,R0115,2026-01-17,2,21.56,IN PROGRESS,Cash
O000657,C00141,R0038,2026-02-04,1,17.88,IN PROGRESS,Credit Card
O000658,C00644,R0166,2026-03-03,2,31.51,CANCELLED,Credit Card
O000659,C00644,R0172,2026-05-16,4,15.49,CANCELLED,Digital Wallet
O000660,C00595,R0163,2026-04-16,1,33.64,CANCELED,Digital Wallet
O000661,C01146,R0042,2026-02-18,5,14.29,DELIVERED,Debit Card
O000662,C00491,R0102,2026-07-07,4,31.30,IN PROGRESS,Digital Wallet
O000663,C00831,R0122,2026-06-05,1,29.30,COMPLETED,Credit Card
O000664,C00251,R0162,2026-02-08,5,10.95,CANCELLED,Credit Card
O000665,C00368,R0180,2026-04-25,5,21.15,IN PROGRESS,Cash
O000666,C01092,R0036,2026-01-06,1,23.67,DELIVERED,Debit Card
O000667,C00567,R0127,2026-03-26,3,29.75,DELIVERED,Cash
O000668,C00664,R0163,2026-04-11,5,23.08,CANCELLED,Credit Card
O000669,C01095,R0107,2026-05-19,5,33.00,IN PROGRESS,Cash
O000670,C00911,R0060,2026-03-21,4,12.12,CANCELLED,Digital Wallet
O000671,C01040,R0130,2026-03-09,5,16.67,DELIVERED,Cash
O000672,C00815,R0192,2026-01-27,2,44.88,DELIVERED,Credit Card
O000673,C00866,R0077,2026-02-01,5,41.41,DELIVERED,Debit Card
O000674,C00568,R0146,2026-07-21,5,22.43,COMPLETED,Cash
O000675,C00877,R0155,2026-07-27,1,16.03,COMPLETED,Cash
O000676,C00909,R0031,2026-02-13,1,19.02,CANCELLED,Debit Card
O000677,C00907,R0127,2026-04-25,5,25.14,CANCELED,Credit Card
O000678,C00525,R0009,2026-01-15,2,35.86,COMPLETED,Credit Card
O000679,C00390,R0183,2026-05-09,1,41.28,DELIVERED,Debit Card
O000680,C00612,R0121,2026-07-19,4,44.27,IN PROGRESS,Digital Wallet
O000681,C00058,R0193,2026-06-07,1,24.72,COMPLETED,Cash
O000682,C01197,R0155,2026-01-08,5,13.99,CANCELED,Debit Card
O000683,C00029,R0008,2026-07-11,5,37.61,DELIVERED,Credit Card
O000684,C01135,R0014,2026-02-03,1,40.51,IN PROGRESS,Cash
O000685,C00684,R0165,2026-01-24,5,36.84,IN PROGRESS,Debit Card
O000686,C01170,R0113,2026-07-23,4,42.52,CANCELLED,Credit Card
O000687,C00652,R0061,2026-05-14,1,37.49,DELIVERED,Debit Card
O000688,C00931,R0057,2026-06-02,4,37.91,CANCELED,Credit Card
O000689,C00773,R0014,2026-06-30,4,17.10,DELIVERED,Credit Card
O000690,C00603,R0145,2026-04-13,2,38.78,IN PROGRESS,Digital Wallet
O000691,C00787,R0093,2026-06-03,3,25.58,DELIVERED,Cash
O000692,C00570,R0168,2026-02-25,2,17.73,CANCELLED,Cash
O000693,C00585,R0112,2026-01-22,3,29.97,COMPLETED,Credit Card
O000694,C01110,R0113,2026-05-20,3,24.05,CANCELLED,Credit Card
O000695,C00121,R0189,2026-06-01,4,10.49,COMPLETED,Debit Card
O000696,C00987,R0177,2026-04-06,2,43.61,CANCELED,Credit Card
O000697,C00176,R0039,2026-04-27,4,18.34,CANCELED,Credit Card
O000698,C00112,R0183,2026-01-22,4,36.50,IN PROGRESS,Debit Card
O000699,C00716,R0009,2026-04-22,1,30.55,CANCELED,Cash
O000700,C01143,R0067,2026-05-26,3,11.40,IN PROGRESS,Credit Card
O000701,C00565,R0189,2026-07-24,3,13.19,IN PROGRESS,Cash
O000702,C00021,R0024,2026-04-07,1,40.46,COMPLETED,Credit Card
O000703,C00513,R0197,2026-06-18,3,8.75,CANCELED,Debit Card
O000704,C00717,R0036,2026-05-27,1,22.76,IN PROGRESS,Credit Card
O000705,C01172,R0129,2026-06-02,4,10.83,IN PROGRESS,Digital Wallet
O000706,C00556,R0166,2026-01-30,1,33.11,DELIVERED,Debit Card
O000707,C00028,R0169,2026-06-26,2,38.73,COMPLETED,Digital Wallet
O000708,C00363,R0086,2026-03-22,2,36.41,DELIVERED,Digital Wallet
O000709,C00634,R0013,2026-02-08,1,8.70,CANCELLED,Credit Card
O000710,C00660,R0154,2026-07-12,5,38.42,COMPLETED,Credit Card
O000711,C00020,R0026,2026-02-18,5,37.16,COMPLETED,Credit Card
O000712,C01107,R0196,2026-06-02,1,10.97,IN PROGRESS,Debit Card
O000713,C01035,R0087,2026-06-01,5,20.48,DELIVERED,Cash
O000714,C00130,R0117,2026-06-03,1,41.32,CANCELLED,Credit Card
O000715,C00576,R0105,2026-01-09,2,23.39,COMPLETED,Debit Card
O000716,C01022,R0043,2026-07-24,5,38.99,CANCELED,Cash
O000717,C00460,R0196,2026-07-30,3,42.10,DELIVERED,Digital Wallet
O000718,C00330,R0147,2026-05-19,3,19.41,DELIVERED,Digital Wallet
O000719,C00116,R0163,2026-07-27,3,31.40,DELIVERED,Credit Card
O000720,C00420,R0002,2026-05-29,4,35.25,DELIVERED,Credit Card
O000721,C00351,R0194,2026-03-01,3,28.89,CANCELLED,Debit Card
O000722,C00280,R0171,2026-05-16,3,37.17,DELIVERED,Cash
O000723,C00989,R0044,2026-02-07,4,23.02,CANCELLED,Cash
O000724,C00174,R0115,2026-05-15,4,17.36,DELIVERED,Debit Card
O000725,C01041,R0091,2026-07-30,5,44.65,COMPLETED,Debit Card
O000726,C00340,R0043,2026-06-23,5,40.38,CANCELLED,Cash
O000727,C00781,R0191,2026-04-23,3,36.88,CANCELLED,Cash
O000728,C00592,R0127,2026-03-30,4,42.08,CANCELED,Credit Card
O000729,C00415,R0187,2026-04-29,1,39.75,CANCELED,Digital Wallet
O000730,C00935,R0092,2026-08-09,4,34.43,IN PROGRESS,Cash
O000731,C00320,R0183,2026-02-05,4,36.45,COMPLETED,Credit Card
O000732,C00525,R0115,2026-01-16,2,18.04,CANCELED,Debit Card
O000733,C00444,R0015,2026-04-15,3,34.97,COMPLETED,Digital Wallet
O000734,C00459,R0111,2026-04-01,1,9.95,IN PROGRESS,Cash
O000735,C00923,R0078,2026-03-15,4,14.06,DELIVERED,Digital Wallet
O000736,C00805,R0036,2026-04-28,1,12.75,CANCELLED,Digital Wallet
O000737,C00767,R0070,2026-07-21,3,14.01,CANCELED,Digital Wallet
O000738,C00678,R0087,2026-03-09,2,22.32,CANCELED,Debit Card
O000739,C01151,R0160,2026-07-27,3,16.59,DELIVERED,Digital Wallet
O000740,C00904,R0072,2026-06-08,1,22.49,CANCELLED,Digital Wallet
O000741,C00347,R0101,2026-02-01,2,10.21,COMPLETED,Debit Card
O000742,C01103,R0153,2026-02-28,2,44.94,IN PROGRESS,Cash
O000743,C00608,R0019,2026-06-28,3,29.41,CANCELED,Debit Card
O000744,C00210,R0065,2026-07-05,5,40.80,COMPLETED,Credit Card
O000745,C01149,R0181,2026-07-16,3,37.84,IN PROGRESS,Digital Wallet
O000746,C00129,R0094,2026-02-09,2,15.83,CANCELED,Digital Wallet
O000747,C00351,R0175,2026-03-15,4,19.04,CANCELLED,Cash
O000748,C00079,R0157,2026-06-25,2,40.95,IN PROGRESS,Credit Card
O000749,C00129,R0112,2026-01-23,3,12.75,IN PROGRESS,Debit Card
O000750,C00218,R0114,2026-02-01,2,8.23,IN PROGRESS,Credit Card
O000751,C01095,R0109,2026-06-23,4,30.69,CANCELLED,Credit Card
O000752,C00495,R0020,2026-03-29,4,33.66,CANCELED,Cash
O000753,C00007,R0200,2026-05-04,4,15.35,COMPLETED,Digital Wallet
O000754,C00319,R0047,2026-03-18,2,29.17,CANCELED,Credit Card
O000755,C01171,R0178,2026-01-03,3,24.49,CANCELLED,Debit Card
O000756,C00006,R0134,2026-03-06,5,26.85,IN PROGRESS,Digital Wallet
O000757,C01027,R0019,2026-02-04,1,36.89,CANCELED,Credit Card
O000758,C00843,R0035,2026-03-26,1,8.77,CANCELLED,Cash
O000759,C00919,R0138,2026-04-29,4,27.68,DELIVERED,Digital Wallet
O000760,C00244,R0179,2026-07-21,2,17.78,DELIVERED,Credit Card
O000761,C00264,R0122,2026-07-24,2,32.36,COMPLETED,Credit Card
O000762,C00808,R0121,2026-03-04,4,29.44,CANCELED,Debit Card
O000763,C01143,R0025,2026-03-30,3,10.80,CANCELED,Credit Card
O000764,C00520,R0065,2026-06-23,3,14.33,CANCELLED,Credit Card
O000765,C01109,R0110,2026-03-21,3,39.27,CANCELLED,Cash
O000766,C00242,R0024,2026-06-13,5,25.48,COMPLETED,Debit Card
O000767,C01165,R0090,2026-05-19,4,25.55,CANCELLED,Debit Card
O000768,C00191,R0102,2026-03-18,3,16.09,IN PROGRESS,Digital Wallet
O000769,C00530,R0142,2026-04-08,2,13.42,COMPLETED,Debit Card
O000770,C00805,R0123,2026-04-22,4,20.75,CANCELLED,Cash
O000771,C00847,R0153,2026-05-03,5,23.58,DELIVERED,Credit Card
O000772,C01033,R0123,2026-06-13,5,38.21,COMPLETED,Credit Card
O000773,C00743,R0016,2026-02-05,5,21.38,CANCELLED,Debit Card
O000774,C00022,R0151,2026-07-31,1,24.39,CANCELLED,Cash
O000775,C01111,R0187,2026-03-25,4,25.39,COMPLETED,Digital Wallet
O000776,C00803,R0016,2026-01-07,3,23.16,DELIVERED,Digital Wallet
O000777,C01008,R0192,2026-07-02,5,25.55,CANCELLED,Digital Wallet
O000778,C00828,R0003,2026-05-21,2,17.84,DELIVERED,Digital Wallet
O000779,C00876,R0137,2026-01-09,2,17.40,COMPLETED,Digital Wallet
O000780,C01045,R0019,2026-04-24,4,13.58,DELIVERED,Credit Card
O000781,C01074,R0154,2026-08-01,1,37.71,COMPLETED,Credit Card
O000782,C00703,R0130,2026-03-11,3,34.17,COMPLETED,Credit Card
O000783,C00065,R0002,2026-04-30,3,31.32,COMPLETED,Digital Wallet
O000784,C00395,R0150,2026-07-08,2,23.67,IN PROGRESS,Debit Card
O000785,C00142,R0019,2026-03-23,2,27.79,CANCELLED,Cash
O000786,C00442,R0131,2026-03-21,2,43.69,IN PROGRESS,Digital Wallet
O000787,C00272,R0011,2026-04-12,2,18.80,COMPLETED,Cash
O000788,C00561,R0119,2026-03-24,2,31.17,CANCELED,Cash
O000789,C00400,R0010,2026-03-28,4,41.38,CANCELED,Credit Card
O000790,C01006,R0166,2026-04-10,1,37.65,CANCELLED,Debit Card
O000791,C00738,R0095,2026-01-15,2,23.61,IN PROGRESS,Credit Card
O000792,C01079,R0075,2026-05-17,4,12.01,IN PROGRESS,Debit Card
O000793,C00175,R0159,2026-01-23,3,32.31,CANCELLED,Credit Card
O000794,C00887,R0046,2026-01-01,3,44.46,IN PROGRESS,Digital Wallet
O000795,C00197,R0091,2026-08-03,5,38.84,DELIVERED,Digital Wallet
O000796,C00802,R0093,2026-06-11,3,26.81,CANCELED,Credit Card
O000797,C01018,R0191,2026-06-02,2,23.72,CANCELLED,Credit Card
O000798,C00455,R0083,2026-05-02,4,32.74,IN PROGRESS,Cash
O000799,C00935,R0104,2026-01-31,3,32.54,DELIVERED,Digital Wallet
O000800,C00426,R0042,2026-04-21,1,32.47,IN PROGRESS,Credit Card
O000801,C00448,R0113,2026-07-28,1,40.96,COMPLETED,Digital Wallet
O000802,C00681,R0158,2026-02-03,5,16.52,CANCELED,Cash
O000803,C00264,R0049,2026-01-23,2,9.95,CANCELLED,Debit Card
O000804,C00104,R0071,2026-05-29,4,32.11,CANCELED,Cash
O000805,C00683,R0077,2026-04-30,2,33.41,CANCELLED,Credit Card
O000806,C00469,R0185,2026-07-16,3,21.23,CANCELED,Digital Wallet
O000807,C00625,R0189,2026-04-21,2,36.49,CANCELLED,Debit Card
O000808,C01130,R0091,2026-07-01,5,44.80,COMPLETED,Digital Wallet
O000809,C00061,R0022,2026-05-24,3,26.82,IN PROGRESS,Credit Card
O000810,C00132,R0049,2026-02-26,4,24.05,IN PROGRESS,Cash
O000811,C00408,R0112,2026-05-06,1,32.40,DELIVERED,Credit Card
O000812,C01157,R0191,2026-02-01,3,44.00,IN PROGRESS,Debit Card
O000813,C00369,R0150,2026-02-08,2,42.62,IN PROGRESS,Credit Card
O000814,C00510,R0108,2026-03-23,3,42.85,CANCELED,Cash
O000815,C00261,R0090,2026-06-07,5,19.86,CANCELED,Digital Wallet
O000816,C01124,R0045,2026-01-30,1,32.60,CANCELED,Credit Card
O000817,C00636,R0173,2026-04-05,4,32.95,IN PROGRESS,Digital Wallet
O000818,C00255,R0188,2026-01-01,4,41.22,DELIVERED,Cash
O000819,C00964,R0117,2026-06-27,5,39.96,CANCELLED,Cash
O000820,C00707,R0107,2026-05-14,1,39.87,IN PROGRESS,Debit Card
O000821,C01119,R0033,2026-02-13,2,39.00,IN PROGRESS,Credit Card
O000822,C00389,R0102,2026-04-18,3,20.48,CANCELLED,Cash
O000823,C00231,R0054,2026-04-19,5,28.87,CANCELLED,Debit Card
O000824,C00732,R0170,2026-07-22,2,27.06,DELIVERED,Credit Card
O000825,C00106,R0016,2026-01-19,4,24.93,CANCELLED,Credit Card
O000826,C00673,R0148,2026-07-15,4,32.32,COMPLETED,Credit Card
O000827,C00186,R0057,2026-05-04,3,36.39,CANCELLED,Cash
O000828,C00083,R0200,2026-02-10,5,43.69,CANCELED,Cash
O000829,C00651,R0034,2026-07-07,4,9.95,DELIVERED,Cash
O000830,C00592,R0049,2026-04-29,3,11.52,DELIVERED,Cash
O000831,C01009,R0084,2026-02-27,3,8.11,IN PROGRESS,Digital Wallet
O000832,C00438,R0106,2026-03-23,5,29.07,COMPLETED,Digital Wallet
O000833,C00399,R0182,2026-05-30,2,13.11,CANCELED,Cash
O000834,C00286,R0121,2026-05-15,3,8.16,IN PROGRESS,Credit Card
O000835,C00480,R0094,2026-06-24,1,33.67,IN PROGRESS,Credit Card
O000836,C00641,R0184,2026-06-07,1,34.02,DELIVERED,Digital Wallet
O000837,C00060,R0161,2026-05-29,5,10.82,IN PROGRESS,Digital Wallet
O000838,C00671,R0118,2026-01-17,5,36.16,CANCELED,Digital Wallet
O000839,C00315,R0067,2026-03-06,1,16.38,COMPLETED,Debit Card
O000840,C00372,R0056,2026-07-18,5,33.49,IN PROGRESS,Debit Card
O000841,C00711,R0188,2026-02-04,1,33.64,COMPLETED,Credit Card
O000842,C00881,R0049,2026-05-12,5,31.70,DELIVERED,Cash
O000843,C00184,R0088,2026-07-21,1,43.77,CANCELLED,Credit Card
O000844,C00888,R0195,2026-02-24,3,22.73,CANCELLED,Debit Card
O000845,C00822,R0120,2026-06-18,1,42.49,DELIVERED,Digital Wallet
O000846,C00968,R0180,2026-06-04,5,17.05,COMPLETED,Credit Card
O000847,C00130,R0141,2026-06-08,5,33.57,COMPLETED,Credit Card
O000848,C00069,R0123,2026-04-28,5,26.11,IN PROGRESS,Cash
O000849,C00367,R0040,2026-07-03,2,31.62,IN PROGRESS,Credit Card
O000850,C00940,R0087,2026-06-08,3,31.68,CANCELLED,Cash
O000851,C01180,R0095,2026-05-20,2,11.17,CANCELED,Cash
O000852,C01092,R0125,2026-04-06,4,19.68,CANCELED,Cash
O000853,C01051,R0053,2026-06-25,2,42.27,IN PROGRESS,Digital Wallet
O000854,C00799,R0195,2026-06-13,1,8.43,DELIVERED,Credit Card
O000855,C00077,R0057,2026-06-03,4,31.88,CANCELED,Digital Wallet
O000856,C01171,R0043,2026-04-20,3,44.51,CANCELLED,Credit Card
O000857,C00743,R0067,2026-04-10,2,29.11,DELIVERED,Debit Card
O000858,C00791,R0200,2026-01-10,3,39.72,COMPLETED,Credit Card
O000859,C00628,R0084,2026-05-20,4,44.42,CANCELLED,Debit Card
O000860,C00639,R0134,2026-04-17,3,34.23,COMPLETED,Digital Wallet
O000861,C00367,R0136,2026-04-18,5,39.53,CANCELED,Cash
O000862,C00008,R0101,2026-06-13,4,39.09,COMPLETED,Cash
O000863,C00273,R0044,2026-05-01,2,29.10,COMPLETED,Cash
O000864,C00579,R0059,2026-06-21,1,36.94,DELIVERED,Digital Wallet
O000865,C00616,R0098,2026-05-19,1,11.58,DELIVERED,Debit Card
O000866,C00154,R0146,2026-04-30,1,18.37,CANCELLED,Credit Card
O000867,C00628,R0027,2026-08-09,1,22.74,CANCELLED,Digital Wallet
O000868,C00820,R0130,2026-06-11,3,14.10,COMPLETED,Debit Card
O000869,C00888,R0178,2026-03-14,2,17.26,DELIVERED,Cash
O000870,C01030,R0169,2026-04-15,4,35.20,IN PROGRESS,Digital Wallet
O000871,C00956,R0070,2026-01-08,4,19.18,COMPLETED,Credit Card
O000872,C00877,R0074,2026-07-06,4,42.50,CANCELLED,Debit Card
O000873,C00734,R0171,2026-04-01,4,23.98,IN PROGRESS,Cash
O000874,C00506,R0194,2026-02-26,4,9.90,COMPLETED,Digital Wallet
O000875,C00848,R0169,2026-03-17,2,12.05,CANCELLED,Cash
O000876,C01031,R0024,2026-02-06,3,19.22,IN PROGRESS,Cash
O000877,C00058,R0083,2026-04-09,3,22.61,CANCELLED,Cash
O000878,C01187,R0170,2026-06-19,5,9.61,CANCELED,Digital Wallet
O000879,C00714,R0172,2026-05-30,3,41.42,IN PROGRESS,Digital Wallet
O000880,C00084,R0002,2026-06-29,5,20.75,CANCELED,Credit Card
O000881,C00618,R0003,2026-04-12,5,20.96,CANCELLED,Cash
O000882,C00010,R0081,2026-02-18,3,29.00,COMPLETED,Cash
O000883,C01018,R0187,2026-04-01,4,21.52,IN PROGRESS,Cash
O000884,C00051,R0103,2026-01-25,5,23.93,CANCELLED,Credit Card
O000885,C01055,R0052,2026-05-14,1,30.45,CANCELED,Digital Wallet
O000886,C00672,R0177,2026-01-03,4,16.41,CANCELED,Credit Card
O000887,C00208,R0089,2026-07-09,2,30.71,DELIVERED,Cash
O000888,C00763,R0014,2026-06-13,5,39.05,COMPLETED,Credit Card
O000889,C00704,R0027,2026-06-10,5,35.12,CANCELED,Debit Card
O000890,C00065,R0064,2026-03-08,1,25.98,DELIVERED,Credit Card
O000891,C00415,R0022,2026-02-21,4,10.62,COMPLETED,Digital Wallet
O000892,C00921,R0104,2026-01-25,5,32.29,COMPLETED,Cash
O000893,C00860,R0005,2026-01-14,3,36.83,IN PROGRESS,Credit Card
O000894,C01199,R0081,2026-06-03,1,8.04,CANCELLED,Credit Card
O000895,C00975,R0161,2026-03-23,2,10.24,CANCELLED,Cash
O000896,C00250,R0110,2026-06-01,3,25.61,COMPLETED,Cash
O000897,C00408,R0046,2026-03-23,4,35.02,CANCELED,Digital Wallet
O000898,C00875,R0150,2026-05-06,1,39.72,DELIVERED,Digital Wallet
O000899,C00468,R0195,2026-05-21,2,20.80,CANCELLED,Digital Wallet
O000900,C01042,R0008,2026-02-10,4,39.95,DELIVERED,Cash
O000901,C00593,R0085,2026-07-23,3,22.27,IN PROGRESS,Debit Card
O000902,C01053,R0027,2026-01-07,3,39.84,CANCELED,Credit Card
O000903,C00535,R0075,2026-01-10,2,36.87,CANCELLED,Credit Card
O000904,C01012,R0199,2026-03-06,4,40.48,IN PROGRESS,Digital Wallet
O000905,C00664,R0107,2026-06-22,3,26.79,CANCELLED,Cash
O000906,C00660,R0064,2026-08-03,5,18.26,IN PROGRESS,Cash
O000907,C00415,R0175,2026-05-25,3,29.49,IN PROGRESS,Debit Card
O000908,C00566,R0111,2026-02-26,2,29.84,IN PROGRESS,Cash
O000909,C00594,R0134,2026-06-04,1,11.32,IN PROGRESS,Debit Card
O000910,C00420,R0122,2026-04-03,5,19.42,CANCELED,Debit Card
O000911,C01184,R0148,2026-07-28,5,33.25,DELIVERED,Cash
O000912,C01016,R0142,2026-02-07,3,44.97,CANCELLED,Cash
O000913,C01036,R0013,2026-06-11,2,38.73,DELIVERED,Credit Card
O000914,C00745,R0053,2026-01-27,4,40.03,CANCELED,Debit Card
O000915,C00054,R0069,2026-06-24,4,27.37,COMPLETED,Digital Wallet
O000916,C01110,R0026,2026-07-02,2,38.42,DELIVERED,Cash
O000917,C00763,R0073,2026-03-27,4,24.43,CANCELLED,Credit Card
O000918,C00101,R0133,2026-01-31,4,40.49,IN PROGRESS,Cash
O000919,C01031,R0033,2026-06-03,3,16.38,CANCELLED,Debit Card
O000920,C00514,R0102,2026-02-22,5,8.36,COMPLETED,Credit Card
O000921,C01068,R0102,2026-04-01,3,33.00,CANCELLED,Digital Wallet
O000922,C00857,R0200,2026-01-21,1,32.62,IN PROGRESS,Digital Wallet
O000923,C00501,R0092,2026-03-08,2,16.87,CANCELED,Debit Card
O000924,C00565,R0053,2026-06-10,3,28.59,DELIVERED,Credit Card
O000925,C00767,R0032,2026-04-14,1,13.90,DELIVERED,Debit Card
O000926,C01105,R0047,2026-03-24,1,21.14,DELIVERED,Cash
O000927,C00652,R0060,2026-07-05,3,38.17,CANCELED,Credit Card
O000928,C00181,R0016,2026-05-11,3,23.14,DELIVERED,Cash
O000929,C00838,R0077,2026-02-05,4,35.35,IN PROGRESS,Digital Wallet
O000930,C00474,R0181,2026-04-30,5,15.50,DELIVERED,Debit Card
O000931,C00321,R0091,2026-01-21,5,10.87,CANCELED,Debit Card
O000932,C01030,R0147,2026-06-16,1,12.15,CANCELLED,Cash
O000933,C00030,R0099,2026-07-13,3,21.03,IN PROGRESS,Credit Card
O000934,C00522,R0099,2026-07-31,3,25.78,CANCELLED,Debit Card
O000935,C00028,R0148,2026-04-24,4,19.42,COMPLETED,Credit Card
O000936,C00674,R0129,2026-05-11,3,44.22,IN PROGRESS,Cash
O000937,C00679,R0067,2026-06-24,4,42.47,DELIVERED,Cash
O000938,C00534,R0118,2026-02-08,3,10.30,CANCELED,Cash
O000939,C01076,R0120,2026-07-27,2,42.34,CANCELLED,Digital Wallet
O000940,C00955,R0038,2026-07-18,3,27.08,DELIVERED,Debit Card
O000941,C00637,R0173,2026-01-23,2,39.99,CANCELLED,Digital Wallet
O000942,C00253,R0164,2026-01-26,2,35.81,CANCELLED,Debit Card
O000943,C00241,R0047,2026-06-28,3,39.70,COMPLETED,Cash
O000944,C01058,R0055,2026-08-09,3,35.07,IN PROGRESS,Cash
O000945,C00163,R0045,2026-05-04,4,17.40,IN PROGRESS,Digital Wallet
O000946,C00674,R0019,2026-01-25,1,15.11,CANCELED,Debit Card
O000947,C00090,R0074,2026-06-03,5,26.69,COMPLETED,Cash
O000948,C00320,R0083,2026-04-04,4,26.51,IN PROGRESS,Debit Card
O000949,C00628,R0016,2026-04-11,2,17.84,DELIVERED,Credit Card
O000950,C00054,R0189,2026-03-31,5,14.89,IN PROGRESS,Debit Card
O000951,C00105,R0034,2026-06-04,5,20.45,IN PROGRESS,Digital Wallet
O000952,C01199,R0077,2026-05-29,1,44.17,CANCELLED,Digital Wallet
O000953,C00489,R0172,2026-01-29,5,40.46,CANCELLED,Credit Card
O000954,C01069,R0134,2026-03-21,5,9.88,CANCELED,Cash
O000955,C00900,R0154,2026-02-18,4,35.08,DELIVERED,Digital Wallet
O000956,C00771,R0113,2026-02-15,1,35.45,COMPLETED,Credit Card
O000957,C00884,R0092,2026-05-01,2,8.14,COMPLETED,Digital Wallet
O000958,C01128,R0168,2026-04-10,1,33.24,IN PROGRESS,Cash
O000959,C00623,R0116,2026-02-19,4,12.18,CANCELLED,Credit Card
O000960,C00471,R0007,2026-06-10,4,23.74,DELIVERED,Cash
O000961,C00818,R0146,2026-06-26,2,39.37,DELIVERED,Cash
O000962,C00528,R0146,2026-01-05,5,39.71,COMPLETED,Credit Card
O000963,C00990,R0083,2026-04-24,4,36.32,DELIVERED,Cash
O000964,C00450,R0141,2026-05-30,4,37.92,CANCELED,Digital Wallet
O000965,C00633,R0036,2026-01-20,3,24.66,IN PROGRESS,Cash
O000966,C00746,R0154,2026-04-14,2,20.59,CANCELED,Digital Wallet
O000967,C00937,R0174,2026-07-26,5,10.34,CANCELED,Credit Card
O000968,C00951,R0028,2026-03-03,2,15.49,CANCELLED,Credit Card
O000969,C00557,R0110,2026-03-12,4,22.10,COMPLETED,Debit Card
O000970,C00177,R0070,2026-07-15,3,18.05,CANCELLED,Digital Wallet
O000971,C00515,R0179,2026-07-16,3,22.50,IN PROGRESS,Credit Card
O000972,C00439,R0169,2026-06-23,2,12.35,DELIVERED,Cash
O000973,C00628,R0123,2026-03-17,5,21.86,CANCELLED,Debit Card
O000974,C00237,R0061,2026-08-07,1,23.76,CANCELLED,Credit Card
O000975,C00191,R0170,2026-08-05,3,26.08,CANCELLED,Cash
O000976,C01025,R0031,2026-04-25,3,34.28,IN PROGRESS,Digital Wallet
O000977,C01105,R0003,2026-03-24,2,41.92,COMPLETED,Digital Wallet
O000978,C00552,R0068,2026-02-24,4,44.23,DELIVERED,Cash
O000979,C00097,R0032,2026-04-13,4,35.58,DELIVERED,Cash
O000980,C00487,R0021,2026-03-21,5,33.22,DELIVERED,Digital Wallet
O000981,C00127,R0064,2026-04-17,4,8.11,CANCELLED,Credit Card
O000982,C00342,R0017,2026-03-18,5,34.59,CANCELED,Cash
O000983,C00062,R0030,2026-05-08,4,22.89,DELIVERED,Debit Card
O000984,C00430,R0101,2026-05-11,3,17.94,COMPLETED,Debit Card
O000985,C00663,R0091,2026-06-24,4,24.46,COMPLETED,Digital Wallet
O000986,C00699,R0092,2026-01-09,1,17.43,CANCELLED,Digital Wallet
O000987,C00130,R0016,2026-01-06,5,31.61,DELIVERED,Digital Wallet
O000988,C00746,R0093,2026-04-10,5,23.21,COMPLETED,Digital Wallet
O000989,C00645,R0027,2026-05-18,4,36.08,CANCELED,Cash
O000990,C00394,R0035,2026-07-26,4,27.41,COMPLETED,Cash
O000991,C01121,R0191,2026-03-05,1,33.12,IN PROGRESS,Credit Card
O000992,C01111,R0185,2026-03-01,1,29.64,CANCELLED,Credit Card
O000993,C00495,R0124,2026-07-31,3,20.76,DELIVERED,Credit Card
O000994,C00908,R0048,2026-06-24,3,38.77,DELIVERED,Credit Card
O000995,C00625,R0123,2026-04-20,1,23.97,CANCELLED,Credit Card
O000996,C00805,R0041,2026-03-20,4,17.83,COMPLETED,Credit Card
O000997,C01052,R0001,2026-07-02,4,32.44,CANCELLED,Credit Card
O000998,C00913,R0032,2026-05-19,1,20.08,IN PROGRESS,Digital Wallet
O000999,C00445,R0182,2026-03-04,5,29.08,CANCELED,Digital Wallet
O001000,C01054,R0044,2026-06-02,4,41.66,CANCELLED,Cash
O001001,C00177,R0165,2026-02-19,3,43.46,COMPLETED,Credit Card
O001002,C00737,R0184,2026-05-24,2,34.64,DELIVERED,Debit Card
O001003,C00725,R0035,2026-05-12,5,21.33,CANCELED,Credit Card
O001004,C00572,R0116,2026-02-26,2,26.27,IN PROGRESS,Cash
O001005,C00185,R0040,2026-01-08,5,10.82,DELIVERED,Debit Card
O001006,C00853,R0186,2026-01-21,3,20.11,DELIVERED,Cash
O001007,C00201,R0143,2026-01-07,2,44.64,DELIVERED,Debit Card
O001008,C00060,R0104,2026-02-23,4,44.15,COMPLETED,Debit Card
O001009,C00235,R0148,2026-07-01,3,23.82,CANCELED,Cash
O001010,C00690,R0070,2026-08-05,1,23.31,CANCELED,Debit Card
O001011,C00868,R0027,2026-01-29,5,25.42,IN PROGRESS,Digital Wallet
O001012,C00905,R0108,2026-06-11,1,28.39,COMPLETED,Digital Wallet
O001013,C00419,R0022,2026-02-13,1,26.62,CANCELED,Credit Card
O001014,C00671,R0148,2026-07-02,1,8.37,CANCELLED,Digital Wallet
O001015,C00878,R0192,2026-06-02,5,9.97,COMPLETED,Credit Card
O001016,C00284,R0014,2026-07-23,5,29.04,CANCELLED,Digital Wallet
O001017,C00813,R0104,2026-07-12,4,23.88,DELIVERED,Credit Card
O001018,C00903,R0144,2026-04-24,1,37.67,DELIVERED,Digital Wallet
O001019,C00592,R0120,2026-07-20,1,24.51,CANCELLED,Debit Card
O001020,C01165,R0034,2026-04-27,5,11.07,DELIVERED,Credit Card
O001021,C01072,R0192,2026-07-17,1,22.99,CANCELLED,Cash
O001022,C00938,R0142,2026-05-28,1,14.95,CANCELED,Digital Wallet
O001023,C00234,R0164,2026-04-28,1,21.93,IN PROGRESS,Debit Card
O001024,C00515,R0069,2026-07-19,3,34.22,COMPLETED,Cash
O001025,C00413,R0078,2026-05-17,2,30.96,COMPLETED,Digital Wallet
O001026,C01154,R0175,2026-05-11,5,34.24,IN PROGRESS,Cash
O001027,C01075,R0101,2026-07-28,4,11.41,CANCELLED,Cash
O001028,C00511,R0177,2026-04-09,2,31.43,COMPLETED,Credit Card
O001029,C00412,R0004,2026-06-24,5,8.45,CANCELLED,Cash
O001030,C00845,R0092,2026-08-06,2,14.59,DELIVERED,Debit Card
O001031,C00662,R0070,2026-05-26,1,38.05,COMPLETED,Credit Card
O001032,C00346,R0176,2026-05-16,4,20.60,COMPLETED,Digital Wallet
O001033,C00380,R0193,2026-01-12,2,13.58,CANCELLED,Digital Wallet
O001034,C00399,R0008,2026-08-08,1,41.73,COMPLETED,Digital Wallet
O001035,C01117,R0115,2026-04-25,5,37.14,CANCELED,Digital Wallet
O001036,C00314,R0200,2026-04-25,2,9.26,COMPLETED,Cash
O001037,C00133,R0150,2026-05-18,4,16.10,CANCELLED,Debit Card
O001038,C00798,R0022,2026-05-06,1,18.31,CANCELLED,Digital Wallet
O001039,C00917,R0126,2026-08-05,4,14.58,COMPLETED,Credit Card
O001040,C00109,R0086,2026-04-30,4,18.51,CANCELED,Digital Wallet
O001041,C00466,R0031,2026-06-09,1,25.28,COMPLETED,Digital Wallet
O001042,C00119,R0154,2026-03-13,5,36.02,IN PROGRESS,Cash
O001043,C01038,R0123,2026-03-06,3,28.27,CANCELLED,Credit Card
O001044,C00750,R0196,2026-07-01,2,12.55,DELIVERED,Credit Card
O001045,C00794,R0132,2026-01-30,5,11.03,CANCELED,Digital Wallet
O001046,C00995,R0104,2026-02-11,5,20.32,COMPLETED,Credit Card
O001047,C00272,R0123,2026-03-08,5,27.20,CANCELED,Cash
O001048,C00006,R0094,2026-04-15,5,38.26,COMPLETED,Credit Card
O001049,C00359,R0066,2026-04-14,1,43.59,IN PROGRESS,Cash
O001050,C00970,R0167,2026-01-02,2,17.56,IN PROGRESS,Cash
O001051,C00892,R0196,2026-05-22,2,30.74,CANCELED,Credit Card
O001052,C00280,R0057,2026-01-19,4,27.05,CANCELLED,Credit Card
O001053,C00618,R0163,2026-06-27,5,12.43,CANCELLED,Credit Card
O001054,C00285,R0161,2026-01-25,2,37.40,CANCELED,Credit Card
O001055,C00193,R0170,2026-07-11,1,12.40,COMPLETED,Digital Wallet
O001056,C01086,R0040,2026-05-22,3,31.12,CANCELLED,Debit Card
O001057,C00069,R0160,2026-06-01,3,21.50,IN PROGRESS,Cash
O001058,C00929,R0083,2026-02-04,5,41.60,IN PROGRESS,Credit Card
O001059,C00840,R0198,2026-01-25,1,42.96,IN PROGRESS,Cash
O001060,C00382,R0037,2026-07-30,1,24.13,COMPLETED,Credit Card
O001061,C00385,R0165,2026-03-03,1,43.04,IN PROGRESS,Digital Wallet
O001062,C00676,R0057,2026-06-06,3,11.70,DELIVERED,Digital Wallet
O001063,C00539,R0140,2026-06-11,3,12.14,CANCELLED,Digital Wallet
O001064,C00866,R0050,2026-02-01,5,43.60,DELIVERED,Digital Wallet
O001065,C00844,R0046,2026-05-23,2,16.41,COMPLETED,Debit Card
O001066,C00476,R0067,2026-03-08,3,22.10,CANCELLED,Cash
O001067,C00769,R0040,2026-04-30,2,36.29,DELIVERED,Debit Card
O001068,C00329,R0008,2026-03-14,3,12.88,DELIVERED,Cash
O001069,C01062,R0046,2026-07-14,4,20.11,DELIVERED,Cash
O001070,C00481,R0137,2026-07-14,1,26.37,DELIVERED,Debit Card
O001071,C00997,R0049,2026-07-10,3,27.05,DELIVERED,Digital Wallet
O001072,C00765,R0132,2026-08-07,2,43.46,CANCELLED,Debit Card
O001073,C00338,R0121,2026-01-13,1,36.50,CANCELLED,Credit Card
O001074,C01144,R0011,2026-01-28,3,15.97,CANCELED,Cash
O001075,C00482,R0107,2026-07-23,2,22.44,CANCELLED,Cash
O001076,C00422,R0068,2026-05-28,5,38.63,DELIVERED,Credit Card
O001077,C00171,R0082,2026-07-05,1,8.76,DELIVERED,Digital Wallet
O001078,C01000,R0067,2026-02-08,2,38.43,DELIVERED,Digital Wallet
O001079,C00387,R0031,2026-04-30,2,26.97,IN PROGRESS,Debit Card
O001080,C00956,R0098,2026-01-01,3,39.81,CANCELLED,Debit Card
O001081,C00563,R0182,2026-04-12,3,17.24,DELIVERED,Cash
O001082,C00811,R0073,2026-02-26,2,15.71,DELIVERED,Digital Wallet
O001083,C01083,R0031,2026-06-12,2,14.77,COMPLETED,Debit Card
O001084,C00589,R0199,2026-05-05,3,17.29,DELIVERED,Digital Wallet
O001085,C00298,R0062,2026-05-03,5,13.13,CANCELED,Debit Card
O001086,C00843,R0059,2026-02-02,2,30.86,IN PROGRESS,Cash
O001087,C00793,R0024,2026-06-24,2,42.92,COMPLETED,Digital Wallet
O001088,C00034,R0181,2026-07-22,3,19.93,DELIVERED,Cash
O001089,C00515,R0158,2026-05-03,5,18.48,DELIVERED,Digital Wallet
O001090,C00854,R0089,2026-07-30,3,22.84,DELIVERED,Cash
O001091,C00914,R0182,2026-02-04,5,32.80,DELIVERED,Debit Card
O001092,C01000,R0011,2026-05-02,5,36.76,IN PROGRESS,Cash
O001093,C00738,R0043,2026-02-03,1,24.03,CANCELED,Cash
O001094,C00988,R0151,2026-06-17,1,24.87,COMPLETED,Cash
O001095,C01015,R0159,2026-02-25,2,14.25,DELIVERED,Debit Card
O001096,C01200,R0170,2026-02-25,2,29.95,COMPLETED,Credit Card
O001097,C00328,R0002,2026-03-29,1,18.61,DELIVERED,Debit Card
O001098,C00204,R0114,2026-03-23,5,35.17,CANCELLED,Debit Card
O001099,C00233,R0140,2026-01-31,4,12.35,CANCELLED,Debit Card
O001100,C00812,R0042,2026-07-12,4,12.95,COMPLETED,Credit Card
O001101,C00925,R0006,2026-02-07,1,28.98,IN PROGRESS,Cash
O001102,C00576,R0146,2026-06-14,3,8.53,CANCELLED,Digital Wallet
O001103,C00070,R0025,2026-06-13,5,44.88,CANCELED,Cash
O001104,C00012,R0034,2026-06-08,5,13.55,CANCELLED,Debit Card
O001105,C00169,R0193,2026-01-24,4,39.15,IN PROGRESS,Digital Wallet
O001106,C00310,R0083,2026-01-25,2,29.53,DELIVERED,Cash
O001107,C00085,R0137,2026-04-01,5,22.28,CANCELLED,Cash
O001108,C00969,R0128,2026-08-04,5,36.61,DELIVERED,Debit Card
O001109,C00176,R0037,2026-01-25,3,39.92,CANCELLED,Digital Wallet
O001110,C00393,R0050,2026-05-22,1,25.61,COMPLETED,Digital Wallet
O001111,C00009,R0163,2026-03-25,3,28.15,DELIVERED,Credit Card
O001112,C00252,R0048,2026-06-25,1,28.54,CANCELED,Debit Card
O001113,C00669,R0175,2026-04-22,2,32.26,CANCELED,Cash
O001114,C00375,R0056,2026-04-23,4,17.66,CANCELLED,Debit Card
O001115,C00685,R0082,2026-07-18,5,27.26,COMPLETED,Digital Wallet
O001116,C00765,R0187,2026-02-12,5,34.96,COMPLETED,Debit Card
O001117,C00425,R0094,2026-04-10,3,42.65,CANCELLED,Cash
O001118,C00167,R0197,2026-05-31,2,31.42,DELIVERED,Digital Wallet
O001119,C01180,R0089,2026-03-14,1,30.66,IN PROGRESS,Debit Card
O001120,C00606,R0084,2026-05-08,1,18.27,IN PROGRESS,Digital Wallet
O001121,C00809,R0150,2026-06-22,1,26.73,CANCELED,Debit Card
O001122,C00654,R0147,2026-05-23,5,17.20,DELIVERED,Credit Card
O001123,C00973,R0145,2026-02-27,2,29.37,COMPLETED,Digital Wallet
O001124,C00471,R0046,2026-04-03,2,12.40,CANCELLED,Cash
O001125,C00504,R0094,2026-07-20,3,15.25,CANCELLED,Cash
O001126,C00094,R0172,2026-04-10,4,39.95,CANCELLED,Debit Card
O001127,C00489,R0131,2026-07-30,3,14.44,COMPLETED,Cash
O001128,C01014,R0018,2026-06-24,3,37.63,IN PROGRESS,Debit Card
O001129,C00693,R0178,2026-05-29,4,30.00,CANCELED,Digital Wallet
O001130,C00510,R0038,2026-06-01,2,15.15,DELIVERED,Credit Card
O001131,C00048,R0158,2026-03-14,1,23.28,DELIVERED,Cash
O001132,C00429,R0076,2026-05-16,5,26.44,CANCELLED,Credit Card
O001133,C00700,R0159,2026-08-02,4,16.94,CANCELLED,Digital Wallet
O001134,C00271,R0042,2026-05-22,4,35.95,CANCELED,Digital Wallet
O001135,C00875,R0194,2026-05-22,2,38.32,CANCELED,Debit Card
O001136,C00179,R0151,2026-07-16,5,31.26,DELIVERED,Debit Card
O001137,C00822,R0072,2026-02-15,1,10.79,DELIVERED,Digital Wallet
O001138,C00543,R0049,2026-05-19,2,19.22,CANCELLED,Debit Card
O001139,C00068,R0079,2026-06-11,5,10.28,IN PROGRESS,Cash
O001140,C01127,R0179,2026-02-14,3,15.89,DELIVERED,Debit Card
O001141,C00239,R0127,2026-05-07,4,19.89,CANCELED,Digital Wallet
O001142,C01029,R0113,2026-01-29,1,13.51,CANCELLED,Credit Card
O001143,C00489,R0048,2026-03-25,3,9.75,CANCELED,Cash
O001144,C00914,R0061,2026-05-23,4,13.02,CANCELED,Cash
O001145,C00691,R0180,2026-02-24,1,24.24,CANCELLED,Debit Card
O001146,C00234,R0045,2026-02-28,5,40.03,CANCELED,Digital Wallet
O001147,C00944,R0167,2026-02-19,1,34.57,CANCELED,Digital Wallet
O001148,C00958,R0098,2026-03-06,4,40.54,IN PROGRESS,Digital Wallet
O001149,C00980,R0186,2026-07-13,5,32.22,CANCELLED,Digital Wallet
O001150,C00848,R0060,2026-03-18,5,26.18,CANCELLED,Credit Card
O001151,C01020,R0021,2026-02-09,4,21.90,COMPLETED,Digital Wallet
O001152,C00078,R0037,2026-06-12,1,27.72,CANCELLED,Credit Card
O001153,C00349,R0072,2026-02-03,3,10.12,CANCELED,Digital Wallet
O001154,C00475,R0035,2026-01-01,3,28.09,CANCELED,Cash
O001155,C00970,R0155,2026-07-25,3,24.63,COMPLETED,Cash
O001156,C00267,R0160,2026-06-03,5,20.24,COMPLETED,Digital Wallet
O001157,C00324,R0108,2026-07-07,1,39.99,DELIVERED,Cash
O001158,C00496,R0163,2026-06-29,2,42.61,DELIVERED,Debit Card
O001159,C00694,R0122,2026-01-17,4,39.44,COMPLETED,Credit Card
O001160,C00468,R0199,2026-06-05,1,28.31,COMPLETED,Debit Card
O001161,C00994,R0069,2026-03-06,3,22.24,CANCELED,Digital Wallet
O001162,C00679,R0118,2026-08-02,5,18.86,IN PROGRESS,Cash
O001163,C00615,R0188,2026-06-24,5,31.09,IN PROGRESS,Debit Card
O001164,C00670,R0105,2026-02-08,2,43.14,DELIVERED,Debit Card
O001165,C00244,R0140,2026-07-27,5,8.55,CANCELED,Digital Wallet
O001166,C00917,R0150,2026-07-20,1,41.03,COMPLETED,Digital Wallet
O001167,C00985,R0030,2026-06-26,5,25.61,CANCELED,Credit Card
O001168,C00423,R0200,2026-03-30,3,36.62,IN PROGRESS,Debit Card
O001169,C00403,R0044,2026-04-18,4,18.96,IN PROGRESS,Credit Card
O001170,C00126,R0013,2026-01-14,3,33.15,COMPLETED,Digital Wallet
O001171,C00828,R0009,2026-01-25,3,22.20,IN PROGRESS,Cash
O001172,C00577,R0051,2026-03-14,3,40.50,DELIVERED,Debit Card
O001173,C00815,R0150,2026-05-15,1,22.10,CANCELLED,Credit Card
O001174,C01149,R0034,2026-05-23,2,30.43,DELIVERED,Cash
O001175,C01092,R0033,2026-02-04,1,22.05,CANCELLED,Debit Card
O001176,C00759,R0099,2026-03-02,1,40.23,CANCELLED,Debit Card
O001177,C00839,R0106,2026-07-18,1,24.79,CANCELED,Debit Card
O001178,C01054,R0049,2026-04-15,4,38.12,CANCELLED,Cash
O001179,C00848,R0095,2026-05-06,2,26.64,CANCELLED,Digital Wallet
O001180,C00781,R0181,2026-06-18,4,28.24,COMPLETED,Debit Card
O001181,C00717,R0173,2026-06-09,1,35.05,IN PROGRESS,Debit Card
O001182,C00031,R0084,2026-03-23,2,14.71,COMPLETED,Debit Card
O001183,C00496,R0083,2026-07-23,4,16.19,COMPLETED,Credit Card
O001184,C00325,R0151,2026-02-06,3,21.39,IN PROGRESS,Cash
O001185,C00746,R0034,2026-02-07,3,36.77,DELIVERED,Digital Wallet
O001186,C00510,R0132,2026-04-24,5,22.74,CANCELED,Digital Wallet
O001187,C00638,R0175,2026-01-02,3,31.54,COMPLETED,Digital Wallet
O001188,C00903,R0116,2026-05-27,2,10.76,CANCELED,Debit Card
O001189,C00922,R0098,2026-01-30,5,22.20,CANCELED,Debit Card
O001190,C00531,R0041,2026-01-29,1,35.93,COMPLETED,Credit Card
O001191,C00483,R0125,2026-06-24,4,16.45,CANCELLED,Digital Wallet
O001192,C00616,R0189,2026-04-11,2,31.30,IN PROGRESS,Credit Card
O001193,C00308,R0162,2026-02-18,1,14.49,COMPLETED,Debit Card
O001194,C00044,R0120,2026-07-04,5,37.12,IN PROGRESS,Cash
O001195,C00503,R0149,2026-07-02,4,17.00,DELIVERED,Debit Card
O001196,C01084,R0195,2026-02-16,2,32.25,CANCELLED,Credit Card
O001197,C00732,R0159,2026-04-27,5,17.00,COMPLETED,Cash
O001198,C00920,R0151,2026-01-08,1,32.95,DELIVERED,Cash
O001199,C00780,R0141,2026-03-23,1,28.44,CANCELED,Cash
O001200,C01133,R0080,2026-07-13,5,16.91,CANCELLED,Credit Card
O001201,C00811,R0175,2026-01-16,4,22.45,CANCELED,Debit Card
O001202,C00094,R0150,2026-03-21,2,32.76,CANCELLED,Debit Card
O001203,C00106,R0051,2026-03-30,4,20.16,CANCELED,Cash
O001204,C00017,R0024,2026-06-03,5,13.83,IN PROGRESS,Debit Card
O001205,C00839,R0083,2026-06-12,5,19.60,CANCELLED,Debit Card
O001206,C00531,R0066,2026-05-12,4,35.82,COMPLETED,Credit Card
O001207,C00698,R0145,2026-05-22,3,13.31,IN PROGRESS,Credit Card
O001208,C00393,R0143,2026-04-04,2,10.25,CANCELLED,Digital Wallet
O001209,C00956,R0049,2026-04-08,5,11.91,CANCELLED,Cash
O001210,C00352,R0027,2026-04-12,2,28.54,COMPLETED,Credit Card
O001211,C00182,R0200,2026-06-25,4,13.87,DELIVERED,Cash
O001212,C00876,R0111,2026-05-17,3,35.54,DELIVERED,Digital Wallet
O001213,C00423,R0179,2026-03-17,2,30.67,DELIVERED,Digital Wallet
O001214,C00701,R0091,2026-07-13,3,36.42,DELIVERED,Debit Card
O001215,C00674,R0075,2026-02-28,5,21.09,COMPLETED,Credit Card
O001216,C00072,R0071,2026-07-11,2,31.80,DELIVERED,Credit Card
O001217,C00367,R0163,2026-01-31,5,29.24,CANCELLED,Cash
O001218,C00790,R0171,2026-08-06,2,19.93,IN PROGRESS,Cash
O001219,C00901,R0154,2026-06-10,1,43.21,COMPLETED,Digital Wallet
O001220,C00113,R0119,2026-04-27,4,28.98,CANCELLED,Credit Card
O001221,C01141,R0021,2026-01-22,2,26.85,CANCELED,Digital Wallet
O001222,C01177,R0193,2026-04-04,1,33.70,DELIVERED,Cash
O001223,C00158,R0067,2026-02-15,1,9.06,DELIVERED,Cash
O001224,C00068,R0054,2026-03-12,5,18.19,DELIVERED,Cash
O001225,C00700,R0134,2026-05-13,4,27.46,CANCELLED,Credit Card
O001226,C00374,R0137,2026-03-12,2,19.68,CANCELLED,Credit Card
O001227,C00126,R0133,2026-06-23,1,32.67,DELIVERED,Debit Card
O001228,C00595,R0072,2026-07-30,1,17.10,CANCELED,Debit Card
O001229,C01104,R0047,2026-07-07,1,9.52,IN PROGRESS,Cash
O001230,C00633,R0012,2026-02-28,1,42.97,CANCELED,Debit Card
O001231,C00585,R0166,2026-03-13,1,27.29,DELIVERED,Credit Card
O001232,C00445,R0009,2026-05-12,2,20.81,CANCELED,Cash
O001233,C01005,R0118,2026-02-22,1,29.37,CANCELLED,Debit Card
O001234,C00996,R0164,2026-06-08,1,20.40,IN PROGRESS,Debit Card
O001235,C01119,R0094,2026-05-16,4,11.89,DELIVERED,Cash
O001236,C00428,R0050,2026-03-28,3,26.16,IN PROGRESS,Cash
O001237,C01195,R0123,2026-01-05,2,19.93,IN PROGRESS,Digital Wallet
O001238,C00157,R0036,2026-02-02,3,22.90,CANCELLED,Cash
O001239,C00016,R0186,2026-01-29,2,10.01,DELIVERED,Cash
O001240,C00960,R0061,2026-01-26,2,9.15,CANCELLED,Credit Card
O001241,C00220,R0021,2026-05-19,4,9.83,DELIVERED,Digital Wallet
O001242,C00189,R0143,2026-03-31,1,38.35,IN PROGRESS,Debit Card
O001243,C00117,R0051,2026-01-27,1,9.43,CANCELLED,Debit Card
O001244,C00251,R0068,2026-04-12,2,12.16,COMPLETED,Digital Wallet
O001245,C00355,R0042,2026-05-23,3,20.79,CANCELED,Digital Wallet
O001246,C01177,R0072,2026-06-14,3,8.66,CANCELLED,Digital Wallet
O001247,C00928,R0187,2026-06-29,5,18.14,CANCELED,Debit Card
O001248,C00029,R0183,2026-02-05,1,10.67,IN PROGRESS,Digital Wallet
O001249,C00168,R0169,2026-01-12,1,31.91,IN PROGRESS,Digital Wallet
O001250,C00658,R0016,2026-07-02,4,15.26,CANCELLED,Debit Card
O001251,C00498,R0063,2026-01-17,1,19.36,CANCELED,Cash
O001252,C00977,R0153,2026-04-29,5,42.11,DELIVERED,Digital Wallet
O001253,C00102,R0012,2026-07-19,3,42.45,DELIVERED,Cash
O001254,C00579,R0060,2026-05-08,1,43.28,DELIVERED,Credit Card
O001255,C00505,R0029,2026-07-23,2,37.98,CANCELED,Credit Card
O001256,C00822,R0059,2026-06-07,5,8.99,IN PROGRESS,Credit Card
O001257,C01056,R0034,2026-01-10,4,18.49,CANCELLED,Digital Wallet
O001258,C01098,R0059,2026-05-02,5,24.80,DELIVERED,Debit Card
O001259,C00542,R0173,2026-04-09,2,13.05,CANCELLED,Debit Card
O001260,C01171,R0130,2026-02-18,5,32.42,IN PROGRESS,Digital Wallet
O001261,C00750,R0090,2026-05-06,2,26.55,IN PROGRESS,Cash
O001262,C00244,R0142,2026-06-23,1,33.29,DELIVERED,Debit Card
O001263,C01131,R0053,2026-04-26,2,24.77,COMPLETED,Debit Card
O001264,C00955,R0085,2026-02-03,5,37.25,CANCELED,Digital Wallet
O001265,C00960,R0194,2026-07-25,4,20.24,COMPLETED,Debit Card
O001266,C00191,R0034,2026-07-18,3,24.86,COMPLETED,Credit Card
O001267,C00654,R0067,2026-06-17,2,14.99,IN PROGRESS,Debit Card
O001268,C00081,R0010,2026-02-06,3,41.77,CANCELED,Debit Card
O001269,C00266,R0180,2026-01-04,3,43.96,COMPLETED,Debit Card
O001270,C00288,R0103,2026-03-01,5,29.74,CANCELED,Digital Wallet
O001271,C00752,R0092,2026-01-28,2,12.10,CANCELLED,Debit Card
O001272,C00878,R0198,2026-03-29,5,27.88,CANCELLED,Digital Wallet
O001273,C00252,R0084,2026-05-13,2,19.33,COMPLETED,Credit Card
O001274,C00953,R0065,2026-06-15,1,21.60,DELIVERED,Digital Wallet
O001275,C00011,R0080,2026-05-11,2,32.61,CANCELLED,Cash
O001276,C00332,R0157,2026-02-14,4,24.59,COMPLETED,Digital Wallet
O001277,C01015,R0106,2026-07-17,3,18.91,COMPLETED,Debit Card
O001278,C01001,R0190,2026-06-08,3,26.03,IN PROGRESS,Credit Card
O001279,C01182,R0196,2026-05-13,4,30.78,IN PROGRESS,Credit Card
O001280,C00902,R0076,2026-04-13,1,26.78,COMPLETED,Digital Wallet
O001281,C00267,R0011,2026-08-07,1,11.62,IN PROGRESS,Digital Wallet
O001282,C01020,R0055,2026-06-21,1,28.28,DELIVERED,Cash
O001283,C01181,R0172,2026-06-27,1,35.65,COMPLETED,Cash
O001284,C00778,R0007,2026-06-22,3,21.09,CANCELED,Digital Wallet
O001285,C00571,R0010,2026-07-10,4,30.17,CANCELED,Debit Card
O001286,C00895,R0021,2026-02-15,2,43.47,COMPLETED,Debit Card
O001287,C00248,R0061,2026-01-14,5,25.95,CANCELLED,Cash
O001288,C00511,R0175,2026-04-02,1,33.14,COMPLETED,Cash
O001289,C00797,R0193,2026-04-29,1,14.99,CANCELLED,Cash
O001290,C00035,R0200,2026-01-19,3,30.57,COMPLETED,Debit Card
O001291,C00572,R0174,2026-02-06,1,44.62,CANCELED,Debit Card
O001292,C00862,R0084,2026-06-13,3,22.70,IN PROGRESS,Digital Wallet
O001293,C01094,R0158,2026-06-22,2,20.00,COMPLETED,Debit Card
O001294,C01152,R0022,2026-03-10,5,25.06,CANCELLED,Cash
O001295,C00303,R0142,2026-04-21,1,40.64,COMPLETED,Cash
O001296,C00419,R0172,2026-07-07,3,13.34,DELIVERED,Digital Wallet
O001297,C00953,R0093,2026-06-15,4,28.79,CANCELLED,Credit Card
O001298,C00399,R0185,2026-06-13,4,42.78,IN PROGRESS,Cash
O001299,C00268,R0121,2026-03-08,3,37.92,CANCELLED,Digital Wallet
O001300,C00380,R0028,2026-07-17,2,35.80,IN PROGRESS,Digital Wallet
O001301,C00112,R0086,2026-07-14,3,13.36,DELIVERED,Cash
O001302,C00009,R0026,2026-03-23,3,24.44,CANCELED,Digital Wallet
O001303,C00748,R0045,2026-07-31,4,13.39,DELIVERED,Debit Card
O001304,C00804,R0016,2026-01-19,2,38.74,CANCELED,Digital Wallet
O001305,C00996,R0030,2026-01-12,3,31.86,COMPLETED,Digital Wallet
O001306,C00243,R0154,2026-04-27,2,37.67,CANCELED,Credit Card
O001307,C01164,R0165,2026-04-01,2,20.02,CANCELED,Digital Wallet
O001308,C00724,R0169,2026-02-19,5,40.24,IN PROGRESS,Cash
O001309,C00269,R0177,2026-05-02,4,42.55,IN PROGRESS,Credit Card
O001310,C00606,R0076,2026-01-14,1,19.04,DELIVERED,Debit Card
O001311,C00878,R0172,2026-02-06,4,33.29,CANCELLED,Cash
O001312,C00386,R0056,2026-07-20,3,10.23,CANCELLED,Cash
O001313,C01052,R0150,2026-05-03,1,39.55,CANCELED,Debit Card
O001314,C00551,R0046,2026-06-03,2,11.61,IN PROGRESS,Debit Card
O001315,C00828,R0041,2026-03-20,1,23.85,CANCELED,Credit Card
O001316,C00434,R0092,2026-06-19,2,36.91,IN PROGRESS,Credit Card
O001317,C00758,R0130,2026-07-05,3,32.56,COMPLETED,Credit Card
O001318,C00362,R0138,2026-06-13,1,35.05,DELIVERED,Debit Card
O001319,C00617,R0178,2026-06-26,3,31.06,DELIVERED,Cash
O001320,C00129,R0092,2026-06-05,1,12.67,IN PROGRESS,Debit Card
O001321,C00555,R0064,2026-07-15,1,25.71,IN PROGRESS,Debit Card
O001322,C00210,R0176,2026-01-28,2,41.17,COMPLETED,Cash
O001323,C01187,R0162,2026-07-13,5,16.95,CANCELLED,Debit Card
O001324,C00039,R0180,2026-01-26,2,24.98,CANCELLED,Credit Card
O001325,C00893,R0096,2026-02-14,4,31.28,IN PROGRESS,Cash
O001326,C00107,R0011,2026-07-14,1,31.61,CANCELED,Debit Card
O001327,C00787,R0046,2026-05-10,4,13.46,IN PROGRESS,Digital Wallet
O001328,C00829,R0026,2026-01-04,4,22.44,COMPLETED,Debit Card
O001329,C00779,R0172,2026-05-02,3,14.99,COMPLETED,Debit Card
O001330,C00428,R0097,2026-04-28,2,43.58,COMPLETED,Digital Wallet
O001331,C00129,R0080,2026-01-13,5,39.51,CANCELLED,Digital Wallet
O001332,C00668,R0124,2026-03-25,3,43.85,CANCELLED,Credit Card
O001333,C00805,R0059,2026-02-09,4,40.54,CANCELED,Credit Card
O001334,C01151,R0170,2026-03-01,2,23.03,IN PROGRESS,Credit Card
O001335,C00792,R0096,2026-04-06,1,8.73,CANCELLED,Digital Wallet
O001336,C00755,R0080,2026-01-11,5,43.54,DELIVERED,Credit Card
O001337,C00033,R0167,2026-01-24,5,8.65,CANCELLED,Cash
O001338,C00051,R0184,2026-07-28,2,9.13,IN PROGRESS,Cash
O001339,C00676,R0072,2026-02-26,2,20.87,DELIVERED,Cash
O001340,C00857,R0016,2026-07-31,2,9.50,CANCELLED,Debit Card
O001341,C00667,R0181,2026-06-11,3,33.59,CANCELLED,Debit Card
O001342,C00112,R0134,2026-07-07,5,29.99,IN PROGRESS,Cash
O001343,C00083,R0147,2026-01-16,5,42.40,CANCELED,Debit Card
O001344,C00474,R0096,2026-04-14,5,44.73,IN PROGRESS,Cash
O001345,C00031,R0071,2026-07-25,2,27.71,IN PROGRESS,Cash
O001346,C00421,R0180,2026-01-18,5,14.01,CANCELLED,Credit Card
O001347,C01061,R0161,2026-01-07,4,42.26,IN PROGRESS,Credit Card
O001348,C00261,R0183,2026-07-28,2,11.40,COMPLETED,Cash
O001349,C00610,R0179,2026-02-16,2,26.65,CANCELED,Cash
O001350,C00368,R0027,2026-04-24,1,32.91,COMPLETED,Cash
O001351,C00494,R0001,2026-01-14,2,19.78,IN PROGRESS,Debit Card
O001352,C00486,R0056,2026-04-09,1,28.40,CANCELLED,Cash
O001353,C00654,R0175,2026-04-08,3,29.97,IN PROGRESS,Debit Card
O001354,C00717,R0022,2026-02-05,5,16.27,DELIVERED,Credit Card
O001355,C00896,R0197,2026-01-16,3,35.70,IN PROGRESS,Debit Card
O001356,C01030,R0162,2026-01-12,5,41.83,CANCELLED,Credit Card
O001357,C00635,R0061,2026-05-02,4,14.51,DELIVERED,Credit Card
O001358,C00102,R0156,2026-06-16,1,13.35,IN PROGRESS,Digital Wallet
O001359,C01113,R0069,2026-08-03,1,32.14,COMPLETED,Credit Card
O001360,C01121,R0190,2026-01-05,1,31.18,IN PROGRESS,Debit Card
O001361,C00964,R0044,2026-02-11,4,11.94,DELIVERED,Digital Wallet
O001362,C00778,R0104,2026-04-15,5,12.81,CANCELLED,Cash
O001363,C01044,R0117,2026-06-24,5,20.64,COMPLETED,Credit Card
O001364,C00337,R0150,2026-02-14,2,35.26,CANCELLED,Credit Card
O001365,C00857,R0073,2026-07-07,2,43.56,IN PROGRESS,Debit Card
O001366,C00276,R0114,2026-06-26,2,39.75,IN PROGRESS,Cash
O001367,C00659,R0160,2026-04-07,1,19.03,COMPLETED,Credit Card
O001368,C00996,R0162,2026-03-23,4,12.78,DELIVERED,Debit Card
O001369,C01199,R0067,2026-04-06,3,40.56,DELIVERED,Debit Card
O001370,C00493,R0046,2026-05-09,1,21.90,COMPLETED,Digital Wallet
O001371,C00490,R0166,2026-02-19,4,16.37,CANCELLED,Digital Wallet
O001372,C00054,R0032,2026-06-17,3,26.92,CANCELLED,Digital Wallet
O001373,C00411,R0155,2026-05-19,1,27.43,COMPLETED,Debit Card
O001374,C00557,R0038,2026-03-28,3,35.79,CANCELLED,Credit Card
O001375,C01111,R0095,2026-04-07,4,32.03,COMPLETED,Credit Card
O001376,C01200,R0081,2026-06-09,1,25.04,IN PROGRESS,Digital Wallet
O001377,C00778,R0125,2026-03-17,5,38.90,DELIVERED,Credit Card
O001378,C00832,R0053,2026-05-30,4,36.22,CANCELLED,Credit Card
O001379,C00985,R0097,2026-06-19,1,15.39,COMPLETED,Credit Card
O001380,C01072,R0143,2026-01-18,1,34.31,CANCELLED,Debit Card
O001381,C00012,R0127,2026-05-06,3,8.14,DELIVERED,Cash
O001382,C00992,R0048,2026-03-20,2,27.86,DELIVERED,Cash
O001383,C00808,R0104,2026-02-18,5,20.35,CANCELED,Debit Card
O001384,C00013,R0053,2026-07-27,5,37.52,IN PROGRESS,Digital Wallet
O001385,C00671,R0176,2026-03-13,3,12.13,CANCELED,Debit Card
O001386,C00084,R0078,2026-05-20,1,38.83,CANCELED,Credit Card
O001387,C00616,R0109,2026-06-19,2,13.95,COMPLETED,Cash
O001388,C00868,R0141,2026-03-29,5,29.06,IN PROGRESS,Digital Wallet
O001389,C01169,R0015,2026-05-06,2,15.63,CANCELED,Debit Card
O001390,C00601,R0187,2026-08-06,1,37.54,IN PROGRESS,Debit Card
O001391,C00027,R0079,2026-01-22,2,34.68,IN PROGRESS,Digital Wallet
O001392,C00203,R0079,2026-06-12,3,28.71,COMPLETED,Digital Wallet
O001393,C00239,R0078,2026-02-15,1,21.90,CANCELED,Cash
O001394,C01044,R0025,2026-08-04,2,8.68,IN PROGRESS,Credit Card
O001395,C00557,R0192,2026-05-08,3,41.45,CANCELED,Digital Wallet
O001396,C00510,R0074,2026-08-08,5,21.49,CANCELED,Debit Card
O001397,C00968,R0139,2026-07-09,4,43.18,DELIVERED,Digital Wallet
O001398,C00672,R0040,2026-02-10,3,10.95,DELIVERED,Cash
O001399,C00288,R0106,2026-01-02,4,22.26,CANCELLED,Cash
O001400,C00522,R0191,2026-07-03,3,34.28,COMPLETED,Debit Card
O001401,C00534,R0098,2026-06-15,3,24.13,CANCELLED,Debit Card
O001402,C00734,R0159,2026-01-22,2,40.63,CANCELLED,Cash
O001403,C00305,R0007,2026-02-15,5,44.01,CANCELLED,Credit Card
O001404,C00358,R0018,2026-05-10,5,17.40,COMPLETED,Debit Card
O001405,C00789,R0095,2026-05-19,2,19.38,IN PROGRESS,Cash
O001406,C00332,R0083,2026-02-26,3,30.93,DELIVERED,Credit Card
O001407,C01115,R0128,2026-07-23,3,18.58,CANCELLED,Debit Card
O001408,C00449,R0078,2026-07-17,5,40.95,CANCELED,Digital Wallet
O001409,C00926,R0110,2026-04-13,4,40.34,IN PROGRESS,Cash
O001410,C01006,R0125,2026-05-10,1,24.95,CANCELED,Debit Card
O001411,C00944,R0025,2026-08-02,2,17.34,DELIVERED,Debit Card
O001412,C00822,R0184,2026-05-04,4,43.92,CANCELLED,Digital Wallet
O001413,C00389,R0104,2026-07-24,2,9.42,IN PROGRESS,Debit Card
O001414,C00897,R0017,2026-07-17,1,34.21,CANCELED,Cash
O001415,C00831,R0105,2026-02-13,2,42.09,DELIVERED,Digital Wallet
O001416,C00807,R0151,2026-01-26,1,36.82,CANCELED,Digital Wallet
O001417,C00545,R0122,2026-04-17,5,34.75,IN PROGRESS,Credit Card
O001418,C00414,R0180,2026-05-28,3,22.40,CANCELLED,Debit Card
O001419,C00154,R0031,2026-01-12,4,41.90,IN PROGRESS,Digital Wallet
O001420,C00326,R0008,2026-06-12,4,13.80,IN PROGRESS,Credit Card
O001421,C01123,R0196,2026-05-12,1,29.25,CANCELED,Cash
O001422,C00330,R0159,2026-01-18,4,13.33,IN PROGRESS,Credit Card
O001423,C00180,R0105,2026-01-14,5,13.56,CANCELED,Debit Card
O001424,C00862,R0116,2026-01-21,2,30.79,DELIVERED,Cash
O001425,C01107,R0117,2026-02-02,5,40.03,DELIVERED,Cash
O001426,C00989,R0100,2026-01-09,2,23.76,DELIVERED,Credit Card
O001427,C01182,R0069,2026-08-07,5,34.54,COMPLETED,Cash
O001428,C00041,R0130,2026-04-05,4,27.59,CANCELED,Digital Wallet
O001429,C00037,R0198,2026-02-04,4,19.60,CANCELLED,Digital Wallet
O001430,C00301,R0055,2026-04-05,3,8.67,COMPLETED,Debit Card
O001431,C00650,R0018,2026-08-03,1,27.97,CANCELED,Debit Card
O001432,C00728,R0127,2026-05-08,3,41.39,CANCELLED,Digital Wallet
O001433,C00768,R0107,2026-04-04,2,42.47,DELIVERED,Debit Card
O001434,C01143,R0142,2026-05-08,1,9.39,COMPLETED,Credit Card
O001435,C00403,R0072,2026-04-09,2,12.73,CANCELED,Debit Card
O001436,C00616,R0042,2026-02-27,1,22.70,DELIVERED,Cash
O001437,C00451,R0194,2026-07-04,4,15.62,CANCELLED,Credit Card
O001438,C00922,R0006,2026-03-07,2,18.92,COMPLETED,Credit Card
O001439,C01172,R0008,2026-07-14,2,29.15,IN PROGRESS,Cash
O001440,C00133,R0096,2026-03-31,5,21.82,DELIVERED,Debit Card
O001441,C00456,R0029,2026-05-11,4,8.80,COMPLETED,Cash
O001442,C00185,R0054,2026-05-29,1,32.77,COMPLETED,Cash
O001443,C00960,R0033,2026-06-08,1,44.30,IN PROGRESS,Credit Card
O001444,C00967,R0029,2026-02-11,3,18.77,CANCELLED,Digital Wallet
O001445,C00639,R0049,2026-02-08,5,27.17,COMPLETED,Digital Wallet
O001446,C00482,R0117,2026-02-09,3,22.29,CANCELLED,Cash
O001447,C00032,R0162,2026-04-27,1,27.57,IN PROGRESS,Digital Wallet
O001448,C00461,R0039,2026-04-02,4,24.06,COMPLETED,Credit Card
O001449,C00732,R0061,2026-05-03,1,38.50,DELIVERED,Credit Card
O001450,C00082,R0044,2026-06-03,4,22.35,DELIVERED,Debit Card
O001451,C00556,R0059,2026-02-09,4,18.73,COMPLETED,Debit Card
O001452,C00021,R0045,2026-05-29,3,31.40,CANCELLED,Digital Wallet
O001453,C00324,R0119,2026-05-30,3,26.80,IN PROGRESS,Credit Card
O001454,C01178,R0129,2026-03-09,5,39.32,COMPLETED,Digital Wallet
O001455,C00508,R0094,2026-06-30,4,23.39,CANCELLED,Credit Card
O001456,C01097,R0004,2026-06-08,3,41.20,CANCELLED,Digital Wallet
O001457,C00792,R0033,2026-03-17,5,23.37,COMPLETED,Credit Card
O001458,C00753,R0047,2026-04-02,1,16.31,COMPLETED,Cash
O001459,C01062,R0099,2026-06-20,4,31.09,CANCELLED,Cash
O001460,C00356,R0183,2026-07-16,5,14.37,DELIVERED,Digital Wallet
O001461,C01010,R0064,2026-05-31,4,28.88,CANCELED,Digital Wallet
O001462,C01095,R0065,2026-06-26,4,34.43,IN PROGRESS,Credit Card
O001463,C00177,R0147,2026-01-18,2,32.60,DELIVERED,Debit Card
O001464,C00086,R0069,2026-07-30,4,30.53,CANCELED,Cash
O001465,C00495,R0071,2026-05-19,4,25.37,DELIVERED,Credit Card
O001466,C00502,R0169,2026-03-10,4,42.95,IN PROGRESS,Credit Card
O001467,C00287,R0163,2026-01-09,3,10.63,IN PROGRESS,Cash
O001468,C00316,R0118,2026-07-04,3,40.70,IN PROGRESS,Credit Card
O001469,C00346,R0142,2026-06-04,1,31.54,CANCELED,Digital Wallet
O001470,C01085,R0096,2026-08-03,2,41.69,CANCELLED,Cash
O001471,C01035,R0072,2026-03-21,1,14.68,DELIVERED,Credit Card
O001472,C00181,R0156,2026-03-05,5,21.78,COMPLETED,Cash
O001473,C00509,R0104,2026-01-24,5,36.33,CANCELED,Debit Card
O001474,C00575,R0027,2026-06-09,3,34.00,IN PROGRESS,Credit Card
O001475,C00654,R0087,2026-05-21,5,37.12,COMPLETED,Cash
O001476,C00704,R0009,2026-03-25,1,37.24,CANCELLED,Credit Card
O001477,C00290,R0042,2026-06-08,2,25.54,IN PROGRESS,Credit Card
O001478,C00321,R0149,2026-07-21,4,33.18,CANCELLED,Credit Card
O001479,C00584,R0001,2026-05-16,3,31.95,CANCELED,Debit Card
O001480,C00053,R0052,2026-07-15,2,19.59,COMPLETED,Cash
O001481,C00458,R0096,2026-06-28,3,44.30,COMPLETED,Cash
O001482,C00610,R0044,2026-03-12,2,23.35,IN PROGRESS,Debit Card
O001483,C00091,R0151,2026-04-21,4,8.80,COMPLETED,Digital Wallet
O001484,C01040,R0083,2026-07-03,1,30.85,CANCELED,Digital Wallet
O001485,C00646,R0048,2026-05-07,5,40.21,CANCELED,Debit Card
O001486,C00791,R0009,2026-08-05,1,34.82,IN PROGRESS,Credit Card
O001487,C00655,R0128,2026-05-11,5,33.37,CANCELED,Debit Card
O001488,C00788,R0075,2026-02-13,5,39.56,IN PROGRESS,Debit Card
O001489,C00107,R0098,2026-01-22,2,33.09,CANCELLED,Debit Card
O001490,C00814,R0093,2026-02-12,4,42.48,COMPLETED,Credit Card
O001491,C01146,R0184,2026-05-02,4,39.30,IN PROGRESS,Credit Card
O001492,C00834,R0108,2026-04-14,3,43.12,IN PROGRESS,Debit Card
O001493,C00267,R0190,2026-07-19,1,35.40,COMPLETED,Cash
O001494,C00830,R0190,2026-03-25,4,27.40,DELIVERED,Debit Card
O001495,C01061,R0051,2026-07-03,1,29.50,DELIVERED,Debit Card
O001496,C01097,R0009,2026-03-14,3,26.33,DELIVERED,Credit Card
O001497,C00226,R0045,2026-01-05,1,19.12,COMPLETED,Digital Wallet
O001498,C01043,R0146,2026-05-22,2,34.52,CANCELED,Credit Card
O001499,C00714,R0121,2026-03-17,3,38.28,CANCELLED,Cash
O001500,C00125,R0167,2026-02-14,1,25.22,CANCELED,Debit Card
O001501,C00229,R0028,2026-07-26,4,28.72,CANCELLED,Debit Card
O001502,C00112,R0152,2026-02-16,3,23.21,CANCELED,Credit Card
O001503,C00584,R0117,2026-04-02,1,20.98,CANCELLED,Cash
O001504,C00920,R0127,2026-04-12,5,23.52,IN PROGRESS,Credit Card
O001505,C00673,R0136,2026-02-17,5,10.23,IN PROGRESS,Digital Wallet
O001506,C00342,R0148,2026-07-28,1,16.76,COMPLETED,Cash
O001507,C01072,R0194,2026-03-28,4,23.87,IN PROGRESS,Credit Card
O001508,C00925,R0024,2026-03-13,5,32.47,DELIVERED,Debit Card
O001509,C00564,R0045,2026-07-18,4,39.16,IN PROGRESS,Digital Wallet
O001510,C00690,R0116,2026-04-04,1,38.23,IN PROGRESS,Credit Card
O001511,C00143,R0052,2026-02-28,2,26.82,IN PROGRESS,Cash
O001512,C00982,R0014,2026-04-01,3,37.91,DELIVERED,Credit Card
O001513,C00313,R0024,2026-07-21,4,34.36,COMPLETED,Cash
O001514,C00580,R0165,2026-06-30,5,24.86,DELIVERED,Cash
O001515,C00961,R0124,2026-01-10,4,17.30,DELIVERED,Debit Card
O001516,C00342,R0098,2026-02-13,2,43.56,CANCELLED,Digital Wallet
O001517,C00006,R0097,2026-04-12,2,22.15,CANCELLED,Credit Card
O001518,C00099,R0001,2026-07-18,4,30.74,DELIVERED,Credit Card
O001519,C00561,R0183,2026-03-02,2,23.28,IN PROGRESS,Digital Wallet
O001520,C00023,R0094,2026-02-28,3,19.12,DELIVERED,Digital Wallet
O001521,C00674,R0108,2026-02-22,4,37.78,DELIVERED,Debit Card
O001522,C00497,R0178,2026-01-14,2,16.10,IN PROGRESS,Debit Card
O001523,C00215,R0104,2026-06-10,5,27.95,CANCELLED,Cash
O001524,C00562,R0078,2026-06-19,3,39.66,IN PROGRESS,Digital Wallet
O001525,C00739,R0159,2026-03-22,5,15.73,CANCELED,Credit Card
O001526,C01196,R0151,2026-03-25,2,22.58,IN PROGRESS,Cash
O001527,C00605,R0008,2026-05-03,4,11.81,DELIVERED,Digital Wallet
O001528,C00453,R0057,2026-06-27,1,33.56,CANCELLED,Cash
O001529,C00463,R0130,2026-01-04,4,40.66,DELIVERED,Cash
O001530,C00825,R0006,2026-03-27,1,34.47,DELIVERED,Digital Wallet
O001531,C00767,R0064,2026-03-24,2,8.48,CANCELED,Credit Card
O001532,C00514,R0084,2026-05-04,3,29.89,CANCELLED,Credit Card
O001533,C00299,R0079,2026-02-24,3,35.71,IN PROGRESS,Debit Card
O001534,C00869,R0141,2026-05-29,4,10.26,CANCELED,Debit Card
O001535,C00510,R0171,2026-07-11,4,13.14,IN PROGRESS,Credit Card
O001536,C00910,R0156,2026-05-19,3,35.50,COMPLETED,Credit Card
O001537,C00417,R0168,2026-04-16,5,33.37,CANCELLED,Debit Card
O001538,C00584,R0151,2026-03-05,2,20.45,COMPLETED,Credit Card
O001539,C00442,R0144,2026-06-22,5,38.44,COMPLETED,Cash
O001540,C00337,R0132,2026-03-03,5,25.31,COMPLETED,Credit Card
O001541,C00573,R0071,2026-05-31,4,8.42,DELIVERED,Cash
O001542,C01042,R0178,2026-01-15,2,32.68,COMPLETED,Credit Card
O001543,C00795,R0014,2026-01-11,3,16.52,CANCELED,Credit Card
O001544,C00491,R0104,2026-02-10,2,13.35,CANCELED,Digital Wallet
O001545,C01170,R0045,2026-08-01,1,44.03,IN PROGRESS,Cash
O001546,C00386,R0167,2026-06-08,2,17.71,CANCELLED,Cash
O001547,C01155,R0138,2026-05-17,5,29.30,DELIVERED,Debit Card
O001548,C00379,R0021,2026-06-15,1,39.14,IN PROGRESS,Debit Card
O001549,C00518,R0062,2026-04-06,4,37.88,IN PROGRESS,Cash
O001550,C00139,R0161,2026-05-14,2,31.70,DELIVERED,Cash
O001551,C00713,R0050,2026-05-19,1,21.01,CANCELLED,Credit Card
O001552,C00772,R0143,2026-01-04,3,39.92,COMPLETED,Credit Card
O001553,C00279,R0017,2026-02-05,4,20.06,DELIVERED,Debit Card
O001554,C00470,R0001,2026-01-23,3,42.60,IN PROGRESS,Credit Card
O001555,C00110,R0072,2026-03-09,3,10.92,CANCELLED,Digital Wallet
O001556,C00666,R0028,2026-07-18,3,35.18,IN PROGRESS,Digital Wallet
O001557,C00932,R0081,2026-07-04,5,40.13,DELIVERED,Cash
O001558,C00599,R0090,2026-04-29,5,15.29,DELIVERED,Cash
O001559,C00142,R0166,2026-06-05,5,15.74,CANCELED,Cash
O001560,C00961,R0021,2026-02-21,5,43.52,CANCELLED,Cash
O001561,C00891,R0188,2026-03-01,4,18.71,DELIVERED,Debit Card
O001562,C00885,R0065,2026-02-18,2,44.79,COMPLETED,Cash
O001563,C00318,R0114,2026-02-28,3,34.73,COMPLETED,Digital Wallet
O001564,C00463,R0122,2026-07-06,1,21.57,CANCELED,Digital Wallet
O001565,C00263,R0043,2026-06-26,5,38.31,IN PROGRESS,Credit Card
O001566,C00710,R0068,2026-06-16,5,32.83,DELIVERED,Credit Card
O001567,C00432,R0105,2026-04-25,5,33.77,IN PROGRESS,Credit Card
O001568,C00319,R0028,2026-05-03,4,13.10,CANCELED,Digital Wallet
O001569,C00576,R0118,2026-02-01,3,9.37,CANCELED,Credit Card
O001570,C01126,R0062,2026-01-08,5,10.27,CANCELED,Credit Card
O001571,C01088,R0159,2026-02-18,5,34.67,COMPLETED,Cash
O001572,C00204,R0022,2026-04-08,2,41.83,IN PROGRESS,Cash
O001573,C00362,R0177,2026-04-25,2,11.79,CANCELLED,Debit Card
O001574,C00986,R0159,2026-06-24,2,27.00,COMPLETED,Debit Card
O001575,C00423,R0182,2026-06-11,5,26.35,IN PROGRESS,Credit Card
O001576,C00545,R0066,2026-03-08,2,20.36,DELIVERED,Credit Card
O001577,C00036,R0136,2026-06-02,1,22.13,CANCELLED,Cash
O001578,C00917,R0177,2026-03-08,3,20.63,DELIVERED,Digital Wallet
O001579,C00323,R0062,2026-06-23,5,17.63,COMPLETED,Credit Card
O001580,C00943,R0170,2026-06-01,5,44.62,CANCELED,Debit Card
O001581,C00580,R0028,2026-06-04,5,25.86,CANCELLED,Digital Wallet
O001582,C00173,R0160,2026-04-02,4,11.85,DELIVERED,Debit Card
O001583,C00962,R0071,2026-07-27,1,25.98,COMPLETED,Digital Wallet
O001584,C01002,R0047,2026-04-12,5,20.54,CANCELLED,Cash
O001585,C00481,R0016,2026-02-19,5,21.20,CANCELLED,Credit Card
O001586,C01180,R0152,2026-05-01,4,39.56,IN PROGRESS,Digital Wallet
O001587,C00277,R0018,2026-01-26,4,32.44,COMPLETED,Debit Card
O001588,C00564,R0177,2026-07-19,3,25.51,CANCELLED,Debit Card
O001589,C00312,R0030,2026-02-07,4,10.52,IN PROGRESS,Debit Card
O001590,C00148,R0011,2026-02-16,2,28.50,CANCELLED,Credit Card
O001591,C00524,R0033,2026-06-24,2,9.20,DELIVERED,Debit Card
O001592,C00766,R0139,2026-07-18,4,15.22,CANCELED,Credit Card
O001593,C00885,R0142,2026-01-28,3,25.69,IN PROGRESS,Credit Card
O001594,C01048,R0133,2026-07-22,2,8.90,CANCELLED,Credit Card
O001595,C00262,R0138,2026-05-23,1,36.28,CANCELLED,Credit Card
O001596,C00592,R0100,2026-02-22,3,27.54,CANCELLED,Cash
O001597,C00667,R0105,2026-05-29,2,9.47,COMPLETED,Digital Wallet
O001598,C00258,R0036,2026-01-29,4,23.54,CANCELED,Credit Card
O001599,C00597,R0013,2026-04-30,1,17.05,CANCELLED,Credit Card
O001600,C00291,R0165,2026-02-06,2,33.31,COMPLETED,Digital Wallet
O001601,C00151,R0078,2026-06-21,5,11.28,CANCELED,Cash
O001602,C00436,R0188,2026-03-18,3,42.89,DELIVERED,Cash
O001603,C00070,R0144,2026-06-19,1,22.17,CANCELED,Debit Card
O001604,C00022,R0013,2026-01-07,4,15.93,DELIVERED,Credit Card
O001605,C00815,R0009,2026-03-27,1,15.43,CANCELED,Debit Card
O001606,C00686,R0185,2026-05-22,2,13.53,CANCELLED,Credit Card
O001607,C00906,R0018,2026-03-26,1,11.28,COMPLETED,Credit Card
O001608,C00609,R0104,2026-08-09,2,23.66,IN PROGRESS,Credit Card
O001609,C00556,R0158,2026-03-27,1,15.08,CANCELLED,Debit Card
O001610,C00919,R0103,2026-01-02,3,39.38,DELIVERED,Digital Wallet
O001611,C00503,R0052,2026-01-07,5,13.55,IN PROGRESS,Cash
O001612,C00407,R0143,2026-02-21,5,15.94,IN PROGRESS,Debit Card
O001613,C00010,R0148,2026-07-18,3,17.80,COMPLETED,Digital Wallet
O001614,C00037,R0160,2026-05-12,1,43.72,IN PROGRESS,Credit Card
O001615,C00789,R0156,2026-04-13,5,8.62,IN PROGRESS,Cash
O001616,C00561,R0043,2026-05-14,3,13.40,DELIVERED,Credit Card
O001617,C00762,R0070,2026-07-02,5,22.07,COMPLETED,Credit Card
O001618,C00550,R0046,2026-07-22,1,9.57,COMPLETED,Digital Wallet
O001619,C00142,R0140,2026-02-22,2,27.52,CANCELED,Debit Card
O001620,C00728,R0042,2026-05-26,1,30.40,CANCELLED,Cash
O001621,C01047,R0110,2026-07-01,2,17.03,CANCELED,Cash
O001622,C00609,R0170,2026-02-07,3,21.70,CANCELED,Digital Wallet
O001623,C00561,R0177,2026-04-12,2,35.75,IN PROGRESS,Cash
O001624,C00484,R0139,2026-01-11,1,25.22,IN PROGRESS,Credit Card
O001625,C01024,R0011,2026-07-18,1,28.37,IN PROGRESS,Digital Wallet
O001626,C00454,R0067,2026-03-13,1,38.73,COMPLETED,Debit Card
O001627,C00092,R0078,2026-02-11,2,8.10,COMPLETED,Cash
O001628,C00863,R0021,2026-06-18,3,39.20,COMPLETED,Debit Card
O001629,C01107,R0043,2026-02-09,1,41.57,DELIVERED,Debit Card
O001630,C01157,R0097,2026-07-29,3,31.43,CANCELLED,Debit Card
O001631,C01151,R0074,2026-07-05,3,37.46,CANCELLED,Digital Wallet
O001632,C00841,R0067,2026-03-17,4,10.84,COMPLETED,Digital Wallet
O001633,C01174,R0034,2026-06-18,4,19.25,IN PROGRESS,Cash
O001634,C00838,R0122,2026-04-18,4,14.54,COMPLETED,Debit Card
O001635,C00842,R0013,2026-02-01,3,42.63,IN PROGRESS,Credit Card
O001636,C00635,R0144,2026-01-06,2,40.14,DELIVERED,Digital Wallet
O001637,C00378,R0020,2026-06-07,5,24.35,CANCELED,Digital Wallet
O001638,C00914,R0070,2026-04-21,5,9.69,IN PROGRESS,Cash
O001639,C00680,R0050,2026-02-12,2,42.95,COMPLETED,Cash
O001640,C01161,R0049,2026-02-11,4,30.10,DELIVERED,Credit Card
O001641,C01052,R0044,2026-02-10,1,44.83,CANCELED,Debit Card
O001642,C00139,R0035,2026-08-03,3,35.12,CANCELED,Cash
O001643,C01004,R0027,2026-02-24,1,43.47,CANCELED,Digital Wallet
O001644,C00280,R0176,2026-03-04,5,25.58,CANCELED,Digital Wallet
O001645,C00716,R0038,2026-02-20,2,16.28,CANCELED,Cash
O001646,C00958,R0073,2026-06-15,2,10.63,CANCELED,Cash
O001647,C01043,R0105,2026-06-09,2,38.88,COMPLETED,Debit Card
O001648,C00464,R0103,2026-06-03,2,25.12,CANCELED,Cash
O001649,C00317,R0064,2026-01-01,1,22.30,DELIVERED,Credit Card
O001650,C00341,R0155,2026-03-17,1,36.33,IN PROGRESS,Credit Card
O001651,C00509,R0069,2026-01-04,5,38.05,CANCELLED,Digital Wallet
O001652,C00419,R0140,2026-06-20,5,33.07,COMPLETED,Digital Wallet
O001653,C01174,R0002,2026-01-28,2,9.58,COMPLETED,Cash
O001654,C00941,R0051,2026-05-04,1,14.39,CANCELED,Debit Card
O001655,C00903,R0039,2026-05-11,1,27.26,COMPLETED,Digital Wallet
O001656,C00424,R0116,2026-01-30,5,37.17,IN PROGRESS,Digital Wallet
O001657,C00818,R0071,2026-01-29,1,25.10,COMPLETED,Debit Card
O001658,C00763,R0098,2026-05-19,1,16.89,CANCELED,Debit Card
O001659,C00690,R0194,2026-07-25,1,44.91,DELIVERED,Credit Card
O001660,C00457,R0116,2026-02-13,2,26.40,DELIVERED,Credit Card
O001661,C01097,R0156,2026-07-12,5,37.20,IN PROGRESS,Debit Card
O001662,C00309,R0179,2026-05-07,2,10.97,CANCELLED,Digital Wallet
O001663,C00947,R0143,2026-03-28,4,24.28,CANCELED,Credit Card
O001664,C01103,R0133,2026-04-09,3,40.71,COMPLETED,Cash
O001665,C00323,R0097,2026-01-06,3,16.34,IN PROGRESS,Cash
O001666,C00909,R0174,2026-08-05,2,22.38,CANCELLED,Debit Card
O001667,C01000,R0009,2026-02-03,3,8.74,IN PROGRESS,Debit Card
O001668,C00771,R0189,2026-02-09,3,42.46,CANCELLED,Credit Card
O001669,C01034,R0127,2026-03-26,1,35.26,CANCELLED,Cash
O001670,C01003,R0082,2026-04-28,3,26.35,IN PROGRESS,Credit Card
O001671,C00439,R0191,2026-06-07,4,12.97,CANCELLED,Cash
O001672,C00956,R0088,2026-08-08,3,12.76,CANCELLED,Credit Card
O001673,C01176,R0008,2026-04-11,2,31.79,CANCELLED,Digital Wallet
O001674,C00056,R0137,2026-02-08,1,25.49,IN PROGRESS,Credit Card
O001675,C00334,R0090,2026-06-01,3,11.36,CANCELLED,Credit Card
O001676,C00424,R0092,2026-01-08,3,25.38,COMPLETED,Debit Card
O001677,C00450,R0027,2026-03-21,2,20.89,COMPLETED,Credit Card
O001678,C01088,R0198,2026-01-05,2,20.07,DELIVERED,Cash
O001679,C01006,R0156,2026-02-05,4,29.01,CANCELLED,Debit Card
O001680,C01161,R0073,2026-07-05,1,22.62,DELIVERED,Cash
O001681,C00588,R0060,2026-04-16,4,41.29,DELIVERED,Digital Wallet
O001682,C00221,R0059,2026-04-08,5,40.29,IN PROGRESS,Debit Card
O001683,C00144,R0155,2026-05-17,5,34.06,CANCELLED,Digital Wallet
O001684,C00973,R0153,2026-02-02,2,8.07,CANCELED,Credit Card
O001685,C00659,R0060,2026-07-20,4,10.43,IN PROGRESS,Debit Card
O001686,C00206,R0020,2026-02-01,2,34.62,CANCELLED,Debit Card
O001687,C00410,R0078,2026-04-25,2,9.06,COMPLETED,Credit Card
O001688,C00769,R0176,2026-06-14,2,8.83,CANCELLED,Digital Wallet
O001689,C00365,R0133,2026-05-28,5,16.85,CANCELED,Cash
O001690,C00492,R0113,2026-01-12,2,9.06,CANCELED,Cash
O001691,C00022,R0148,2026-08-05,1,40.73,CANCELED,Cash
O001692,C00170,R0162,2026-04-11,5,13.59,IN PROGRESS,Digital Wallet
O001693,C00293,R0198,2026-03-02,4,39.37,DELIVERED,Credit Card
O001694,C00520,R0135,2026-04-04,4,10.00,IN PROGRESS,Debit Card
O001695,C01060,R0023,2026-02-06,5,29.25,COMPLETED,Debit Card
O001696,C00376,R0032,2026-04-05,2,29.25,IN PROGRESS,Cash
O001697,C00503,R0092,2026-01-23,5,42.03,CANCELLED,Debit Card
O001698,C00223,R0184,2026-05-15,5,16.53,CANCELLED,Credit Card
O001699,C00813,R0105,2026-02-25,5,28.56,IN PROGRESS,Cash
O001700,C00864,R0086,2026-04-03,1,9.15,CANCELLED,Debit Card
O001701,C00118,R0122,2026-04-26,3,37.74,COMPLETED,Digital Wallet
O001702,C00528,R0157,2026-03-09,5,36.04,COMPLETED,Cash
O001703,C00038,R0117,2026-06-12,1,11.41,CANCELLED,Debit Card
O001704,C00748,R0183,2026-01-20,1,27.72,COMPLETED,Debit Card
O001705,C00235,R0054,2026-06-14,4,31.99,COMPLETED,Debit Card
O001706,C01114,R0095,2026-02-03,1,35.12,IN PROGRESS,Credit Card
O001707,C00087,R0027,2026-04-16,1,24.50,CANCELLED,Digital Wallet
O001708,C00790,R0196,2026-06-09,2,22.07,CANCELLED,Digital Wallet
O001709,C01090,R0183,2026-01-02,3,13.15,CANCELLED,Digital Wallet
O001710,C00350,R0193,2026-06-08,3,16.12,DELIVERED,Debit Card
O001711,C00895,R0180,2026-05-30,4,39.05,IN PROGRESS,Cash
O001712,C00951,R0198,2026-07-22,2,18.03,CANCELLED,Cash
O001713,C00766,R0095,2026-01-27,4,26.96,IN PROGRESS,Credit Card
O001714,C00145,R0019,2026-02-16,4,32.10,DELIVERED,Digital Wallet
O001715,C01194,R0073,2026-04-05,3,18.64,DELIVERED,Cash
O001716,C00186,R0191,2026-04-27,2,36.47,IN PROGRESS,Credit Card
O001717,C00071,R0075,2026-07-13,1,43.03,DELIVERED,Debit Card
O001718,C00910,R0099,2026-05-06,4,25.68,CANCELED,Cash
O001719,C00781,R0046,2026-07-12,1,9.71,IN PROGRESS,Digital Wallet
O001720,C00109,R0195,2026-03-17,5,44.70,IN PROGRESS,Cash
O001721,C01040,R0161,2026-08-03,1,16.55,COMPLETED,Digital Wallet
O001722,C00438,R0024,2026-06-04,5,37.52,COMPLETED,Debit Card
O001723,C01181,R0019,2026-03-18,2,24.31,IN PROGRESS,Credit Card
O001724,C00475,R0081,2026-04-27,2,33.58,COMPLETED,Digital Wallet
O001725,C01101,R0178,2026-08-07,1,11.30,COMPLETED,Cash
O001726,C00007,R0150,2026-06-26,2,22.24,COMPLETED,Digital Wallet
O001727,C01182,R0016,2026-03-26,5,22.25,CANCELLED,Cash
O001728,C00800,R0023,2026-07-29,3,20.85,COMPLETED,Debit Card
O001729,C00596,R0084,2026-08-09,3,11.91,CANCELLED,Credit Card
O001730,C00578,R0040,2026-05-24,2,36.48,CANCELED,Debit Card
O001731,C00572,R0079,2026-04-06,5,25.66,CANCELLED,Credit Card
O001732,C00611,R0110,2026-07-06,4,11.94,DELIVERED,Cash
O001733,C00731,R0047,2026-04-03,5,36.03,CANCELLED,Digital Wallet
O001734,C00939,R0187,2026-01-28,2,30.09,IN PROGRESS,Credit Card
O001735,C01167,R0042,2026-05-13,5,9.48,IN PROGRESS,Credit Card
O001736,C00430,R0138,2026-02-05,2,40.59,CANCELED,Digital Wallet
O001737,C00446,R0174,2026-01-23,1,16.35,CANCELED,Cash
O001738,C00062,R0193,2026-08-07,3,18.86,DELIVERED,Credit Card
O001739,C00472,R0142,2026-02-20,1,9.91,IN PROGRESS,Credit Card
O001740,C00203,R0037,2026-05-06,1,35.77,COMPLETED,Cash
O001741,C00505,R0003,2026-04-28,5,31.62,CANCELLED,Cash
O001742,C00942,R0035,2026-07-09,5,35.64,DELIVERED,Digital Wallet
O001743,C00041,R0027,2026-03-30,4,42.16,CANCELLED,Debit Card
O001744,C01093,R0113,2026-02-10,4,43.46,DELIVERED,Debit Card
O001745,C00328,R0130,2026-04-21,1,39.17,CANCELLED,Cash
O001746,C00404,R0003,2026-07-14,2,30.11,IN PROGRESS,Digital Wallet
O001747,C00994,R0056,2026-03-15,5,24.61,IN PROGRESS,Cash
O001748,C00406,R0027,2026-07-07,2,41.30,CANCELED,Cash
O001749,C00728,R0085,2026-07-05,4,17.75,DELIVERED,Cash
O001750,C00404,R0031,2026-01-08,5,33.55,CANCELLED,Credit Card
O001751,C00142,R0017,2026-01-27,1,9.92,CANCELLED,Credit Card
O001752,C00421,R0014,2026-01-11,1,18.66,CANCELLED,Digital Wallet
O001753,C00166,R0060,2026-07-02,1,22.35,IN PROGRESS,Debit Card
O001754,C01143,R0150,2026-03-11,1,18.17,DELIVERED,Credit Card
O001755,C00140,R0157,2026-07-23,3,17.79,CANCELED,Digital Wallet
O001756,C00575,R0103,2026-05-03,5,41.80,CANCELED,Debit Card
O001757,C00218,R0122,2026-08-06,5,27.47,CANCELED,Cash
O001758,C00060,R0081,2026-03-11,5,42.25,CANCELLED,Debit Card
O001759,C00124,R0173,2026-04-28,2,40.51,DELIVERED,Cash
O001760,C00559,R0058,2026-05-14,4,22.53,DELIVERED,Digital Wallet
O001761,C00555,R0161,2026-07-16,5,39.08,COMPLETED,Credit Card
O001762,C00465,R0186,2026-02-02,2,35.36,IN PROGRESS,Credit Card
O001763,C00314,R0193,2026-03-24,2,40.11,DELIVERED,Credit Card
O001764,C00415,R0040,2026-02-09,4,21.33,CANCELED,Debit Card
O001765,C00217,R0146,2026-07-10,2,14.78,CANCELLED,Digital Wallet
O001766,C00132,R0104,2026-06-21,1,39.99,DELIVERED,Credit Card
O001767,C00886,R0079,2026-06-09,4,13.29,COMPLETED,Cash
O001768,C00687,R0112,2026-06-26,5,36.39,DELIVERED,Digital Wallet
O001769,C00122,R0065,2026-04-05,1,32.63,CANCELED,Cash
O001770,C00375,R0188,2026-07-10,1,32.16,CANCELED,Debit Card
O001771,C00215,R0183,2026-02-07,5,35.51,COMPLETED,Digital Wallet
O001772,C00448,R0109,2026-07-09,3,12.14,CANCELED,Debit Card
O001773,C00451,R0093,2026-06-30,2,37.22,COMPLETED,Digital Wallet
O001774,C00616,R0123,2026-02-23,1,31.53,CANCELED,Debit Card
O001775,C00431,R0012,2026-03-30,3,29.01,CANCELLED,Digital Wallet
O001776,C00715,R0073,2026-03-10,4,36.61,CANCELLED,Cash
O001777,C01097,R0147,2026-04-14,3,13.50,CANCELLED,Debit Card
O001778,C00594,R0061,2026-04-13,1,34.20,DELIVERED,Cash
O001779,C00901,R0183,2026-01-26,3,21.13,CANCELLED,Debit Card
O001780,C00272,R0052,2026-01-10,5,37.89,IN PROGRESS,Digital Wallet
O001781,C00600,R0128,2026-01-30,4,23.28,COMPLETED,Digital Wallet
O001782,C00226,R0100,2026-01-05,2,9.46,CANCELLED,Credit Card
O001783,C00139,R0081,2026-04-17,5,24.11,IN PROGRESS,Debit Card
O001784,C00365,R0013,2026-05-14,1,30.76,DELIVERED,Debit Card
O001785,C01182,R0001,2026-01-26,4,37.50,IN PROGRESS,Credit Card
O001786,C00830,R0071,2026-02-10,3,17.54,DELIVERED,Cash
O001787,C00663,R0088,2026-03-19,2,12.88,COMPLETED,Digital Wallet
O001788,C00377,R0054,2026-01-05,1,10.73,COMPLETED,Cash
O001789,C01028,R0097,2026-07-15,1,37.32,CANCELED,Debit Card
O001790,C00743,R0022,2026-03-07,2,25.05,CANCELLED,Digital Wallet
O001791,C01127,R0178,2026-08-08,1,33.77,DELIVERED,Credit Card
O001792,C00815,R0160,2026-05-08,2,8.51,COMPLETED,Debit Card
O001793,C00260,R0094,2026-01-20,4,34.41,DELIVERED,Cash
O001794,C00972,R0157,2026-06-14,2,15.85,DELIVERED,Credit Card
O001795,C00896,R0186,2026-02-11,1,26.17,COMPLETED,Debit Card
O001796,C00427,R0163,2026-06-09,1,20.89,CANCELED,Credit Card
O001797,C00609,R0028,2026-07-29,2,31.89,COMPLETED,Digital Wallet
O001798,C00654,R0012,2026-01-28,2,12.53,CANCELLED,Credit Card
O001799,C00701,R0025,2026-04-07,4,40.66,IN PROGRESS,Credit Card
O001800,C01104,R0040,2026-04-05,5,29.70,DELIVERED,Digital Wallet
O001801,C00502,R0011,2026-04-12,1,33.08,CANCELLED,Cash
O001802,C00317,R0113,2026-01-04,5,30.98,CANCELLED,Cash
O001803,C00802,R0043,2026-04-22,4,34.27,CANCELLED,Cash
O001804,C00131,R0075,2026-01-14,3,34.88,CANCELED,Digital Wallet
O001805,C00530,R0022,2026-05-21,4,22.16,CANCELLED,Digital Wallet
O001806,C00248,R0167,2026-08-01,1,33.74,CANCELED,Cash
O001807,C01059,R0022,2026-01-06,5,21.24,COMPLETED,Credit Card
O001808,C00765,R0185,2026-06-25,2,25.50,COMPLETED,Debit Card
O001809,C00351,R0021,2026-06-06,2,17.62,IN PROGRESS,Debit Card
O001810,C00207,R0176,2026-02-05,5,20.43,CANCELED,Cash
O001811,C00433,R0049,2026-03-16,2,27.79,CANCELED,Digital Wallet
O001812,C00619,R0022,2026-01-25,5,8.19,CANCELED,Digital Wallet
O001813,C00193,R0164,2026-05-25,2,34.11,DELIVERED,Credit Card
O001814,C00562,R0155,2026-03-23,3,26.35,IN PROGRESS,Cash
O001815,C00712,R0078,2026-04-30,4,25.19,DELIVERED,Debit Card
O001816,C00673,R0098,2026-06-05,1,15.71,CANCELED,Credit Card
O001817,C01174,R0013,2026-04-11,2,18.36,COMPLETED,Cash
O001818,C00966,R0192,2026-05-17,4,35.90,CANCELED,Credit Card
O001819,C00135,R0096,2026-02-15,1,14.44,CANCELED,Cash
O001820,C00752,R0053,2026-04-27,1,33.20,COMPLETED,Digital Wallet
O001821,C01082,R0071,2026-01-23,4,43.49,CANCELED,Credit Card
O001822,C00303,R0005,2026-03-12,4,40.62,CANCELLED,Debit Card
O001823,C00436,R0177,2026-06-05,5,29.08,CANCELED,Debit Card
O001824,C00541,R0173,2026-02-27,3,28.65,COMPLETED,Cash
O001825,C00357,R0119,2026-03-24,4,19.64,CANCELED,Digital Wallet
O001826,C00743,R0156,2026-04-21,5,39.92,DELIVERED,Cash
O001827,C00963,R0086,2026-04-04,1,26.57,DELIVERED,Digital Wallet
O001828,C00447,R0115,2026-04-15,5,30.27,COMPLETED,Credit Card
O001829,C01122,R0143,2026-04-04,4,16.02,DELIVERED,Cash
O001830,C01133,R0160,2026-05-27,1,39.05,COMPLETED,Cash
O001831,C00560,R0157,2026-02-02,5,42.38,CANCELLED,Cash
O001832,C00541,R0168,2026-05-04,1,23.85,CANCELLED,Cash
O001833,C00677,R0073,2026-07-25,3,10.48,CANCELLED,Cash
O001834,C01180,R0161,2026-08-06,1,43.31,CANCELLED,Credit Card
O001835,C00553,R0074,2026-08-01,3,19.70,CANCELLED,Digital Wallet
O001836,C00572,R0038,2026-07-18,1,39.11,IN PROGRESS,Cash
O001837,C01161,R0021,2026-05-18,1,18.88,DELIVERED,Digital Wallet
O001838,C00876,R0071,2026-06-18,4,9.03,IN PROGRESS,Debit Card
O001839,C00389,R0047,2026-07-26,1,25.70,DELIVERED,Credit Card
O001840,C00267,R0180,2026-06-30,2,33.95,CANCELED,Credit Card
O001841,C00400,R0132,2026-02-21,3,25.79,IN PROGRESS,Digital Wallet
O001842,C00072,R0001,2026-06-01,2,43.63,IN PROGRESS,Debit Card
O001843,C00340,R0165,2026-02-14,3,22.75,DELIVERED,Credit Card
O001844,C00127,R0122,2026-03-01,3,11.73,CANCELLED,Credit Card
O001845,C00399,R0118,2026-02-08,2,18.12,IN PROGRESS,Debit Card
O001846,C00934,R0022,2026-07-29,3,24.75,COMPLETED,Digital Wallet
O001847,C01075,R0144,2026-01-13,2,21.36,DELIVERED,Digital Wallet
O001848,C00522,R0165,2026-01-30,3,15.30,CANCELLED,Digital Wallet
O001849,C00144,R0162,2026-04-04,3,40.31,CANCELLED,Credit Card
O001850,C01169,R0145,2026-04-23,1,41.37,IN PROGRESS,Digital Wallet
O001851,C00860,R0196,2026-07-16,2,13.54,IN PROGRESS,Cash
O001852,C00020,R0152,2026-04-06,4,22.16,CANCELED,Digital Wallet
O001853,C00666,R0149,2026-07-17,3,8.34,DELIVERED,Cash
O001854,C00172,R0133,2026-08-09,2,16.73,COMPLETED,Debit Card
O001855,C00449,R0097,2026-03-02,1,17.81,COMPLETED,Credit Card
O001856,C00100,R0014,2026-03-17,1,31.19,CANCELED,Debit Card
O001857,C00842,R0061,2026-03-18,1,38.29,CANCELLED,Cash
O001858,C00512,R0045,2026-01-02,3,24.74,IN PROGRESS,Cash
O001859,C00698,R0195,2026-01-30,5,13.50,CANCELED,Credit Card
O001860,C00182,R0139,2026-07-01,3,33.29,IN PROGRESS,Digital Wallet
O001861,C00783,R0163,2026-01-16,5,29.47,DELIVERED,Credit Card
O001862,C00912,R0151,2026-01-14,4,11.69,CANCELLED,Digital Wallet
O001863,C00720,R0122,2026-03-07,1,38.57,CANCELED,Credit Card
O001864,C00331,R0029,2026-02-07,1,32.51,DELIVERED,Digital Wallet
O001865,C00582,R0031,2026-05-15,5,41.42,CANCELLED,Cash
O001866,C00981,R0019,2026-06-08,4,30.81,CANCELLED,Debit Card
O001867,C00779,R0015,2026-06-16,1,24.89,CANCELED,Debit Card
O001868,C00430,R0120,2026-05-08,5,33.80,IN PROGRESS,Digital Wallet
O001869,C00354,R0049,2026-03-08,1,39.82,DELIVERED,Digital Wallet
O001870,C00496,R0098,2026-05-03,4,15.60,CANCELED,Cash
O001871,C00898,R0044,2026-03-29,4,20.33,DELIVERED,Debit Card
O001872,C00972,R0091,2026-05-10,4,40.83,CANCELED,Credit Card
O001873,C00946,R0177,2026-06-27,4,17.02,IN PROGRESS,Credit Card
O001874,C00072,R0150,2026-07-25,1,12.25,CANCELLED,Cash
O001875,C00873,R0125,2026-05-27,4,36.60,CANCELLED,Cash
O001876,C00092,R0153,2026-02-10,1,35.72,CANCELLED,Digital Wallet
O001877,C01150,R0159,2026-05-25,1,22.50,CANCELLED,Debit Card
O001878,C00798,R0121,2026-05-25,2,21.10,CANCELLED,Cash
O001879,C00110,R0048,2026-04-30,2,41.74,COMPLETED,Digital Wallet
O001880,C01155,R0031,2026-07-18,1,30.37,IN PROGRESS,Credit Card
O001881,C00066,R0071,2026-06-11,5,27.64,DELIVERED,Credit Card
O001882,C00525,R0085,2026-01-08,2,35.69,IN PROGRESS,Digital Wallet
O001883,C00015,R0130,2026-03-21,4,42.95,CANCELED,Digital Wallet
O001884,C00332,R0005,2026-05-20,3,30.97,CANCELLED,Credit Card
O001885,C01192,R0021,2026-02-28,1,31.78,DELIVERED,Debit Card
O001886,C00105,R0020,2026-07-30,5,16.21,IN PROGRESS,Debit Card
O001887,C00807,R0024,2026-07-17,4,31.05,COMPLETED,Credit Card
O001888,C00022,R0031,2026-07-18,5,43.07,DELIVERED,Debit Card
O001889,C00796,R0099,2026-05-10,5,43.43,CANCELED,Cash
O001890,C00861,R0077,2026-06-05,5,39.73,CANCELED,Cash
O001891,C01099,R0010,2026-05-06,2,35.76,DELIVERED,Digital Wallet
O001892,C00815,R0024,2026-01-28,1,22.77,COMPLETED,Cash
O001893,C00714,R0108,2026-07-06,3,9.59,CANCELED,Debit Card
O001894,C00902,R0066,2026-08-01,3,32.03,IN PROGRESS,Digital Wallet
O001895,C00804,R0124,2026-04-20,2,33.61,IN PROGRESS,Debit Card
O001896,C00112,R0032,2026-07-26,4,44.86,COMPLETED,Credit Card
O001897,C00066,R0126,2026-02-26,5,44.54,CANCELED,Cash
O001898,C00034,R0127,2026-06-03,2,44.68,DELIVERED,Debit Card
O001899,C00283,R0090,2026-05-24,1,28.60,CANCELED,Cash
O001900,C00063,R0013,2026-07-06,3,35.66,IN PROGRESS,Digital Wallet
O001901,C00565,R0167,2026-06-18,3,9.26,CANCELED,Debit Card
O001902,C00389,R0006,2026-01-04,5,28.90,CANCELED,Digital Wallet
O001903,C00288,R0095,2026-07-29,5,44.20,IN PROGRESS,Cash
O001904,C00295,R0089,2026-03-11,2,30.09,CANCELED,Credit Card
O001905,C00753,R0102,2026-06-17,4,28.37,CANCELLED,Cash
O001906,C00863,R0138,2026-02-05,2,21.18,IN PROGRESS,Cash
O001907,C00005,R0161,2026-07-02,3,41.02,CANCELED,Debit Card
O001908,C00376,R0115,2026-05-17,3,37.98,IN PROGRESS,Cash
O001909,C00521,R0026,2026-04-19,4,17.77,IN PROGRESS,Cash
O001910,C00023,R0076,2026-06-25,4,19.72,CANCELLED,Debit Card
O001911,C00598,R0125,2026-01-17,2,42.67,CANCELED,Cash
O001912,C00740,R0043,2026-07-11,2,36.16,CANCELLED,Digital Wallet
O001913,C01093,R0166,2026-03-09,2,19.99,DELIVERED,Cash
O001914,C00265,R0065,2026-03-01,4,24.10,CANCELED,Debit Card
O001915,C00735,R0036,2026-07-20,1,31.62,IN PROGRESS,Cash
O001916,C00989,R0101,2026-02-01,2,20.51,COMPLETED,Cash
O001917,C01067,R0001,2026-06-08,3,10.51,IN PROGRESS,Debit Card
O001918,C00971,R0158,2026-07-06,3,24.00,IN PROGRESS,Debit Card
O001919,C00005,R0129,2026-08-08,1,18.93,DELIVERED,Digital Wallet
O001920,C00684,R0090,2026-06-13,4,40.82,CANCELLED,Digital Wallet
O001921,C00991,R0029,2026-04-13,5,10.97,IN PROGRESS,Credit Card
O001922,C00297,R0003,2026-06-27,4,20.01,COMPLETED,Debit Card
O001923,C01182,R0116,2026-02-27,5,40.17,DELIVERED,Debit Card
O001924,C01122,R0127,2026-01-25,2,14.95,IN PROGRESS,Digital Wallet
O001925,C00227,R0013,2026-06-17,1,29.80,IN PROGRESS,Debit Card
O001926,C00465,R0111,2026-03-02,4,10.28,DELIVERED,Cash
O001927,C00570,R0079,2026-01-31,4,39.47,IN PROGRESS,Debit Card
O001928,C00544,R0066,2026-06-03,5,28.59,CANCELED,Debit Card
O001929,C00716,R0142,2026-04-03,3,36.17,CANCELED,Digital Wallet
O001930,C00138,R0051,2026-02-28,3,25.01,IN PROGRESS,Credit Card
O001931,C01183,R0119,2026-03-27,5,42.72,IN PROGRESS,Digital Wallet
O001932,C00386,R0122,2026-07-01,2,39.38,CANCELED,Credit Card
O001933,C00120,R0024,2026-06-06,2,41.56,CANCELLED,Cash
O001934,C00982,R0069,2026-06-24,1,24.70,COMPLETED,Cash
O001935,C00911,R0049,2026-07-31,3,40.18,CANCELLED,Credit Card
O001936,C00236,R0157,2026-06-19,1,29.99,COMPLETED,Credit Card
O001937,C00461,R0142,2026-05-17,4,39.07,COMPLETED,Cash
O001938,C00200,R0122,2026-03-10,5,20.40,DELIVERED,Debit Card
O001939,C00792,R0181,2026-04-08,3,13.37,CANCELLED,Cash
O001940,C00901,R0179,2026-05-29,1,13.76,COMPLETED,Debit Card
O001941,C00937,R0137,2026-03-30,3,11.11,CANCELLED,Digital Wallet
O001942,C00368,R0082,2026-06-25,1,17.74,IN PROGRESS,Digital Wallet
O001943,C00297,R0125,2026-03-12,2,41.69,CANCELLED,Debit Card
O001944,C00218,R0184,2026-02-08,5,14.10,CANCELED,Digital Wallet
O001945,C00207,R0075,2026-05-28,1,19.68,DELIVERED,Debit Card
O001946,C00934,R0165,2026-04-19,2,29.03,COMPLETED,Debit Card
O001947,C00513,R0002,2026-07-23,3,24.93,CANCELLED,Credit Card
O001948,C00948,R0150,2026-01-16,5,15.23,CANCELED,Credit Card
O001949,C00822,R0198,2026-07-10,3,18.98,CANCELED,Credit Card
O001950,C00640,R0180,2026-04-13,3,18.03,IN PROGRESS,Debit Card
O001951,C00768,R0078,2026-07-13,1,36.17,IN PROGRESS,Digital Wallet
O001952,C00795,R0128,2026-06-01,2,9.04,DELIVERED,Debit Card
O001953,C00026,R0118,2026-03-31,5,34.12,DELIVERED,Debit Card
O001954,C00543,R0172,2026-01-26,4,20.38,DELIVERED,Debit Card
O001955,C00562,R0163,2026-02-27,2,39.04,DELIVERED,Cash
O001956,C00810,R0027,2026-03-21,2,39.89,CANCELED,Digital Wallet
O001957,C00591,R0132,2026-04-07,5,26.57,IN PROGRESS,Cash
O001958,C00406,R0070,2026-08-08,5,10.13,CANCELLED,Debit Card
O001959,C01071,R0159,2026-04-25,2,20.78,CANCELED,Credit Card
O001960,C01038,R0169,2026-06-23,3,20.43,DELIVERED,Digital Wallet
O001961,C00277,R0121,2026-06-01,5,44.77,CANCELLED,Digital Wallet
O001962,C00788,R0060,2026-04-14,1,30.18,IN PROGRESS,Debit Card
O001963,C00954,R0038,2026-06-19,3,13.58,DELIVERED,Cash
O001964,C00802,R0147,2026-04-14,5,8.59,CANCELED,Digital Wallet
O001965,C00756,R0138,2026-06-27,4,40.06,IN PROGRESS,Cash
O001966,C00168,R0187,2026-01-06,2,9.70,IN PROGRESS,Digital Wallet
O001967,C01027,R0041,2026-04-19,3,38.15,IN PROGRESS,Cash
O001968,C00981,R0094,2026-02-03,2,33.73,CANCELED,Credit Card
O001969,C00844,R0200,2026-05-04,1,39.79,CANCELED,Debit Card
O001970,C00904,R0130,2026-08-05,1,18.25,COMPLETED,Debit Card
O001971,C00690,R0108,2026-07-26,2,8.22,DELIVERED,Cash
O001972,C00253,R0171,2026-01-20,5,12.35,IN PROGRESS,Credit Card
O001973,C00155,R0016,2026-06-25,5,23.23,CANCELED,Debit Card
O001974,C00992,R0155,2026-01-02,3,44.16,IN PROGRESS,Cash
O001975,C00485,R0119,2026-05-01,3,28.86,COMPLETED,Credit Card
O001976,C00225,R0153,2026-01-20,5,8.80,CANCELLED,Digital Wallet
O001977,C00949,R0090,2026-03-20,3,44.21,DELIVERED,Digital Wallet
O001978,C00247,R0040,2026-03-22,4,14.39,CANCELED,Cash
O001979,C00324,R0025,2026-06-06,5,28.90,CANCELED,Cash
O001980,C00996,R0176,2026-05-13,1,19.43,DELIVERED,Digital Wallet
O001981,C00419,R0093,2026-06-19,2,32.33,CANCELED,Debit Card
O001982,C00837,R0067,2026-04-24,1,9.24,CANCELLED,Digital Wallet
O001983,C00792,R0186,2026-08-06,1,20.50,COMPLETED,Credit Card
O001984,C00385,R0022,2026-08-03,5,36.34,DELIVERED,Credit Card
O001985,C00639,R0193,2026-06-07,4,12.88,CANCELLED,Cash
O001986,C00498,R0113,2026-06-14,5,23.73,DELIVERED,Credit Card
O001987,C00553,R0139,2026-03-26,4,26.41,IN PROGRESS,Debit Card
O001988,C01109,R0104,2026-06-26,5,20.49,CANCELED,Digital Wallet
O001989,C00109,R0130,2026-02-24,2,16.70,CANCELED,Digital Wallet
O001990,C01041,R0190,2026-05-18,2,33.76,CANCELLED,Cash
O001991,C00011,R0076,2026-08-06,3,21.11,DELIVERED,Debit Card
O001992,C00403,R0016,2026-02-21,2,8.67,DELIVERED,Digital Wallet
O001993,C00100,R0073,2026-07-26,4,34.58,COMPLETED,Cash
O001994,C00639,R0004,2026-07-18,1,10.14,DELIVERED,Debit Card
O001995,C01024,R0146,2026-03-11,3,17.11,DELIVERED,Credit Card
O001996,C00896,R0135,2026-06-13,4,34.54,IN PROGRESS,Cash
O001997,C00994,R0023,2026-06-28,1,43.27,CANCELED,Debit Card
O001998,C01100,R0045,2026-07-29,5,20.91,COMPLETED,Debit Card
O001999,C00233,R0049,2026-01-23,4,27.64,COMPLETED,Debit Card
O002000,C01105,R0018,2026-05-19,5,38.70,COMPLETED,Cash
O002001,C00037,R0159,2026-04-17,4,37.27,COMPLETED,Debit Card
O002002,C00136,R0151,2026-01-05,4,8.03,CANCELLED,Cash
O002003,C00060,R0035,2026-06-19,4,42.96,CANCELED,Digital Wallet
O002004,C00426,R0175,2026-07-17,4,13.05,CANCELED,Digital Wallet
O002005,C00919,R0037,2026-04-16,2,12.55,COMPLETED,Cash
O002006,C00188,R0189,2026-07-14,5,25.74,IN PROGRESS,Cash
O002007,C00114,R0053,2026-04-28,5,22.96,IN PROGRESS,Credit Card
O002008,C01104,R0074,2026-05-13,5,17.09,COMPLETED,Cash
O002009,C01187,R0026,2026-07-08,1,38.69,CANCELED,Cash
O002010,C00198,R0087,2026-07-28,5,32.91,CANCELLED,Debit Card
O002011,C00274,R0023,2026-01-19,1,25.20,COMPLETED,Credit Card
O002012,C00182,R0147,2026-03-10,4,18.46,COMPLETED,Credit Card
O002013,C00536,R0075,2026-04-23,2,19.60,COMPLETED,Digital Wallet
O002014,C01144,R0043,2026-01-14,2,20.19,CANCELLED,Cash
O002015,C00591,R0112,2026-01-07,5,35.25,IN PROGRESS,Digital Wallet
O002016,C00950,R0013,2026-04-29,4,21.69,COMPLETED,Digital Wallet
O002017,C01122,R0124,2026-08-05,3,27.67,DELIVERED,Digital Wallet
O002018,C01037,R0013,2026-02-24,4,15.98,CANCELLED,Cash
O002019,C00206,R0017,2026-04-24,4,16.35,COMPLETED,Debit Card
O002020,C00108,R0195,2026-01-17,3,31.92,DELIVERED,Digital Wallet
O002021,C00633,R0143,2026-05-15,2,11.03,COMPLETED,Digital Wallet
O002022,C00086,R0141,2026-04-09,2,33.04,CANCELED,Cash
O002023,C00165,R0009,2026-01-21,3,19.05,CANCELLED,Cash
O002024,C00817,R0182,2026-01-16,3,39.56,CANCELED,Debit Card
O002025,C00790,R0106,2026-07-19,4,15.95,CANCELED,Debit Card
O002026,C00303,R0074,2026-01-28,1,34.19,CANCELLED,Debit Card
O002027,C00988,R0155,2026-07-15,4,23.71,COMPLETED,Cash
O002028,C01037,R0027,2026-03-24,3,28.17,CANCELED,Credit Card
O002029,C00639,R0120,2026-05-21,1,22.83,CANCELLED,Debit Card
O002030,C00839,R0136,2026-03-24,1,41.14,CANCELED,Cash
O002031,C00206,R0092,2026-06-02,4,28.07,CANCELLED,Digital Wallet
O002032,C00111,R0181,2026-06-01,1,20.74,CANCELED,Credit Card
O002033,C00592,R0019,2026-07-23,5,8.00,DELIVERED,Cash
O002034,C01080,R0059,2026-02-10,2,14.52,CANCELED,Credit Card
O002035,C00172,R0011,2026-05-23,5,30.36,IN PROGRESS,Debit Card
O002036,C01067,R0094,2026-03-07,3,25.19,COMPLETED,Debit Card
O002037,C01154,R0104,2026-04-07,1,40.75,CANCELLED,Digital Wallet
O002038,C00003,R0145,2026-02-16,4,12.66,CANCELLED,Credit Card
O002039,C00211,R0101,2026-05-03,1,25.13,IN PROGRESS,Digital Wallet
O002040,C01138,R0075,2026-04-14,2,32.92,IN PROGRESS,Cash
O002041,C00008,R0165,2026-03-25,1,44.71,CANCELLED,Credit Card
O002042,C00064,R0108,2026-06-25,5,30.81,CANCELLED,Cash
O002043,C00341,R0095,2026-05-30,1,25.99,IN PROGRESS,Credit Card
O002044,C00632,R0195,2026-05-12,2,41.57,CANCELLED,Debit Card
O002045,C00783,R0183,2026-03-04,4,35.76,DELIVERED,Digital Wallet
O002046,C00754,R0104,2026-06-23,2,17.91,CANCELED,Digital Wallet
O002047,C00680,R0010,2026-03-26,1,33.11,CANCELLED,Debit Card
O002048,C00223,R0075,2026-01-07,2,25.28,CANCELED,Digital Wallet
O002049,C00874,R0178,2026-04-13,3,44.47,IN PROGRESS,Credit Card
O002050,C00301,R0172,2026-06-01,5,40.31,DELIVERED,Credit Card
O002051,C00316,R0070,2026-01-30,5,36.43,COMPLETED,Digital Wallet
O002052,C00190,R0021,2026-03-31,1,10.67,CANCELLED,Debit Card
O002053,C00746,R0039,2026-08-01,1,39.82,CANCELED,Digital Wallet
O002054,C00218,R0128,2026-04-15,5,43.67,CANCELLED,Debit Card
O002055,C00365,R0163,2026-04-13,5,35.59,COMPLETED,Cash
O002056,C00659,R0110,2026-03-28,5,8.19,CANCELED,Credit Card
O002057,C00269,R0147,2026-02-17,3,19.53,CANCELLED,Credit Card
O002058,C00563,R0158,2026-02-25,1,28.93,COMPLETED,Cash
O002059,C00158,R0060,2026-01-17,1,27.75,DELIVERED,Digital Wallet
O002060,C00327,R0081,2026-05-07,1,23.46,CANCELED,Debit Card
O002061,C00760,R0084,2026-02-21,3,29.28,CANCELED,Debit Card
O002062,C00260,R0066,2026-06-09,2,33.66,CANCELLED,Debit Card
O002063,C00858,R0136,2026-05-25,5,11.94,CANCELLED,Digital Wallet
O002064,C00277,R0182,2026-01-16,1,13.92,COMPLETED,Credit Card
O002065,C00206,R0074,2026-07-06,3,18.42,CANCELED,Digital Wallet
O002066,C00486,R0104,2026-03-16,5,39.94,CANCELED,Digital Wallet
O002067,C00446,R0089,2026-05-30,4,29.65,CANCELLED,Debit Card
O002068,C00696,R0033,2026-05-19,4,23.12,CANCELED,Debit Card
O002069,C00617,R0160,2026-04-10,4,29.43,DELIVERED,Cash
O002070,C00428,R0072,2026-03-27,1,24.27,DELIVERED,Digital Wallet
O002071,C00953,R0164,2026-08-02,2,26.36,CANCELLED,Debit Card
O002072,C01166,R0172,2026-05-21,4,34.21,IN PROGRESS,Debit Card
O002073,C00721,R0101,2026-04-30,4,40.59,CANCELLED,Digital Wallet
O002074,C00768,R0011,2026-04-10,3,24.05,DELIVERED,Cash
O002075,C00158,R0125,2026-03-30,4,38.62,IN PROGRESS,Digital Wallet
O002076,C00872,R0089,2026-07-06,3,43.62,CANCELLED,Debit Card
O002077,C01090,R0167,2026-03-14,3,35.53,COMPLETED,Credit Card
O002078,C00699,R0069,2026-08-03,3,13.81,DELIVERED,Cash
O002079,C00024,R0177,2026-05-17,5,19.26,DELIVERED,Credit Card
O002080,C00054,R0053,2026-01-05,4,22.81,COMPLETED,Debit Card
O002081,C01116,R0113,2026-08-07,2,13.07,IN PROGRESS,Cash
O002082,C00817,R0082,2026-06-07,4,33.90,CANCELLED,Debit Card
O002083,C00482,R0128,2026-04-08,1,30.33,CANCELLED,Digital Wallet
O002084,C01065,R0077,2026-04-14,4,33.79,COMPLETED,Credit Card
O002085,C00193,R0047,2026-08-08,4,18.51,IN PROGRESS,Debit Card
O002086,C00309,R0023,2026-03-02,3,10.28,DELIVERED,Cash
O002087,C00919,R0064,2026-06-30,3,12.99,COMPLETED,Digital Wallet
O002088,C00363,R0197,2026-06-07,4,23.97,COMPLETED,Digital Wallet
O002089,C00496,R0156,2026-07-28,2,15.11,CANCELED,Cash
O002090,C00678,R0055,2026-07-04,5,42.80,CANCELED,Digital Wallet
O002091,C00756,R0038,2026-03-15,3,19.72,IN PROGRESS,Debit Card
O002092,C00241,R0117,2026-04-09,4,27.04,COMPLETED,Credit Card
O002093,C00549,R0172,2026-03-14,1,43.71,IN PROGRESS,Credit Card
O002094,C00179,R0055,2026-03-10,3,14.68,COMPLETED,Cash
O002095,C00654,R0058,2026-03-17,1,42.38,CANCELED,Cash
O002096,C00625,R0145,2026-03-15,3,10.69,COMPLETED,Credit Card
O002097,C00151,R0177,2026-02-01,3,32.63,CANCELLED,Debit Card
O002098,C00330,R0067,2026-04-05,1,20.90,IN PROGRESS,Debit Card
O002099,C00922,R0116,2026-07-19,4,41.98,CANCELED,Digital Wallet
O002100,C00823,R0109,2026-06-27,1,27.18,DELIVERED,Debit Card
O002101,C00527,R0008,2026-06-19,1,38.74,CANCELLED,Cash
O002102,C01067,R0161,2026-05-08,2,14.81,IN PROGRESS,Digital Wallet
O002103,C00593,R0106,2026-02-01,3,20.21,CANCELLED,Cash
O002104,C00243,R0017,2026-04-13,4,20.10,CANCELED,Cash
O002105,C00691,R0098,2026-04-19,4,9.37,CANCELED,Credit Card
O002106,C00860,R0167,2026-03-28,4,28.31,DELIVERED,Cash
O002107,C00042,R0176,2026-01-18,4,43.83,COMPLETED,Digital Wallet
O002108,C01163,R0156,2026-07-08,1,16.68,DELIVERED,Digital Wallet
O002109,C00096,R0020,2026-04-03,4,35.08,CANCELED,Debit Card
O002110,C00899,R0014,2026-06-28,5,31.64,COMPLETED,Debit Card
O002111,C00649,R0013,2026-04-24,1,21.85,IN PROGRESS,Debit Card
O002112,C00694,R0166,2026-07-22,3,33.97,DELIVERED,Credit Card
O002113,C01149,R0038,2026-07-03,2,24.65,CANCELLED,Credit Card
O002114,C00419,R0130,2026-07-09,5,38.23,CANCELLED,Cash
O002115,C00204,R0005,2026-05-01,1,11.06,DELIVERED,Debit Card
O002116,C00492,R0022,2026-07-12,1,29.35,COMPLETED,Debit Card
O002117,C00097,R0169,2026-05-04,1,16.43,DELIVERED,Debit Card
O002118,C00933,R0136,2026-06-19,3,36.02,CANCELLED,Debit Card
O002119,C00779,R0070,2026-02-27,2,40.03,COMPLETED,Cash
O002120,C00184,R0063,2026-07-25,3,13.14,IN PROGRESS,Digital Wallet
O002121,C00526,R0044,2026-03-08,5,16.84,CANCELED,Cash
O002122,C00040,R0024,2026-05-26,5,17.64,IN PROGRESS,Credit Card
O002123,C00057,R0097,2026-05-06,4,26.23,CANCELLED,Digital Wallet
O002124,C00770,R0028,2026-03-31,5,40.21,CANCELLED,Digital Wallet
O002125,C00684,R0047,2026-01-18,4,18.30,CANCELLED,Cash
O002126,C01038,R0093,2026-05-26,3,22.80,COMPLETED,Cash
O002127,C00987,R0178,2026-05-21,4,37.47,COMPLETED,Debit Card
O002128,C01097,R0185,2026-05-07,3,19.69,IN PROGRESS,Digital Wallet
O002129,C00587,R0019,2026-03-30,2,30.23,CANCELED,Debit Card
O002130,C00452,R0100,2026-05-05,5,35.37,CANCELED,Credit Card
O002131,C00343,R0161,2026-02-16,4,20.80,IN PROGRESS,Credit Card
O002132,C00780,R0138,2026-04-06,3,11.20,IN PROGRESS,Cash
O002133,C00279,R0049,2026-04-04,4,8.19,IN PROGRESS,Digital Wallet
O002134,C01144,R0010,2026-01-03,4,19.29,CANCELLED,Cash
O002135,C01165,R0099,2026-02-26,1,15.51,IN PROGRESS,Debit Card
O002136,C00792,R0099,2026-02-07,4,11.02,CANCELED,Credit Card
O002137,C00750,R0140,2026-01-01,2,42.55,COMPLETED,Credit Card
O002138,C01140,R0059,2026-04-08,3,41.92,COMPLETED,Credit Card
O002139,C00858,R0095,2026-01-20,2,15.52,CANCELLED,Digital Wallet
O002140,C01110,R0009,2026-01-04,4,20.54,COMPLETED,Cash
O002141,C01099,R0094,2026-02-27,5,36.87,CANCELED,Debit Card
O002142,C00502,R0196,2026-03-21,3,33.72,CANCELLED,Credit Card
O002143,C00746,R0123,2026-02-18,1,18.32,COMPLETED,Cash
O002144,C00847,R0074,2026-07-14,2,10.88,COMPLETED,Digital Wallet
O002145,C00942,R0142,2026-04-30,4,17.30,IN PROGRESS,Debit Card
O002146,C00697,R0186,2026-03-13,1,9.16,COMPLETED,Cash
O002147,C00425,R0046,2026-07-01,3,12.78,COMPLETED,Digital Wallet
O002148,C00056,R0139,2026-03-18,1,20.65,DELIVERED,Credit Card
O002149,C00143,R0133,2026-06-19,3,22.08,IN PROGRESS,Credit Card
O002150,C00157,R0034,2026-03-25,4,42.63,IN PROGRESS,Debit Card
O002151,C00104,R0032,2026-02-17,2,30.29,CANCELLED,Cash
O002152,C00062,R0171,2026-05-20,4,10.94,DELIVERED,Digital Wallet
O002153,C01191,R0153,2026-01-08,1,28.28,IN PROGRESS,Digital Wallet
O002154,C00271,R0046,2026-06-06,3,13.31,IN PROGRESS,Credit Card
O002155,C00623,R0184,2026-03-17,5,8.32,CANCELED,Credit Card
O002156,C00468,R0068,2026-01-24,2,30.14,CANCELLED,Credit Card
O002157,C01129,R0060,2026-02-24,1,22.26,DELIVERED,Cash
O002158,C01013,R0077,2026-02-19,2,34.09,IN PROGRESS,Credit Card
O002159,C00619,R0091,2026-08-02,1,10.43,DELIVERED,Cash
O002160,C00248,R0108,2026-04-25,2,41.36,CANCELED,Digital Wallet
O002161,C00677,R0136,2026-01-29,2,31.13,IN PROGRESS,Debit Card
O002162,C00448,R0004,2026-06-28,4,35.77,CANCELLED,Debit Card
O002163,C01159,R0075,2026-03-19,3,8.98,CANCELLED,Debit Card
O002164,C00781,R0175,2026-07-09,5,25.18,DELIVERED,Digital Wallet
O002165,C00284,R0143,2026-03-15,3,11.49,CANCELED,Cash
O002166,C00814,R0107,2026-01-27,3,35.35,COMPLETED,Digital Wallet
O002167,C00772,R0168,2026-07-28,5,8.71,CANCELLED,Digital Wallet
O002168,C01020,R0041,2026-04-22,4,20.61,CANCELLED,Credit Card
O002169,C01057,R0088,2026-02-19,3,20.05,CANCELLED,Cash
O002170,C01050,R0065,2026-04-04,5,39.28,DELIVERED,Digital Wallet
O002171,C00974,R0190,2026-06-20,3,15.66,CANCELED,Credit Card
O002172,C01079,R0094,2026-04-25,3,35.93,IN PROGRESS,Digital Wallet
O002173,C00057,R0128,2026-05-28,2,18.61,DELIVERED,Debit Card
O002174,C01196,R0031,2026-04-01,4,27.76,CANCELLED,Digital Wallet
O002175,C00821,R0047,2026-03-19,2,39.88,CANCELED,Credit Card
O002176,C00015,R0127,2026-04-29,3,21.56,CANCELED,Digital Wallet
O002177,C00574,R0180,2026-06-12,4,38.81,COMPLETED,Digital Wallet
O002178,C00540,R0184,2026-07-27,3,15.26,DELIVERED,Debit Card
O002179,C00374,R0004,2026-06-07,5,14.26,CANCELED,Credit Card
O002180,C00833,R0068,2026-08-07,2,41.81,COMPLETED,Credit Card
O002181,C00536,R0023,2026-05-20,1,35.82,DELIVERED,Credit Card
O002182,C00493,R0029,2026-07-29,4,37.87,CANCELLED,Credit Card
O002183,C00278,R0086,2026-06-12,3,32.26,DELIVERED,Digital Wallet
O002184,C00077,R0136,2026-02-25,1,29.73,CANCELLED,Cash
O002185,C00825,R0041,2026-03-18,5,37.48,DELIVERED,Cash
O002186,C00121,R0040,2026-07-19,2,34.57,CANCELED,Credit Card
O002187,C00338,R0123,2026-01-05,3,38.57,CANCELED,Debit Card
O002188,C00741,R0031,2026-04-13,3,36.83,IN PROGRESS,Cash
O002189,C00494,R0138,2026-05-14,5,22.41,CANCELLED,Digital Wallet
O002190,C00849,R0161,2026-05-10,2,19.65,IN PROGRESS,Debit Card
O002191,C00070,R0152,2026-07-14,4,31.38,COMPLETED,Debit Card
O002192,C00224,R0022,2026-03-06,1,28.50,DELIVERED,Cash
O002193,C01143,R0001,2026-04-10,5,15.21,IN PROGRESS,Credit Card
O002194,C00689,R0145,2026-01-30,1,38.42,DELIVERED,Credit Card
O002195,C00483,R0103,2026-06-23,1,27.59,COMPLETED,Credit Card
O002196,C00525,R0179,2026-02-01,1,42.42,DELIVERED,Debit Card
O002197,C00608,R0110,2026-04-25,5,30.17,CANCELLED,Digital Wallet
O002198,C01022,R0088,2026-04-11,2,28.10,DELIVERED,Cash
O002199,C00615,R0082,2026-04-10,5,40.04,IN PROGRESS,Credit Card
O002200,C00838,R0022,2026-06-15,2,39.82,DELIVERED,Debit Card
O002201,C00954,R0054,2026-01-24,3,16.17,CANCELED,Credit Card
O002202,C00073,R0093,2026-02-01,2,40.68,COMPLETED,Credit Card
O002203,C00917,R0140,2026-07-17,3,22.75,IN PROGRESS,Debit Card
O002204,C00163,R0155,2026-03-15,3,11.60,DELIVERED,Credit Card
O002205,C00975,R0059,2026-05-10,4,18.86,CANCELLED,Debit Card
O002206,C00430,R0179,2026-04-30,1,15.39,DELIVERED,Debit Card
O002207,C01119,R0147,2026-03-05,1,9.83,COMPLETED,Cash
O002208,C01104,R0008,2026-06-08,1,26.05,IN PROGRESS,Digital Wallet
O002209,C00964,R0058,2026-06-05,2,16.15,IN PROGRESS,Digital Wallet
O002210,C00433,R0159,2026-03-22,2,38.91,COMPLETED,Credit Card
O002211,C01084,R0152,2026-06-26,2,30.19,CANCELLED,Credit Card
O002212,C00030,R0087,2026-03-18,3,15.44,CANCELLED,Credit Card
O002213,C00184,R0005,2026-06-10,1,12.05,IN PROGRESS,Debit Card
O002214,C00693,R0157,2026-01-19,1,11.77,IN PROGRESS,Cash
O002215,C00748,R0090,2026-06-01,3,17.81,CANCELLED,Credit Card
O002216,C01104,R0011,2026-05-07,2,14.98,IN PROGRESS,Credit Card
O002217,C01196,R0103,2026-05-15,2,23.34,COMPLETED,Debit Card
O002218,C00796,R0069,2026-01-14,2,39.02,CANCELED,Credit Card
O002219,C00934,R0198,2026-06-27,2,18.48,DELIVERED,Cash
O002220,C01143,R0013,2026-07-18,4,8.77,IN PROGRESS,Cash
O002221,C00801,R0145,2026-03-30,1,44.19,COMPLETED,Digital Wallet
O002222,C00891,R0164,2026-04-12,5,31.91,COMPLETED,Digital Wallet
O002223,C00056,R0168,2026-02-15,2,31.23,DELIVERED,Credit Card
O002224,C00547,R0068,2026-01-04,1,32.35,COMPLETED,Cash
O002225,C00568,R0160,2026-07-30,3,43.00,COMPLETED,Credit Card
O002226,C00521,R0137,2026-04-30,1,41.68,CANCELED,Digital Wallet
O002227,C00936,R0192,2026-02-04,5,41.34,DELIVERED,Cash
O002228,C00842,R0025,2026-05-01,3,24.06,DELIVERED,Digital Wallet
O002229,C00902,R0077,2026-03-06,3,35.92,CANCELED,Cash
O002230,C00877,R0136,2026-01-10,1,9.73,IN PROGRESS,Cash
O002231,C00936,R0126,2026-01-13,1,21.55,DELIVERED,Debit Card
O002232,C00111,R0022,2026-04-10,4,21.80,COMPLETED,Credit Card
O002233,C00842,R0176,2026-03-12,3,44.79,CANCELLED,Cash
O002234,C00600,R0133,2026-06-18,1,25.11,CANCELED,Debit Card
O002235,C00838,R0020,2026-02-21,2,44.47,CANCELED,Digital Wallet
O002236,C00188,R0111,2026-06-03,1,28.43,CANCELED,Credit Card
O002237,C00339,R0022,2026-03-31,5,41.66,CANCELED,Debit Card
O002238,C00652,R0094,2026-04-16,2,43.59,COMPLETED,Debit Card
O002239,C00697,R0176,2026-03-10,3,15.56,DELIVERED,Debit Card
O002240,C00890,R0141,2026-01-09,3,37.84,COMPLETED,Cash
O002241,C00604,R0157,2026-07-13,1,15.22,CANCELED,Cash
O002242,C00435,R0120,2026-05-04,4,18.16,DELIVERED,Cash
O002243,C00078,R0009,2026-03-19,1,26.41,DELIVERED,Credit Card
O002244,C00358,R0090,2026-07-31,3,42.75,COMPLETED,Cash
O002245,C00166,R0166,2026-03-07,5,24.66,COMPLETED,Cash
O002246,C00609,R0008,2026-05-02,5,39.71,CANCELED,Debit Card
O002247,C00218,R0067,2026-04-11,5,23.53,IN PROGRESS,Credit Card
O002248,C00406,R0063,2026-03-11,1,31.29,DELIVERED,Debit Card
O002249,C00115,R0053,2026-06-11,5,23.89,COMPLETED,Credit Card
O002250,C01079,R0152,2026-06-02,2,40.18,CANCELLED,Debit Card
O002251,C00312,R0114,2026-01-30,1,10.19,CANCELLED,Debit Card
O002252,C00318,R0166,2026-01-23,3,8.78,DELIVERED,Cash
O002253,C00188,R0200,2026-03-09,4,15.57,IN PROGRESS,Debit Card
O002254,C00194,R0008,2026-06-30,1,36.74,DELIVERED,Cash
O002255,C01152,R0082,2026-04-20,2,19.78,CANCELLED,Credit Card
O002256,C00093,R0158,2026-07-22,5,31.70,CANCELLED,Credit Card
O002257,C00513,R0002,2026-06-10,1,35.81,IN PROGRESS,Digital Wallet
O002258,C00459,R0045,2026-05-14,1,39.43,DELIVERED,Credit Card
O002259,C00558,R0099,2026-06-10,2,40.82,CANCELED,Digital Wallet
O002260,C00968,R0113,2026-06-04,4,9.85,COMPLETED,Debit Card
O002261,C00347,R0148,2026-07-13,3,12.64,CANCELED,Digital Wallet
O002262,C01183,R0052,2026-07-14,4,14.56,CANCELLED,Debit Card
O002263,C00672,R0125,2026-04-23,1,20.40,DELIVERED,Digital Wallet
O002264,C00460,R0103,2026-03-24,2,27.17,CANCELED,Cash
O002265,C00106,R0045,2026-04-27,5,10.14,DELIVERED,Digital Wallet
O002266,C00366,R0076,2026-07-29,3,20.61,CANCELLED,Digital Wallet
O002267,C01122,R0022,2026-05-11,2,15.49,CANCELLED,Digital Wallet
O002268,C00563,R0190,2026-05-11,1,31.84,DELIVERED,Digital Wallet
O002269,C00257,R0151,2026-07-13,1,37.30,DELIVERED,Credit Card
O002270,C00972,R0164,2026-03-10,4,10.30,CANCELLED,Debit Card
O002271,C00672,R0012,2026-05-18,1,12.62,COMPLETED,Debit Card
O002272,C00448,R0041,2026-04-10,1,20.59,CANCELLED,Debit Card
O002273,C00751,R0102,2026-08-01,5,39.71,CANCELLED,Credit Card
O002274,C00158,R0055,2026-02-25,2,25.61,DELIVERED,Digital Wallet
O002275,C00875,R0006,2026-06-19,1,29.17,COMPLETED,Cash
O002276,C00495,R0163,2026-01-13,3,30.84,DELIVERED,Credit Card
O002277,C00281,R0013,2026-02-27,1,19.10,CANCELED,Digital Wallet
O002278,C00784,R0034,2026-04-25,1,38.81,IN PROGRESS,Digital Wallet
O002279,C00102,R0025,2026-03-13,3,36.78,COMPLETED,Credit Card
O002280,C00974,R0136,2026-03-29,5,11.95,COMPLETED,Credit Card
O002281,C00330,R0106,2026-03-26,2,22.11,CANCELED,Credit Card
O002282,C01154,R0064,2026-08-06,3,19.28,CANCELLED,Cash
O002283,C00330,R0052,2026-06-23,2,36.85,COMPLETED,Cash
O002284,C01149,R0138,2026-05-05,2,20.35,COMPLETED,Digital Wallet
O002285,C00658,R0039,2026-04-14,5,34.21,CANCELLED,Credit Card
O002286,C00883,R0105,2026-02-19,3,34.95,CANCELED,Digital Wallet
O002287,C00357,R0139,2026-04-09,3,25.76,CANCELED,Cash
O002288,C00493,R0147,2026-03-13,1,40.66,IN PROGRESS,Credit Card
O002289,C00042,R0046,2026-01-18,4,35.02,CANCELLED,Debit Card
O002290,C00329,R0011,2026-01-30,1,26.44,DELIVERED,Credit Card
O002291,C00725,R0018,2026-01-05,5,11.97,CANCELED,Cash
O002292,C00119,R0103,2026-01-18,5,10.04,DELIVERED,Debit Card
O002293,C00773,R0156,2026-03-08,2,42.04,IN PROGRESS,Debit Card
O002294,C01196,R0136,2026-02-11,1,10.60,COMPLETED,Credit Card
O002295,C00754,R0001,2026-02-15,4,34.44,DELIVERED,Cash
O002296,C01095,R0092,2026-03-13,3,26.18,COMPLETED,Digital Wallet
O002297,C00588,R0006,2026-02-16,5,14.56,CANCELED,Credit Card
O002298,C01175,R0146,2026-01-27,2,30.76,COMPLETED,Credit Card
O002299,C01088,R0017,2026-08-07,3,19.07,IN PROGRESS,Debit Card
O002300,C00462,R0103,2026-05-07,2,26.08,IN PROGRESS,Digital Wallet
O002301,C00282,R0059,2026-08-09,5,29.44,DELIVERED,Debit Card
O002302,C00114,R0110,2026-01-31,5,16.97,IN PROGRESS,Cash
O002303,C00134,R0103,2026-02-24,1,33.95,IN PROGRESS,Debit Card
O002304,C00215,R0055,2026-02-07,4,41.95,CANCELED,Digital Wallet
O002305,C00792,R0176,2026-04-12,1,13.99,CANCELLED,Debit Card
O002306,C00534,R0157,2026-05-30,3,37.86,DELIVERED,Debit Card
O002307,C00553,R0036,2026-03-20,4,27.29,COMPLETED,Cash
O002308,C00171,R0041,2026-06-07,4,21.02,CANCELED,Debit Card
O002309,C00810,R0060,2026-04-25,2,12.24,COMPLETED,Credit Card
O002310,C00622,R0058,2026-06-24,5,35.20,CANCELED,Credit Card
O002311,C00381,R0088,2026-04-04,5,14.01,CANCELLED,Cash
O002312,C00746,R0032,2026-06-18,3,22.41,CANCELED,Debit Card
O002313,C00859,R0189,2026-05-28,3,44.48,CANCELLED,Credit Card
O002314,C00166,R0047,2026-01-09,1,9.74,IN PROGRESS,Cash
O002315,C01142,R0108,2026-02-01,4,13.00,DELIVERED,Credit Card
O002316,C00968,R0041,2026-06-23,1,18.51,IN PROGRESS,Credit Card
O002317,C00672,R0194,2026-05-13,3,17.12,CANCELED,Cash
O002318,C00644,R0188,2026-07-15,1,31.61,DELIVERED,Debit Card
O002319,C00986,R0114,2026-01-15,4,35.63,COMPLETED,Credit Card
O002320,C01143,R0198,2026-03-12,2,33.93,IN PROGRESS,Debit Card
O002321,C00484,R0154,2026-03-22,5,24.62,COMPLETED,Digital Wallet
O002322,C00206,R0070,2026-02-27,4,32.57,CANCELLED,Digital Wallet
O002323,C00593,R0173,2026-02-16,2,36.07,IN PROGRESS,Debit Card
O002324,C00516,R0191,2026-06-25,2,10.68,CANCELLED,Cash
O002325,C00893,R0145,2026-01-09,2,37.59,DELIVERED,Digital Wallet
O002326,C00672,R0123,2026-04-01,5,18.15,CANCELED,Cash
O002327,C01142,R0018,2026-06-27,5,18.08,COMPLETED,Cash
O002328,C00812,R0037,2026-06-05,3,40.02,CANCELED,Credit Card
O002329,C00225,R0134,2026-02-02,4,29.14,DELIVERED,Cash
O002330,C00346,R0189,2026-05-15,2,40.25,DELIVERED,Debit Card
O002331,C00627,R0121,2026-06-22,2,40.70,CANCELLED,Debit Card
O002332,C00377,R0111,2026-04-18,3,32.41,DELIVERED,Cash
O002333,C00745,R0045,2026-06-22,2,43.98,IN PROGRESS,Digital Wallet
O002334,C00584,R0083,2026-02-05,2,19.50,DELIVERED,Debit Card
O002335,C00334,R0039,2026-05-13,4,12.24,CANCELED,Credit Card
O002336,C00989,R0032,2026-07-06,5,19.58,COMPLETED,Credit Card
O002337,C00630,R0071,2026-05-31,3,28.10,IN PROGRESS,Cash
O002338,C00118,R0153,2026-03-20,2,35.09,IN PROGRESS,Credit Card
O002339,C00143,R0118,2026-01-31,5,23.27,CANCELLED,Digital Wallet
O002340,C00702,R0157,2026-01-16,5,14.40,IN PROGRESS,Credit Card
O002341,C01128,R0054,2026-04-16,2,8.71,CANCELLED,Credit Card
O002342,C00437,R0160,2026-01-12,4,11.49,DELIVERED,Debit Card
O002343,C01008,R0005,2026-07-05,3,18.40,CANCELLED,Digital Wallet
O002344,C00517,R0145,2026-07-23,5,9.57,COMPLETED,Digital Wallet
O002345,C00580,R0104,2026-06-21,2,42.44,COMPLETED,Cash
O002346,C01104,R0006,2026-01-12,2,27.93,DELIVERED,Digital Wallet
O002347,C00849,R0110,2026-06-29,2,15.20,DELIVERED,Debit Card
O002348,C00059,R0057,2026-08-03,1,25.32,CANCELLED,Debit Card
O002349,C00628,R0148,2026-03-27,5,35.11,DELIVERED,Debit Card
O002350,C00406,R0051,2026-04-08,5,40.89,CANCELED,Credit Card
O002351,C00271,R0027,2026-05-17,5,18.75,DELIVERED,Credit Card
O002352,C00226,R0039,2026-07-04,2,31.63,IN PROGRESS,Debit Card
O002353,C00264,R0102,2026-07-15,4,24.47,COMPLETED,Digital Wallet
O002354,C00531,R0071,2026-07-12,2,42.84,CANCELLED,Credit Card
O002355,C00176,R0105,2026-04-08,2,23.80,COMPLETED,Cash
O002356,C00213,R0190,2026-02-23,3,21.30,IN PROGRESS,Credit Card
O002357,C00213,R0139,2026-03-11,3,25.58,DELIVERED,Digital Wallet
O002358,C00972,R0035,2026-05-23,1,23.82,DELIVERED,Credit Card
O002359,C00206,R0021,2026-03-25,4,8.25,CANCELLED,Debit Card
O002360,C00430,R0183,2026-07-10,3,33.33,CANCELED,Debit Card
O002361,C01029,R0015,2026-02-10,2,37.25,COMPLETED,Digital Wallet
O002362,C00086,R0132,2026-01-13,5,19.27,CANCELED,Debit Card
O002363,C00583,R0120,2026-05-29,3,36.63,IN PROGRESS,Cash
O002364,C00544,R0160,2026-08-03,2,29.90,DELIVERED,Digital Wallet
O002365,C00488,R0193,2026-03-10,1,33.28,COMPLETED,Debit Card
O002366,C01181,R0001,2026-02-22,4,14.84,COMPLETED,Digital Wallet
O002367,C00472,R0197,2026-04-10,3,12.65,IN PROGRESS,Digital Wallet
O002368,C00403,R0160,2026-07-19,5,33.38,CANCELLED,Credit Card
O002369,C00644,R0033,2026-01-06,5,30.27,IN PROGRESS,Credit Card
O002370,C01069,R0133,2026-03-25,4,11.64,DELIVERED,Credit Card
O002371,C01084,R0164,2026-05-14,4,38.34,COMPLETED,Credit Card
O002372,C00977,R0036,2026-08-05,4,31.52,DELIVERED,Cash
O002373,C00446,R0082,2026-04-26,3,10.67,DELIVERED,Credit Card
O002374,C01022,R0145,2026-06-05,3,33.37,DELIVERED,Credit Card
O002375,C00040,R0124,2026-07-05,1,23.99,DELIVERED,Digital Wallet
O002376,C00446,R0049,2026-01-10,3,30.04,IN PROGRESS,Debit Card
O002377,C00882,R0098,2026-02-07,4,28.46,IN PROGRESS,Credit Card
O002378,C00225,R0131,2026-04-17,1,37.13,DELIVERED,Cash
O002379,C00215,R0076,2026-03-30,4,12.28,CANCELLED,Cash
O002380,C00217,R0074,2026-06-06,1,12.79,COMPLETED,Cash
O002381,C00130,R0032,2026-07-13,5,13.34,CANCELED,Debit Card
O002382,C00726,R0178,2026-06-04,4,26.46,DELIVERED,Cash
O002383,C00174,R0066,2026-06-28,5,24.19,CANCELLED,Digital Wallet
O002384,C01111,R0008,2026-02-25,1,22.76,DELIVERED,Credit Card
O002385,C00767,R0040,2026-03-12,5,36.02,CANCELLED,Digital Wallet
O002386,C00462,R0198,2026-06-29,4,10.71,COMPLETED,Credit Card
O002387,C00775,R0178,2026-07-09,4,29.10,DELIVERED,Cash
O002388,C00126,R0081,2026-02-19,3,19.91,DELIVERED,Credit Card
O002389,C00914,R0072,2026-02-09,5,16.59,CANCELED,Cash
O002390,C01047,R0158,2026-05-15,3,32.67,DELIVERED,Cash
O002391,C00011,R0102,2026-03-26,5,31.46,IN PROGRESS,Credit Card
O002392,C00890,R0111,2026-07-22,3,32.35,COMPLETED,Digital Wallet
O002393,C00631,R0048,2026-06-30,1,9.57,CANCELLED,Debit Card
O002394,C00373,R0038,2026-03-10,3,22.65,CANCELLED,Debit Card
O002395,C00106,R0133,2026-08-04,2,23.46,DELIVERED,Cash
O002396,C00940,R0151,2026-03-05,2,44.22,CANCELED,Debit Card
O002397,C00922,R0162,2026-06-17,5,21.84,IN PROGRESS,Credit Card
O002398,C00587,R0019,2026-02-12,2,9.29,COMPLETED,Digital Wallet
O002399,C00502,R0124,2026-05-29,2,26.27,CANCELED,Debit Card
O002400,C00040,R0155,2026-02-19,5,16.46,CANCELLED,Cash
O002401,C00010,R0022,2026-03-23,5,37.62,IN PROGRESS,Debit Card
O002402,C00994,R0194,2026-04-15,1,15.25,CANCELED,Cash
O002403,C00662,R0012,2026-07-26,2,30.37,CANCELLED,Digital Wallet
O002404,C00043,R0148,2026-01-02,1,30.29,DELIVERED,Debit Card
O002405,C00185,R0093,2026-06-26,4,9.11,CANCELLED,Credit Card
O002406,C00279,R0161,2026-01-02,3,42.92,COMPLETED,Credit Card
O002407,C00891,R0171,2026-03-03,5,36.20,CANCELED,Credit Card
O002408,C01119,R0014,2026-02-14,3,19.88,CANCELED,Debit Card
O002409,C00828,R0105,2026-02-12,1,12.31,CANCELED,Cash
O002410,C01146,R0037,2026-05-13,3,24.31,CANCELLED,Debit Card
O002411,C00007,R0018,2026-08-07,3,32.96,IN PROGRESS,Credit Card
O002412,C00589,R0020,2026-06-26,4,19.40,COMPLETED,Debit Card
O002413,C00375,R0022,2026-01-08,5,13.67,COMPLETED,Debit Card
O002414,C00326,R0033,2026-05-08,2,39.35,DELIVERED,Digital Wallet
O002415,C00652,R0084,2026-06-12,1,30.85,IN PROGRESS,Cash
O002416,C00228,R0119,2026-01-12,2,34.25,CANCELLED,Credit Card
O002417,C00147,R0181,2026-01-27,1,17.10,IN PROGRESS,Cash
O002418,C00352,R0142,2026-03-10,2,34.24,COMPLETED,Debit Card
O002419,C01124,R0053,2026-04-20,5,19.68,COMPLETED,Digital Wallet
O002420,C00064,R0116,2026-01-25,2,14.86,CANCELLED,Credit Card
O002421,C00706,R0045,2026-03-17,5,40.87,CANCELLED,Debit Card
O002422,C00795,R0135,2026-03-12,5,8.45,CANCELED,Credit Card
O002423,C01193,R0051,2026-02-01,4,13.59,CANCELLED,Digital Wallet
O002424,C00068,R0077,2026-02-16,3,29.14,IN PROGRESS,Credit Card
O002425,C00371,R0035,2026-04-12,2,38.33,DELIVERED,Credit Card
O002426,C00360,R0162,2026-07-27,3,25.57,DELIVERED,Credit Card
O002427,C01075,R0188,2026-04-19,5,29.66,IN PROGRESS,Credit Card
O002428,C00491,R0011,2026-06-30,1,29.97,CANCELLED,Cash
O002429,C00414,R0090,2026-07-03,4,21.88,CANCELED,Cash
O002430,C00686,R0052,2026-05-02,4,22.84,DELIVERED,Digital Wallet
O002431,C00525,R0059,2026-06-08,1,27.94,DELIVERED,Digital Wallet
O002432,C00312,R0069,2026-02-24,4,23.66,COMPLETED,Debit Card
O002433,C00164,R0156,2026-05-21,2,22.48,CANCELED,Digital Wallet
O002434,C00261,R0138,2026-02-21,3,11.59,CANCELED,Digital Wallet
O002435,C00875,R0109,2026-04-19,1,29.17,COMPLETED,Credit Card
O002436,C00853,R0063,2026-03-16,4,24.97,IN PROGRESS,Digital Wallet
O002437,C00478,R0052,2026-03-02,4,38.64,CANCELLED,Debit Card
O002438,C00801,R0197,2026-01-15,3,42.61,CANCELLED,Debit Card
O002439,C00840,R0103,2026-07-13,5,14.17,CANCELED,Cash
O002440,C01092,R0026,2026-06-01,1,25.14,COMPLETED,Credit Card
O002441,C01194,R0078,2026-05-25,5,22.35,COMPLETED,Debit Card
O002442,C00779,R0156,2026-02-27,5,26.59,CANCELED,Cash
O002443,C01193,R0148,2026-07-06,4,31.16,IN PROGRESS,Credit Card
O002444,C00588,R0111,2026-05-31,5,21.17,CANCELED,Credit Card
O002445,C00582,R0026,2026-03-27,5,37.40,DELIVERED,Digital Wallet
O002446,C00030,R0006,2026-08-08,3,40.01,CANCELED,Credit Card
O002447,C00409,R0046,2026-02-28,2,40.56,IN PROGRESS,Digital Wallet
O002448,C00464,R0191,2026-05-30,3,37.61,IN PROGRESS,Credit Card
O002449,C00121,R0156,2026-03-06,5,33.75,COMPLETED,Cash
O002450,C00695,R0120,2026-01-11,2,16.96,COMPLETED,Cash
O002451,C01089,R0099,2026-06-25,4,37.22,CANCELED,Debit Card
O002452,C00558,R0006,2026-04-18,5,40.65,CANCELED,Cash
O002453,C00846,R0139,2026-01-27,5,42.70,COMPLETED,Debit Card
O002454,C00219,R0144,2026-06-28,5,38.49,DELIVERED,Credit Card
O002455,C00286,R0082,2026-01-12,3,35.21,CANCELLED,Debit Card
O002456,C00712,R0110,2026-02-27,1,33.56,CANCELLED,Digital Wallet
O002457,C01008,R0004,2026-05-06,2,37.24,IN PROGRESS,Credit Card
O002458,C00661,R0172,2026-02-25,3,11.10,DELIVERED,Cash
O002459,C00834,R0020,2026-07-05,5,15.50,IN PROGRESS,Digital Wallet
O002460,C00110,R0013,2026-07-17,1,37.94,CANCELED,Digital Wallet
O002461,C01189,R0027,2026-01-27,4,43.33,DELIVERED,Digital Wallet
O002462,C00994,R0140,2026-01-29,2,27.47,DELIVERED,Digital Wallet
O002463,C00798,R0124,2026-02-02,3,17.19,IN PROGRESS,Credit Card
O002464,C00442,R0074,2026-01-02,4,38.73,CANCELLED,Debit Card
O002465,C00544,R0053,2026-05-01,5,31.03,CANCELLED,Debit Card
O002466,C00278,R0183,2026-02-26,4,27.26,DELIVERED,Credit Card
O002467,C00482,R0180,2026-06-29,2,25.09,COMPLETED,Digital Wallet
O002468,C00736,R0060,2026-03-15,4,35.30,CANCELED,Debit Card
O002469,C01116,R0024,2026-07-16,5,42.91,DELIVERED,Digital Wallet
O002470,C00224,R0131,2026-06-24,4,21.43,DELIVERED,Credit Card
O002471,C00556,R0149,2026-05-10,4,26.56,CANCELED,Cash
O002472,C00347,R0096,2026-05-08,2,34.49,DELIVERED,Credit Card
O002473,C00594,R0070,2026-07-03,3,23.12,CANCELED,Cash
O002474,C00243,R0115,2026-04-23,1,12.75,CANCELLED,Debit Card
O002475,C00160,R0125,2026-03-11,3,20.77,CANCELLED,Cash
O002476,C00756,R0023,2026-05-03,5,12.04,IN PROGRESS,Debit Card
O002477,C00706,R0013,2026-06-29,3,12.24,COMPLETED,Credit Card
O002478,C00710,R0053,2026-02-14,1,28.44,CANCELLED,Digital Wallet
O002479,C01171,R0026,2026-01-13,2,23.83,CANCELLED,Debit Card
O002480,C00381,R0153,2026-02-08,5,19.82,COMPLETED,Digital Wallet
O002481,C00669,R0131,2026-04-18,4,24.73,CANCELED,Debit Card
O002482,C00147,R0006,2026-07-07,4,35.75,DELIVERED,Cash
O002483,C00831,R0115,2026-06-16,3,37.06,IN PROGRESS,Digital Wallet
O002484,C00266,R0086,2026-02-09,5,13.16,CANCELED,Debit Card
O002485,C01052,R0015,2026-02-08,4,27.66,DELIVERED,Debit Card
O002486,C00113,R0096,2026-04-10,5,17.01,DELIVERED,Debit Card
O002487,C00760,R0103,2026-01-25,2,27.05,DELIVERED,Digital Wallet
O002488,C00161,R0027,2026-07-30,1,43.69,IN PROGRESS,Credit Card
O002489,C00749,R0145,2026-02-13,1,41.33,CANCELLED,Digital Wallet
O002490,C00884,R0116,2026-03-09,5,27.62,CANCELLED,Digital Wallet
O002491,C00181,R0002,2026-05-27,1,9.28,DELIVERED,Digital Wallet
O002492,C01040,R0037,2026-01-16,3,27.09,COMPLETED,Digital Wallet
O002493,C00882,R0023,2026-04-03,2,14.05,CANCELLED,Debit Card
O002494,C00318,R0083,2026-04-04,1,41.76,COMPLETED,Cash
O002495,C01128,R0186,2026-05-14,5,29.17,IN PROGRESS,Cash
O002496,C00301,R0094,2026-01-17,4,10.64,COMPLETED,Debit Card
O002497,C00446,R0128,2026-04-27,4,9.65,COMPLETED,Cash
O002498,C00059,R0119,2026-02-19,4,13.59,CANCELLED,Credit Card
O002499,C00498,R0003,2026-05-03,2,13.17,IN PROGRESS,Digital Wallet
O002500,C00989,R0124,2026-04-20,5,37.77,CANCELED,Digital Wallet
O002501,C00790,R0200,2026-02-28,4,14.78,IN PROGRESS,Digital Wallet
O002502,C00388,R0071,2026-02-10,1,43.49,CANCELED,Cash
O002503,C00409,R0196,2026-04-09,2,26.77,DELIVERED,Digital Wallet
O002504,C01038,R0177,2026-04-17,3,28.35,COMPLETED,Cash
O002505,C00612,R0080,2026-01-27,5,14.09,CANCELLED,Debit Card
O002506,C00741,R0041,2026-02-05,1,24.95,CANCELED,Digital Wallet
O002507,C00448,R0170,2026-04-19,2,42.31,CANCELLED,Cash
O002508,C01088,R0088,2026-07-10,1,33.12,DELIVERED,Cash
O002509,C00468,R0097,2026-05-09,1,26.49,IN PROGRESS,Digital Wallet
O002510,C00988,R0071,2026-06-01,3,32.37,IN PROGRESS,Digital Wallet
O002511,C00844,R0033,2026-03-01,2,26.46,DELIVERED,Digital Wallet
O002512,C00051,R0120,2026-03-20,1,16.62,COMPLETED,Cash
O002513,C00064,R0010,2026-01-01,3,32.50,CANCELLED,Cash
O002514,C00145,R0037,2026-01-15,4,20.25,IN PROGRESS,Cash
O002515,C01167,R0102,2026-02-28,4,27.74,DELIVERED,Debit Card
O002516,C00955,R0195,2026-03-12,1,44.56,DELIVERED,Cash
O002517,C00989,R0034,2026-03-05,2,44.27,CANCELLED,Credit Card
O002518,C01080,R0105,2026-02-10,4,29.20,CANCELLED,Cash
O002519,C00162,R0090,2026-06-19,4,8.51,COMPLETED,Credit Card
O002520,C01025,R0085,2026-05-28,5,10.96,CANCELED,Debit Card
O002521,C00847,R0003,2026-02-17,5,35.15,CANCELED,Credit Card
O002522,C00387,R0176,2026-07-19,3,38.87,CANCELLED,Cash
O002523,C00500,R0054,2026-04-20,2,20.11,CANCELLED,Digital Wallet
O002524,C00093,R0060,2026-03-31,5,33.05,CANCELED,Debit Card
O002525,C00771,R0145,2026-04-10,3,9.19,COMPLETED,Digital Wallet
O002526,C00859,R0186,2026-05-13,5,10.87,COMPLETED,Credit Card
O002527,C00280,R0126,2026-02-04,1,13.09,CANCELLED,Debit Card
O002528,C00395,R0010,2026-06-29,1,13.39,COMPLETED,Digital Wallet
O002529,C01027,R0138,2026-05-05,3,10.12,CANCELLED,Cash
O002530,C00018,R0011,2026-04-14,5,27.02,COMPLETED,Credit Card
O002531,C00155,R0013,2026-06-24,4,44.70,COMPLETED,Cash
O002532,C00845,R0139,2026-07-20,4,32.56,COMPLETED,Cash
O002533,C00476,R0166,2026-03-23,1,26.63,COMPLETED,Credit Card
O002534,C00333,R0056,2026-04-22,5,20.66,COMPLETED,Digital Wallet
O002535,C00750,R0059,2026-04-28,5,28.07,IN PROGRESS,Debit Card
O002536,C00919,R0169,2026-01-20,4,41.04,DELIVERED,Cash
O002537,C00063,R0095,2026-05-22,5,43.18,CANCELED,Debit Card
O002538,C01055,R0032,2026-04-08,2,37.24,CANCELLED,Debit Card
O002539,C00145,R0045,2026-04-02,2,23.38,CANCELED,Cash
O002540,C00652,R0070,2026-07-07,1,10.79,CANCELLED,Cash
O002541,C00606,R0115,2026-03-09,2,32.75,CANCELED,Debit Card
O002542,C00674,R0096,2026-04-04,4,29.52,CANCELED,Cash
O002543,C01159,R0118,2026-04-15,5,44.04,IN PROGRESS,Debit Card
O002544,C00824,R0195,2026-06-04,3,32.26,IN PROGRESS,Credit Card
O002545,C00999,R0036,2026-05-05,2,17.67,COMPLETED,Credit Card
O002546,C00413,R0089,2026-05-26,3,15.46,DELIVERED,Debit Card
O002547,C00300,R0150,2026-01-29,1,15.20,COMPLETED,Credit Card
O002548,C00848,R0047,2026-01-27,4,13.24,CANCELED,Digital Wallet
O002549,C01104,R0071,2026-01-04,5,33.28,COMPLETED,Digital Wallet
O002550,C00840,R0053,2026-01-06,1,32.22,IN PROGRESS,Debit Card
O002551,C01010,R0184,2026-02-25,1,10.94,IN PROGRESS,Credit Card
O002552,C01148,R0180,2026-04-03,4,24.43,CANCELLED,Digital Wallet
O002553,C00830,R0101,2026-01-09,1,35.85,DELIVERED,Digital Wallet
O002554,C00142,R0046,2026-02-14,2,41.68,IN PROGRESS,Digital Wallet
O002555,C00437,R0072,2026-04-27,3,18.51,CANCELED,Digital Wallet
O002556,C00145,R0043,2026-02-25,5,35.33,DELIVERED,Credit Card
O002557,C00023,R0098,2026-02-23,1,39.00,DELIVERED,Credit Card
O002558,C00853,R0050,2026-04-12,1,44.55,DELIVERED,Credit Card
O002559,C00979,R0160,2026-03-12,1,28.74,DELIVERED,Cash
O002560,C00567,R0149,2026-06-27,2,23.07,IN PROGRESS,Cash
O002561,C00074,R0038,2026-07-06,3,43.44,CANCELLED,Debit Card
O002562,C00735,R0057,2026-08-05,4,14.52,COMPLETED,Digital Wallet
O002563,C00627,R0080,2026-03-16,4,9.40,DELIVERED,Cash
O002564,C00608,R0117,2026-05-21,4,23.11,IN PROGRESS,Digital Wallet
O002565,C00235,R0190,2026-04-17,2,35.79,CANCELLED,Debit Card
O002566,C00295,R0046,2026-01-22,3,37.64,CANCELLED,Credit Card
O002567,C01112,R0175,2026-06-10,3,20.96,DELIVERED,Debit Card
O002568,C00285,R0050,2026-07-18,5,42.80,CANCELED,Digital Wallet
O002569,C00624,R0141,2026-07-19,3,10.01,CANCELLED,Digital Wallet
O002570,C00634,R0037,2026-03-27,4,26.50,CANCELLED,Credit Card
O002571,C01024,R0086,2026-04-03,4,38.74,CANCELLED,Credit Card
O002572,C01085,R0149,2026-01-18,2,14.25,CANCELLED,Digital Wallet
O002573,C00754,R0154,2026-06-25,2,43.51,DELIVERED,Debit Card
O002574,C00297,R0155,2026-05-27,2,19.20,COMPLETED,Credit Card
O002575,C00034,R0072,2026-07-09,4,22.51,CANCELED,Credit Card
O002576,C00006,R0127,2026-06-12,2,23.66,CANCELED,Credit Card
O002577,C00259,R0095,2026-07-02,1,30.26,CANCELED,Digital Wallet
O002578,C00611,R0152,2026-05-21,4,39.37,CANCELED,Credit Card
O002579,C00932,R0026,2026-05-11,3,12.23,CANCELLED,Digital Wallet
O002580,C00186,R0105,2026-06-18,1,38.32,DELIVERED,Cash
O002581,C00841,R0006,2026-04-25,3,22.44,DELIVERED,Debit Card
O002582,C00110,R0186,2026-04-19,1,11.91,COMPLETED,Digital Wallet
O002583,C00065,R0044,2026-04-11,1,8.59,IN PROGRESS,Digital Wallet
O002584,C01116,R0047,2026-05-18,2,21.63,COMPLETED,Credit Card
O002585,C01012,R0052,2026-01-15,3,30.49,CANCELED,Digital Wallet
O002586,C00448,R0073,2026-03-10,1,8.31,IN PROGRESS,Digital Wallet
O002587,C00944,R0034,2026-07-06,2,28.82,CANCELED,Cash
O002588,C00675,R0168,2026-01-10,3,35.71,COMPLETED,Debit Card
O002589,C00224,R0040,2026-01-10,3,37.29,CANCELED,Credit Card
O002590,C00837,R0191,2026-01-11,3,22.85,CANCELLED,Credit Card
O002591,C00748,R0028,2026-03-20,5,17.50,COMPLETED,Digital Wallet
O002592,C00218,R0164,2026-02-09,2,27.48,IN PROGRESS,Digital Wallet
O002593,C00838,R0068,2026-01-24,4,43.20,DELIVERED,Debit Card
O002594,C00164,R0037,2026-06-17,5,8.21,COMPLETED,Credit Card
O002595,C01126,R0143,2026-06-01,3,24.17,DELIVERED,Debit Card
O002596,C00573,R0030,2026-03-04,1,41.25,CANCELED,Digital Wallet
O002597,C01147,R0022,2026-01-25,4,16.08,CANCELED,Cash
O002598,C00468,R0155,2026-06-28,4,31.62,CANCELED,Cash
O002599,C00476,R0006,2026-08-04,4,20.72,DELIVERED,Credit Card
O002600,C00433,R0020,2026-03-09,4,22.62,DELIVERED,Digital Wallet
O002601,C00717,R0109,2026-04-21,2,13.22,DELIVERED,Debit Card
O002602,C00856,R0123,2026-07-08,1,42.48,DELIVERED,Cash
O002603,C00614,R0167,2026-05-27,4,13.66,DELIVERED,Debit Card
O002604,C00447,R0060,2026-04-12,5,18.73,DELIVERED,Cash
O002605,C01021,R0185,2026-08-07,3,33.98,COMPLETED,Debit Card
O002606,C00001,R0130,2026-03-13,4,29.71,IN PROGRESS,Digital Wallet
O002607,C00929,R0043,2026-04-24,3,8.45,DELIVERED,Digital Wallet
O002608,C00408,R0128,2026-04-20,1,9.63,IN PROGRESS,Digital Wallet
O002609,C00761,R0088,2026-07-26,5,36.45,DELIVERED,Credit Card
O002610,C00446,R0018,2026-05-03,1,13.57,DELIVERED,Debit Card
O002611,C00820,R0073,2026-05-09,4,27.36,CANCELLED,Cash
O002612,C00558,R0199,2026-07-11,1,23.00,CANCELED,Debit Card
O002613,C00339,R0050,2026-04-20,3,17.06,IN PROGRESS,Debit Card
O002614,C00933,R0052,2026-08-08,4,39.71,DELIVERED,Debit Card
O002615,C00939,R0018,2026-07-29,5,14.44,DELIVERED,Credit Card
O002616,C00995,R0096,2026-05-09,5,13.70,COMPLETED,Debit Card
O002617,C00077,R0168,2026-08-06,4,37.20,IN PROGRESS,Debit Card
O002618,C01135,R0004,2026-08-04,1,9.99,DELIVERED,Digital Wallet
O002619,C00044,R0160,2026-07-22,4,40.36,CANCELLED,Credit Card
O002620,C00025,R0036,2026-07-11,2,36.64,DELIVERED,Digital Wallet
O002621,C00500,R0124,2026-04-07,2,21.19,CANCELED,Credit Card
O002622,C00363,R0149,2026-01-02,5,37.21,DELIVERED,Debit Card
O002623,C00295,R0176,2026-02-24,5,37.58,IN PROGRESS,Cash
O002624,C00903,R0039,2026-01-03,5,19.80,IN PROGRESS,Cash
O002625,C01174,R0001,2026-01-12,3,23.95,DELIVERED,Digital Wallet
O002626,C00426,R0014,2026-02-09,4,40.81,CANCELLED,Credit Card
O002627,C00749,R0143,2026-05-10,4,23.39,COMPLETED,Credit Card
O002628,C00541,R0045,2026-04-17,1,16.43,COMPLETED,Digital Wallet
O002629,C00747,R0090,2026-02-04,1,34.85,DELIVERED,Cash
O002630,C00953,R0023,2026-02-19,4,33.50,COMPLETED,Debit Card
O002631,C01123,R0015,2026-02-12,5,42.19,CANCELLED,Credit Card
O002632,C00515,R0087,2026-05-23,2,19.46,DELIVERED,Cash
O002633,C00637,R0172,2026-03-01,4,10.52,DELIVERED,Digital Wallet
O002634,C00546,R0041,2026-02-15,3,14.50,CANCELLED,Cash
O002635,C00158,R0115,2026-02-12,4,44.41,COMPLETED,Credit Card
O002636,C01034,R0082,2026-03-18,4,16.52,DELIVERED,Credit Card
O002637,C00066,R0017,2026-02-10,2,11.07,CANCELLED,Digital Wallet
O002638,C00458,R0068,2026-03-15,1,27.57,CANCELED,Credit Card
O002639,C00622,R0080,2026-02-18,3,17.67,CANCELLED,Digital Wallet
O002640,C00017,R0055,2026-04-20,1,23.68,DELIVERED,Digital Wallet
O002641,C00531,R0109,2026-04-28,3,26.17,COMPLETED,Debit Card
O002642,C01038,R0034,2026-01-10,2,18.83,CANCELED,Debit Card
O002643,C00878,R0107,2026-07-03,3,10.60,DELIVERED,Credit Card
O002644,C00900,R0081,2026-03-25,4,17.18,DELIVERED,Debit Card
O002645,C00834,R0051,2026-04-26,5,20.80,CANCELLED,Credit Card
O002646,C00722,R0007,2026-05-24,5,25.48,CANCELLED,Credit Card
O002647,C00245,R0148,2026-01-30,2,21.40,IN PROGRESS,Cash
O002648,C00708,R0095,2026-03-21,4,13.25,COMPLETED,Credit Card
O002649,C00570,R0032,2026-03-28,5,11.13,IN PROGRESS,Digital Wallet
O002650,C00905,R0041,2026-02-12,5,19.94,IN PROGRESS,Credit Card
O002651,C00020,R0039,2026-06-19,2,38.51,CANCELED,Credit Card
O002652,C01118,R0052,2026-03-12,2,16.91,COMPLETED,Credit Card
O002653,C01162,R0180,2026-07-04,1,41.10,IN PROGRESS,Credit Card
O002654,C00259,R0140,2026-02-05,3,41.30,CANCELLED,Digital Wallet
O002655,C00904,R0039,2026-04-19,5,36.96,CANCELED,Digital Wallet
O002656,C01017,R0001,2026-03-09,5,34.23,CANCELED,Cash
O002657,C00560,R0029,2026-01-14,3,15.14,DELIVERED,Cash
O002658,C00738,R0073,2026-07-22,2,42.52,DELIVERED,Debit Card
O002659,C00227,R0100,2026-02-09,5,34.90,COMPLETED,Credit Card
O002660,C00177,R0010,2026-02-13,1,8.20,CANCELLED,Credit Card
O002661,C00739,R0126,2026-06-25,3,42.00,CANCELLED,Credit Card
O002662,C00653,R0179,2026-06-02,3,22.53,IN PROGRESS,Credit Card
O002663,C00828,R0125,2026-01-29,4,41.47,DELIVERED,Digital Wallet
O002664,C00507,R0149,2026-05-15,5,37.30,IN PROGRESS,Debit Card
O002665,C00938,R0042,2026-05-21,1,36.49,CANCELED,Cash
O002666,C00975,R0050,2026-04-20,5,22.03,IN PROGRESS,Debit Card
O002667,C00850,R0105,2026-01-31,1,8.90,CANCELLED,Digital Wallet
O002668,C01120,R0137,2026-08-09,5,23.45,CANCELED,Cash
O002669,C00909,R0024,2026-01-11,5,20.87,CANCELLED,Cash
O002670,C01060,R0087,2026-04-08,5,37.23,COMPLETED,Debit Card
O002671,C01129,R0169,2026-02-28,3,38.75,CANCELED,Cash
O002672,C01164,R0114,2026-04-18,4,32.85,CANCELLED,Debit Card
O002673,C00601,R0040,2026-06-17,3,21.42,CANCELED,Digital Wallet
O002674,C00434,R0177,2026-03-24,5,38.04,IN PROGRESS,Digital Wallet
O002675,C01092,R0093,2026-04-30,4,32.93,CANCELLED,Debit Card
O002676,C00777,R0112,2026-05-18,2,20.06,DELIVERED,Debit Card
O002677,C00814,R0093,2026-01-02,3,36.73,CANCELLED,Cash
O002678,C00414,R0136,2026-03-08,5,36.00,COMPLETED,Digital Wallet
O002679,C00808,R0107,2026-05-09,4,41.99,DELIVERED,Debit Card
O002680,C00168,R0012,2026-01-22,1,36.22,IN PROGRESS,Digital Wallet
O002681,C00421,R0120,2026-06-06,1,39.58,CANCELLED,Cash
O002682,C00418,R0114,2026-07-14,3,20.07,IN PROGRESS,Digital Wallet
O002683,C00912,R0076,2026-03-01,1,43.82,CANCELLED,Cash
O002684,C00686,R0018,2026-02-08,4,18.02,DELIVERED,Digital Wallet
O002685,C00955,R0168,2026-04-21,2,43.86,CANCELLED,Credit Card
O002686,C00152,R0143,2026-04-28,5,19.51,COMPLETED,Cash
O002687,C00360,R0068,2026-02-27,2,42.40,CANCELLED,Credit Card
O002688,C01120,R0004,2026-05-14,5,11.42,IN PROGRESS,Debit Card
O002689,C01173,R0047,2026-06-01,2,34.09,CANCELED,Digital Wallet
O002690,C01000,R0128,2026-03-03,3,11.60,CANCELLED,Cash
O002691,C00999,R0165,2026-02-07,4,43.21,CANCELLED,Digital Wallet
O002692,C01001,R0115,2026-01-24,2,15.25,IN PROGRESS,Credit Card
O002693,C00356,R0006,2026-08-05,4,12.57,COMPLETED,Digital Wallet
O002694,C00443,R0077,2026-06-30,3,30.76,CANCELED,Debit Card
O002695,C00406,R0045,2026-07-23,2,38.25,COMPLETED,Credit Card
O002696,C00045,R0097,2026-06-14,5,22.06,CANCELED,Debit Card
O002697,C00808,R0189,2026-02-19,3,18.73,DELIVERED,Debit Card
O002698,C00194,R0002,2026-02-27,4,23.13,CANCELED,Debit Card
O002699,C00111,R0122,2026-01-28,4,23.22,CANCELLED,Debit Card
O002700,C00760,R0179,2026-04-25,3,20.77,CANCELED,Digital Wallet
O002701,C00541,R0189,2026-06-25,2,8.60,COMPLETED,Debit Card
O002702,C00899,R0019,2026-02-02,1,14.14,COMPLETED,Debit Card
O002703,C01126,R0072,2026-03-25,2,42.95,IN PROGRESS,Credit Card
O002704,C01135,R0120,2026-01-16,4,28.12,CANCELED,Digital Wallet
O002705,C00479,R0185,2026-06-11,4,14.17,IN PROGRESS,Digital Wallet
O002706,C00407,R0135,2026-03-21,3,37.22,IN PROGRESS,Credit Card
O002707,C00575,R0121,2026-01-27,2,33.83,COMPLETED,Cash
O002708,C00231,R0005,2026-01-15,3,38.69,CANCELLED,Cash
O002709,C00880,R0156,2026-02-16,1,44.30,DELIVERED,Digital Wallet
O002710,C00756,R0088,2026-01-15,3,17.95,IN PROGRESS,Cash
O002711,C00065,R0196,2026-01-11,1,42.20,CANCELED,Credit Card
O002712,C00935,R0078,2026-04-05,4,29.25,DELIVERED,Digital Wallet
O002713,C00507,R0061,2026-03-10,5,14.76,COMPLETED,Digital Wallet
O002714,C00507,R0101,2026-06-20,2,11.69,DELIVERED,Debit Card
O002715,C00095,R0044,2026-02-11,5,30.59,IN PROGRESS,Debit Card
O002716,C00797,R0099,2026-04-24,3,8.60,COMPLETED,Debit Card
O002717,C01124,R0127,2026-06-15,3,43.43,CANCELED,Credit Card
O002718,C00044,R0004,2026-08-06,5,38.98,CANCELLED,Cash
O002719,C00324,R0178,2026-01-15,1,35.18,CANCELLED,Cash
O002720,C00758,R0022,2026-03-10,1,36.36,COMPLETED,Digital Wallet
O002721,C00894,R0042,2026-02-07,4,21.74,COMPLETED,Debit Card
O002722,C00268,R0045,2026-07-10,1,20.34,CANCELLED,Digital Wallet
O002723,C00508,R0165,2026-02-01,5,40.07,IN PROGRESS,Credit Card
O002724,C00321,R0157,2026-02-19,3,22.29,IN PROGRESS,Debit Card
O002725,C00521,R0115,2026-05-04,2,8.65,IN PROGRESS,Credit Card
O002726,C00568,R0168,2026-02-12,1,42.09,CANCELLED,Credit Card
O002727,C00265,R0094,2026-01-12,5,28.51,CANCELLED,Debit Card
O002728,C00766,R0024,2026-06-09,5,12.50,CANCELED,Digital Wallet
O002729,C01034,R0186,2026-03-15,5,24.74,DELIVERED,Credit Card
O002730,C00041,R0157,2026-02-16,2,10.94,COMPLETED,Cash
O002731,C00300,R0070,2026-04-05,5,43.56,DELIVERED,Credit Card
O002732,C00665,R0061,2026-06-17,5,30.37,DELIVERED,Digital Wallet
O002733,C00598,R0057,2026-07-18,5,43.78,CANCELLED,Digital Wallet
O002734,C00549,R0167,2026-07-19,5,39.57,IN PROGRESS,Credit Card
O002735,C00186,R0096,2026-07-24,4,32.63,CANCELED,Cash
O002736,C01152,R0054,2026-04-07,1,14.94,CANCELED,Credit Card
O002737,C01168,R0124,2026-06-29,2,20.98,COMPLETED,Cash
O002738,C00978,R0122,2026-06-24,3,43.03,CANCELLED,Cash
O002739,C00407,R0058,2026-06-10,2,12.67,CANCELED,Debit Card
O002740,C00993,R0023,2026-05-22,3,30.88,COMPLETED,Credit Card
O002741,C00863,R0027,2026-01-01,5,37.81,IN PROGRESS,Cash
O002742,C01065,R0151,2026-03-14,1,13.29,CANCELED,Debit Card
O002743,C00495,R0088,2026-05-13,4,38.72,CANCELLED,Credit Card
O002744,C00494,R0151,2026-02-21,2,28.70,CANCELLED,Debit Card
O002745,C00327,R0009,2026-05-03,3,37.82,DELIVERED,Digital Wallet
O002746,C00761,R0130,2026-05-14,5,40.03,COMPLETED,Credit Card
O002747,C00997,R0086,2026-01-28,1,34.72,CANCELED,Credit Card
O002748,C00331,R0132,2026-05-11,4,40.52,CANCELED,Digital Wallet
O002749,C00796,R0151,2026-07-15,2,20.21,IN PROGRESS,Credit Card
O002750,C00244,R0014,2026-04-10,2,36.53,DELIVERED,Credit Card
O002751,C00724,R0064,2026-01-04,4,37.14,CANCELED,Cash
O002752,C00157,R0110,2026-04-14,1,31.37,COMPLETED,Digital Wallet
O002753,C00793,R0023,2026-01-08,4,38.01,COMPLETED,Digital Wallet
O002754,C01029,R0102,2026-07-22,3,23.95,COMPLETED,Cash
O002755,C01173,R0034,2026-02-18,3,32.06,DELIVERED,Debit Card
O002756,C00220,R0048,2026-03-18,2,21.68,IN PROGRESS,Debit Card
O002757,C00956,R0143,2026-06-05,3,17.31,CANCELLED,Debit Card
O002758,C01018,R0149,2026-03-11,2,28.67,COMPLETED,Cash
O002759,C00039,R0156,2026-06-12,5,20.84,DELIVERED,Debit Card
O002760,C00867,R0082,2026-05-18,4,17.40,COMPLETED,Debit Card
O002761,C01149,R0132,2026-04-01,2,18.84,COMPLETED,Credit Card
O002762,C01084,R0083,2026-05-07,5,23.12,COMPLETED,Digital Wallet
O002763,C00754,R0185,2026-08-01,5,10.15,CANCELLED,Debit Card
O002764,C00701,R0173,2026-02-09,1,16.76,DELIVERED,Debit Card
O002765,C00927,R0096,2026-01-30,2,31.88,DELIVERED,Digital Wallet
O002766,C00998,R0064,2026-01-05,2,19.31,CANCELLED,Debit Card
O002767,C00159,R0024,2026-05-25,4,32.88,COMPLETED,Cash
O002768,C00994,R0047,2026-02-04,4,12.94,CANCELED,Cash
O002769,C00428,R0030,2026-01-10,4,36.02,DELIVERED,Credit Card
O002770,C00171,R0129,2026-01-21,1,17.18,CANCELED,Digital Wallet
O002771,C00372,R0154,2026-06-26,2,17.79,CANCELED,Digital Wallet
O002772,C00919,R0184,2026-04-28,1,23.67,IN PROGRESS,Digital Wallet
O002773,C00638,R0027,2026-04-13,5,41.94,COMPLETED,Credit Card
O002774,C00117,R0074,2026-02-13,2,39.44,CANCELLED,Credit Card
O002775,C00101,R0162,2026-06-20,1,19.87,DELIVERED,Credit Card
O002776,C00141,R0015,2026-05-20,3,34.93,COMPLETED,Cash
O002777,C00959,R0088,2026-03-14,3,24.43,CANCELLED,Debit Card
O002778,C00012,R0167,2026-07-22,3,40.57,COMPLETED,Debit Card
O002779,C00165,R0038,2026-03-13,1,37.04,COMPLETED,Credit Card
O002780,C00415,R0002,2026-01-20,4,40.53,CANCELLED,Digital Wallet
O002781,C00607,R0166,2026-01-09,2,38.99,CANCELLED,Debit Card
O002782,C00188,R0188,2026-07-31,4,27.66,IN PROGRESS,Debit Card
O002783,C00663,R0180,2026-06-24,1,16.46,COMPLETED,Debit Card
O002784,C00254,R0111,2026-07-08,1,14.25,DELIVERED,Debit Card
O002785,C00583,R0197,2026-07-24,1,35.60,IN PROGRESS,Debit Card
O002786,C00903,R0002,2026-06-09,3,40.57,DELIVERED,Cash
O002787,C00925,R0063,2026-06-08,2,10.03,CANCELED,Cash
O002788,C00666,R0100,2026-01-18,4,23.88,DELIVERED,Credit Card
O002789,C00339,R0042,2026-01-31,3,40.02,IN PROGRESS,Digital Wallet
O002790,C00244,R0170,2026-01-30,3,10.59,CANCELLED,Digital Wallet
O002791,C00538,R0057,2026-08-03,4,20.23,IN PROGRESS,Digital Wallet
O002792,C01190,R0183,2026-07-24,1,16.26,CANCELED,Debit Card
O002793,C01193,R0124,2026-06-15,4,30.54,IN PROGRESS,Credit Card
O002794,C00410,R0176,2026-01-16,2,38.83,DELIVERED,Digital Wallet
O002795,C00184,R0052,2026-05-21,2,13.34,COMPLETED,Digital Wallet
O002796,C00351,R0118,2026-02-16,3,13.75,CANCELED,Debit Card
O002797,C00446,R0040,2026-06-29,1,43.20,DELIVERED,Digital Wallet
O002798,C00304,R0082,2026-02-28,5,32.92,CANCELED,Cash
O002799,C00849,R0128,2026-03-31,1,29.28,COMPLETED,Debit Card
O002800,C00899,R0172,2026-05-10,1,12.54,IN PROGRESS,Cash
O002801,C00169,R0113,2026-01-04,4,24.85,IN PROGRESS,Credit Card
O002802,C00365,R0100,2026-01-07,1,40.46,COMPLETED,Credit Card
O002803,C00907,R0011,2026-04-12,2,17.75,CANCELED,Debit Card
O002804,C00577,R0117,2026-05-03,2,38.60,IN PROGRESS,Debit Card
O002805,C01056,R0086,2026-01-03,3,39.30,COMPLETED,Credit Card
O002806,C00033,R0167,2026-07-27,4,42.56,DELIVERED,Cash
O002807,C00350,R0188,2026-03-22,1,24.42,DELIVERED,Digital Wallet
O002808,C00040,R0002,2026-01-18,5,28.54,DELIVERED,Credit Card
O002809,C00386,R0174,2026-03-11,4,44.59,DELIVERED,Cash
O002810,C00670,R0057,2026-03-04,1,27.66,COMPLETED,Debit Card
O002811,C00241,R0023,2026-06-06,1,39.71,CANCELED,Credit Card
O002812,C00721,R0020,2026-07-18,5,15.12,CANCELED,Credit Card
O002813,C00860,R0091,2026-03-20,4,19.31,COMPLETED,Digital Wallet
O002814,C01077,R0144,2026-04-29,4,31.22,COMPLETED,Cash
O002815,C00891,R0177,2026-07-11,1,30.07,CANCELED,Digital Wallet
O002816,C00538,R0053,2026-03-04,3,23.72,IN PROGRESS,Credit Card
O002817,C00492,R0042,2026-05-15,2,32.65,CANCELED,Cash
O002818,C00446,R0191,2026-02-01,4,31.63,DELIVERED,Credit Card
O002819,C00322,R0156,2026-06-25,2,9.68,COMPLETED,Debit Card
O002820,C00266,R0007,2026-06-03,1,23.89,CANCELED,Cash
O002821,C00171,R0003,2026-02-08,2,43.44,CANCELED,Credit Card
O002822,C00041,R0151,2026-03-15,4,29.01,CANCELED,Credit Card
O002823,C00491,R0020,2026-07-22,1,31.62,IN PROGRESS,Debit Card
O002824,C00006,R0153,2026-05-20,5,24.96,COMPLETED,Debit Card
O002825,C00761,R0092,2026-02-11,1,33.97,CANCELLED,Credit Card
O002826,C00193,R0118,2026-07-12,3,25.72,CANCELLED,Credit Card
O002827,C00560,R0192,2026-06-03,3,25.66,CANCELLED,Credit Card
O002828,C00866,R0013,2026-02-19,1,41.19,COMPLETED,Credit Card
O002829,C00579,R0048,2026-01-06,2,22.27,CANCELED,Debit Card
O002830,C00307,R0190,2026-03-29,1,20.28,DELIVERED,Debit Card
O002831,C00603,R0072,2026-05-05,5,42.29,CANCELED,Debit Card
O002832,C00822,R0118,2026-01-18,1,9.24,COMPLETED,Debit Card
O002833,C00360,R0067,2026-08-09,2,32.12,CANCELLED,Debit Card
O002834,C00007,R0076,2026-06-16,3,36.35,CANCELED,Debit Card
O002835,C01137,R0047,2026-01-18,1,32.02,IN PROGRESS,Cash
O002836,C00946,R0091,2026-01-28,4,13.22,CANCELED,Credit Card
O002837,C01033,R0004,2026-04-02,3,34.63,DELIVERED,Digital Wallet
O002838,C00998,R0196,2026-05-12,1,8.96,DELIVERED,Debit Card
O002839,C00936,R0114,2026-03-23,3,40.36,CANCELED,Digital Wallet
O002840,C00070,R0096,2026-06-11,4,31.13,CANCELED,Debit Card
O002841,C00931,R0014,2026-03-29,1,39.08,COMPLETED,Cash
O002842,C00864,R0046,2026-03-25,2,32.63,CANCELLED,Digital Wallet
O002843,C00811,R0130,2026-01-14,3,30.10,DELIVERED,Cash
O002844,C00370,R0069,2026-04-23,3,20.99,DELIVERED,Digital Wallet
O002845,C00217,R0135,2026-04-07,3,13.28,CANCELED,Credit Card
O002846,C00741,R0083,2026-03-29,3,34.50,CANCELLED,Credit Card
O002847,C00391,R0156,2026-03-06,4,38.05,CANCELLED,Digital Wallet
O002848,C00242,R0027,2026-01-10,3,20.12,CANCELLED,Debit Card
O002849,C00499,R0128,2026-06-01,3,43.39,IN PROGRESS,Debit Card
O002850,C00571,R0009,2026-05-09,1,19.94,IN PROGRESS,Debit Card
O002851,C00660,R0008,2026-02-24,5,30.05,CANCELED,Credit Card
O002852,C00524,R0043,2026-01-14,2,40.69,COMPLETED,Cash
O002853,C00427,R0072,2026-03-08,2,27.58,CANCELLED,Debit Card
O002854,C01054,R0008,2026-02-21,3,21.73,COMPLETED,Cash
O002855,C01109,R0166,2026-01-05,5,25.25,IN PROGRESS,Debit Card
O002856,C00909,R0120,2026-04-28,1,21.30,IN PROGRESS,Debit Card
O002857,C00727,R0109,2026-03-01,1,22.48,CANCELED,Cash
O002858,C00867,R0073,2026-02-17,3,13.12,IN PROGRESS,Cash
O002859,C00271,R0042,2026-01-07,2,11.69,CANCELLED,Credit Card
O002860,C00160,R0164,2026-07-24,4,39.62,CANCELED,Debit Card
O002861,C00630,R0080,2026-06-20,2,31.62,DELIVERED,Debit Card
O002862,C00256,R0173,2026-07-09,4,33.35,CANCELLED,Credit Card
O002863,C00170,R0011,2026-03-23,4,13.33,DELIVERED,Digital Wallet
O002864,C00154,R0001,2026-05-18,2,21.85,IN PROGRESS,Debit Card
O002865,C01118,R0158,2026-04-22,5,21.92,CANCELLED,Credit Card
O002866,C00015,R0002,2026-06-01,4,28.25,DELIVERED,Debit Card
O002867,C00363,R0184,2026-02-13,3,18.68,IN PROGRESS,Credit Card
O002868,C00155,R0023,2026-01-29,1,24.98,COMPLETED,Debit Card
O002869,C00874,R0077,2026-02-08,5,15.24,COMPLETED,Cash
O002870,C01068,R0035,2026-06-13,1,44.32,IN PROGRESS,Digital Wallet
O002871,C00076,R0021,2026-05-13,2,33.27,DELIVERED,Debit Card
O002872,C00275,R0083,2026-04-21,3,37.32,DELIVERED,Credit Card
O002873,C01143,R0150,2026-01-11,4,22.38,COMPLETED,Cash
O002874,C00675,R0089,2026-05-17,4,40.93,CANCELED,Credit Card
O002875,C00720,R0089,2026-03-21,2,22.50,COMPLETED,Digital Wallet
O002876,C00850,R0025,2026-04-11,1,41.76,CANCELLED,Credit Card
O002877,C00130,R0035,2026-03-01,1,23.94,DELIVERED,Cash
O002878,C00257,R0098,2026-07-02,1,13.87,COMPLETED,Debit Card
O002879,C00121,R0090,2026-04-13,3,29.18,DELIVERED,Debit Card
O002880,C00924,R0051,2026-05-26,3,9.37,CANCELED,Credit Card
O002881,C00363,R0148,2026-03-10,4,29.86,COMPLETED,Credit Card
O002882,C00636,R0018,2026-05-04,2,42.66,DELIVERED,Debit Card
O002883,C00057,R0167,2026-06-19,5,26.14,CANCELED,Digital Wallet
O002884,C00208,R0083,2026-04-02,3,24.56,CANCELLED,Cash
O002885,C01186,R0047,2026-03-16,2,42.63,CANCELED,Cash
O002886,C01187,R0058,2026-05-17,2,39.17,CANCELLED,Cash
O002887,C00002,R0076,2026-03-22,1,23.35,DELIVERED,Debit Card
O002888,C00629,R0041,2026-04-24,5,32.06,DELIVERED,Credit Card
O002889,C00330,R0078,2026-01-06,4,17.04,COMPLETED,Debit Card
O002890,C00222,R0160,2026-05-02,5,31.87,CANCELED,Credit Card
O002891,C00823,R0094,2026-01-26,4,26.94,CANCELED,Debit Card
O002892,C00104,R0072,2026-02-21,5,20.75,COMPLETED,Credit Card
O002893,C00150,R0021,2026-06-22,4,34.32,DELIVERED,Credit Card
O002894,C01159,R0067,2026-05-06,1,33.42,COMPLETED,Digital Wallet
O002895,C00510,R0025,2026-06-24,3,17.05,CANCELLED,Debit Card
O002896,C00620,R0107,2026-03-21,3,27.87,COMPLETED,Credit Card
O002897,C00122,R0087,2026-07-25,3,19.93,DELIVERED,Digital Wallet
O002898,C00412,R0070,2026-03-02,5,41.69,CANCELED,Credit Card
O002899,C00972,R0069,2026-07-10,1,29.58,COMPLETED,Debit Card
O002900,C00351,R0083,2026-03-29,4,31.57,DELIVERED,Debit Card
O002901,C00284,R0024,2026-02-09,2,20.95,IN PROGRESS,Debit Card
O002902,C00486,R0151,2026-06-02,4,42.83,DELIVERED,Debit Card
O002903,C01044,R0079,2026-04-16,2,14.34,DELIVERED,Digital Wallet
O002904,C01000,R0197,2026-03-05,1,34.33,CANCELLED,Digital Wallet
O002905,C01103,R0120,2026-06-28,2,26.14,CANCELED,Debit Card
O002906,C00275,R0196,2026-03-18,3,35.81,DELIVERED,Debit Card
O002907,C00783,R0168,2026-01-17,3,32.14,CANCELLED,Digital Wallet
O002908,C00961,R0172,2026-01-21,1,11.18,CANCELED,Digital Wallet
O002909,C00834,R0110,2026-06-02,5,38.39,DELIVERED,Digital Wallet
O002910,C00918,R0146,2026-02-28,5,39.21,IN PROGRESS,Digital Wallet
O002911,C00708,R0103,2026-01-23,5,40.80,CANCELED,Credit Card
O002912,C00674,R0117,2026-05-16,3,8.09,CANCELED,Digital Wallet
O002913,C00493,R0142,2026-02-08,4,21.44,IN PROGRESS,Credit Card
O002914,C00841,R0098,2026-05-15,1,25.85,COMPLETED,Cash
O002915,C00854,R0080,2026-02-16,5,24.62,IN PROGRESS,Cash
O002916,C00991,R0068,2026-07-11,1,16.04,CANCELLED,Debit Card
O002917,C00326,R0186,2026-02-08,5,33.37,IN PROGRESS,Credit Card
O002918,C00037,R0089,2026-04-23,5,36.57,COMPLETED,Digital Wallet
O002919,C00109,R0187,2026-02-05,1,19.46,COMPLETED,Debit Card
O002920,C00175,R0109,2026-03-20,5,18.98,CANCELLED,Cash
O002921,C00087,R0174,2026-06-12,1,9.66,DELIVERED,Credit Card
O002922,C00560,R0027,2026-06-15,5,21.28,CANCELLED,Cash
O002923,C00759,R0169,2026-03-25,4,36.87,CANCELED,Digital Wallet
O002924,C00823,R0173,2026-04-11,2,40.38,CANCELLED,Debit Card
O002925,C00547,R0099,2026-07-04,5,28.37,CANCELED,Digital Wallet
O002926,C00806,R0011,2026-07-06,1,28.57,CANCELED,Cash
O002927,C00179,R0085,2026-02-20,4,20.32,DELIVERED,Credit Card
O002928,C00285,R0081,2026-05-18,1,17.78,IN PROGRESS,Digital Wallet
O002929,C00601,R0123,2026-07-07,3,8.68,COMPLETED,Cash
O002930,C00469,R0094,2026-04-11,5,16.14,CANCELED,Debit Card
O002931,C00661,R0075,2026-08-05,3,43.36,COMPLETED,Credit Card
O002932,C01148,R0127,2026-07-30,2,33.64,COMPLETED,Digital Wallet
O002933,C00480,R0086,2026-06-29,3,8.10,IN PROGRESS,Digital Wallet
O002934,C00679,R0041,2026-06-27,3,13.92,CANCELED,Debit Card
O002935,C00319,R0026,2026-05-27,3,29.39,CANCELED,Cash
O002936,C00977,R0005,2026-03-15,3,27.32,CANCELED,Digital Wallet
O002937,C00802,R0157,2026-07-06,3,13.26,COMPLETED,Credit Card
O002938,C01005,R0164,2026-01-10,5,14.21,CANCELLED,Debit Card
O002939,C00002,R0190,2026-01-31,1,27.40,COMPLETED,Cash
O002940,C01066,R0181,2026-05-04,4,14.77,CANCELED,Credit Card
O002941,C00281,R0197,2026-03-25,5,33.77,DELIVERED,Digital Wallet
O002942,C01001,R0153,2026-08-04,5,20.80,DELIVERED,Cash
O002943,C00965,R0061,2026-07-11,4,27.29,CANCELLED,Debit Card
O002944,C00263,R0031,2026-02-08,4,26.32,DELIVERED,Cash
O002945,C00588,R0012,2026-06-13,3,33.94,DELIVERED,Digital Wallet
O002946,C01060,R0068,2026-07-10,5,29.46,CANCELLED,Debit Card
O002947,C00376,R0130,2026-04-07,5,22.14,DELIVERED,Credit Card
O002948,C00982,R0189,2026-05-09,4,11.77,IN PROGRESS,Digital Wallet
O002949,C00519,R0151,2026-03-17,1,10.35,IN PROGRESS,Digital Wallet
O002950,C01069,R0126,2026-03-01,5,42.02,CANCELED,Debit Card
O002951,C00726,R0129,2026-06-26,3,24.66,IN PROGRESS,Credit Card
O002952,C00628,R0152,2026-05-07,3,14.16,CANCELED,Digital Wallet
O002953,C00983,R0119,2026-06-24,2,31.75,CANCELLED,Digital Wallet
O002954,C00988,R0003,2026-01-27,2,29.30,DELIVERED,Debit Card
O002955,C00082,R0064,2026-03-29,1,26.70,CANCELED,Cash
O002956,C01127,R0187,2026-05-11,3,25.43,COMPLETED,Cash
O002957,C00439,R0007,2026-01-08,3,38.92,CANCELED,Credit Card
O002958,C00605,R0195,2026-01-14,5,33.35,DELIVERED,Debit Card
O002959,C00377,R0001,2026-01-15,2,44.42,CANCELLED,Debit Card
O002960,C00826,R0179,2026-04-20,3,40.71,COMPLETED,Debit Card
O002961,C00371,R0172,2026-05-07,2,19.10,CANCELED,Credit Card
O002962,C00793,R0004,2026-03-24,4,24.44,COMPLETED,Debit Card
O002963,C00811,R0079,2026-03-11,3,21.72,CANCELED,Digital Wallet
O002964,C01137,R0067,2026-03-27,5,35.26,CANCELLED,Cash
O002965,C00340,R0111,2026-06-02,4,11.09,DELIVERED,Debit Card
O002966,C00910,R0003,2026-07-06,3,10.46,IN PROGRESS,Digital Wallet
O002967,C00438,R0176,2026-03-01,5,42.83,COMPLETED,Credit Card
O002968,C00865,R0190,2026-02-05,1,42.43,IN PROGRESS,Digital Wallet
O002969,C00556,R0027,2026-02-01,5,26.55,CANCELED,Digital Wallet
O002970,C00575,R0080,2026-03-22,5,41.14,CANCELLED,Debit Card
O002971,C00785,R0125,2026-05-25,3,8.74,IN PROGRESS,Debit Card
O002972,C00935,R0008,2026-02-16,5,28.82,DELIVERED,Digital Wallet
O002973,C00731,R0018,2026-02-02,4,13.81,CANCELED,Digital Wallet
O002974,C00357,R0164,2026-02-22,3,18.37,COMPLETED,Digital Wallet
O002975,C00921,R0050,2026-07-19,5,14.82,CANCELED,Debit Card
O002976,C01168,R0185,2026-01-22,4,26.93,IN PROGRESS,Cash
O002977,C00037,R0168,2026-01-10,5,43.92,CANCELED,Digital Wallet
O002978,C00940,R0160,2026-07-31,5,20.86,DELIVERED,Credit Card
O002979,C00971,R0076,2026-05-05,5,39.23,CANCELLED,Digital Wallet
O002980,C00106,R0088,2026-06-26,2,18.78,COMPLETED,Debit Card
O002981,C00035,R0045,2026-03-19,1,41.23,DELIVERED,Debit Card
O002982,C00978,R0014,2026-01-02,2,36.32,CANCELLED,Credit Card
O002983,C00897,R0153,2026-01-02,2,14.24,CANCELED,Credit Card
O002984,C00881,R0117,2026-04-11,3,44.05,DELIVERED,Debit Card
O002985,C00271,R0102,2026-03-22,3,16.15,CANCELLED,Cash
O002986,C00439,R0100,2026-04-01,2,25.97,CANCELED,Debit Card
O002987,C00632,R0132,2026-01-01,3,36.40,COMPLETED,Credit Card
O002988,C00919,R0003,2026-03-21,1,16.56,IN PROGRESS,Credit Card
O002989,C00447,R0200,2026-05-21,5,18.79,COMPLETED,Debit Card
O002990,C00033,R0124,2026-07-03,1,26.62,COMPLETED,Credit Card
O002991,C00785,R0117,2026-04-10,3,32.98,IN PROGRESS,Credit Card
O002992,C00028,R0140,2026-07-08,5,19.94,IN PROGRESS,Cash
O002993,C00540,R0039,2026-04-19,4,43.06,IN PROGRESS,Debit Card
O002994,C00406,R0116,2026-02-09,2,18.73,DELIVERED,Cash
O002995,C00407,R0072,2026-04-22,4,35.33,COMPLETED,Credit Card
O002996,C00838,R0192,2026-02-05,3,24.25,IN PROGRESS,Digital Wallet
O002997,C00432,R0187,2026-01-05,3,42.87,DELIVERED,Digital Wallet
O002998,C00585,R0095,2026-07-07,3,8.96,CANCELED,Credit Card
O002999,C01095,R0094,2026-06-26,4,27.58,DELIVERED,Credit Card
O003000,C00670,R0028,2026-01-11,4,23.39,DELIVERED,Cash
