ticket_id,customer_id,ticket_date,category,priority,status,description,resolution_date,created_date,updated_date
T00001,C00845,2026-04-23,Mobile App,HIGH,RESOLVED,Sample mobile app issue 1,2026-05-08,2026-04-23,2026-05-08
T00002,C00996,2025-09-29,Online Banking,L,OPEN,Sample online banking issue 2,,2025-09-29,2025-09-29
T00003,C00093,2026-07-10,Online Banking,L,CLOSED,Sample online banking issue 3,2026-07-24,2026-07-10,2026-07-24
T00004,C00617,2025-09-09,Payments,HIGH,RESOLVED,Sample payments issue 4,2025-09-19,2025-09-09,2025-09-19
T00005,C01123,2026-03-02,Payments,LOW,RESOLVED,Sample payments issue 5,2026-03-03,2026-03-02,2026-03-03
T00006,C01185,2026-08-17,Payments,LOW,NEW,Sample payments issue 6,,2026-08-17,2026-08-17
T00007,C00148,2026-05-09,Transfers,M,NEW,Sample transfers issue 7,,2026-05-09,2026-05-09
T00008,C00402,2026-04-06,Transfers,H,NEW,Sample transfers issue 8,,2026-04-06,2026-04-06
T00009,C00379,2026-01-24,Online Banking,HIGH,OPEN,Sample online banking issue 9,,2026-01-24,2026-01-24
T00010,C00885,2026-07-22,Mobile App,M,NEW,Sample mobile app issue 10,,2026-07-22,2026-07-22
T00011,C00039,2025-09-21,Transfers,LOW,IN PROGRESS,Sample transfers issue 11,,2025-09-21,2025-09-21
T00012,C00591,2026-03-04,Card,LOW,NEW,Sample card issue 12,,2026-03-04,2026-03-04
T00013,C00315,2026-07-01,Account,H,OPEN,Sample account issue 13,,2026-07-01,2026-07-01
T00014,C00212,2026-01-24,Online Banking,M,RESOLVED,Sample online banking issue 14,2026-02-08,2026-01-24,2026-02-08
T00015,C01160,2026-07-11,Account,HIGH,IN PROGRESS,Sample account issue 15,,2026-07-11,2026-07-11
T00016,C00870,2026-08-09,Payments,HIGH,OPEN,Sample payments issue 16,,2026-08-09,2026-08-09
T00017,C00278,2026-05-05,Card,HIGH,CLOSED,Sample card issue 17,2026-05-09,2026-05-05,2026-05-09
T00018,C00655,2026-03-29,Online Banking,HIGH,OPEN,Sample online banking issue 18,,2026-03-29,2026-03-29
T00019,C00361,2025-10-22,Card,H,NEW,Sample card issue 19,,2025-10-22,2025-10-22
T00020,C00057,2026-02-09,Transfers,H,RESOLVED,Sample transfers issue 20,2026-02-13,2026-02-09,2026-02-13
T00021,C00234,2025-09-13,Online Banking,HIGH,CLOSED,Sample online banking issue 21,2025-09-14,2025-09-13,2025-09-14
T00022,C00458,2026-04-09,Card,L,CLOSED,Sample card issue 22,2026-04-18,2026-04-09,2026-04-18
T00023,C00357,2026-06-28,Card,M,NEW,Sample card issue 23,,2026-06-28,2026-06-28
T00024,C00440,2026-05-18,Online Banking,HIGH,CLOSED,Sample online banking issue 24,2026-05-30,2026-05-18,2026-05-30
T00025,C00844,2026-04-16,Account,LOW,CLOSED,Sample account issue 25,2026-04-24,2026-04-16,2026-04-24
T00026,C00444,2026-03-26,Card,M,IN PROGRESS,Sample card issue 26,,2026-03-26,2026-03-26
T00027,C00611,2026-05-15,Account,L,CLOSED,Sample account issue 27,2026-05-27,2026-05-15,2026-05-27
T00028,C00541,2026-01-04,Card,L,RESOLVED,Sample card issue 28,2026-01-04,2026-01-04,2026-01-04
T00029,C00549,2025-11-29,Card,HIGH,RESOLVED,Sample card issue 29,2025-12-12,2025-11-29,2025-12-12
T00030,C00896,2026-07-22,Card,MEDIUM,CLOSED,Sample card issue 30,2026-08-02,2026-07-22,2026-08-02
T00031,C01174,2025-09-27,Account,L,RESOLVED,Sample account issue 31,2025-10-04,2025-09-27,2025-10-04
T00032,C00967,2025-09-26,Card,HIGH,IN PROGRESS,Sample card issue 32,,2025-09-26,2025-09-26
T00033,C00364,2026-02-17,Account,MEDIUM,RESOLVED,Sample account issue 33,2026-02-19,2026-02-17,2026-02-19
T00034,C01153,2026-01-24,Account,H,IN PROGRESS,Sample account issue 34,,2026-01-24,2026-01-24
T00035,C00758,2026-04-04,Card,HIGH,RESOLVED,Sample card issue 35,2026-04-16,2026-04-04,2026-04-16
T00036,C00854,2025-09-25,Mobile App,MEDIUM,CLOSED,Sample mobile app issue 36,2025-09-26,2025-09-25,2025-09-26
T00037,C00969,2026-03-18,Account,M,OPEN,Sample account issue 37,,2026-03-18,2026-03-18
T00038,C01192,2026-04-28,Payments,LOW,NEW,Sample payments issue 38,,2026-04-28,2026-04-28
T00039,C00905,2026-02-10,Account,M,NEW,Sample account issue 39,,2026-02-10,2026-02-10
T00040,C00478,2026-01-29,Transfers,M,RESOLVED,Sample transfers issue 40,2026-02-08,2026-01-29,2026-02-08
T00041,C01181,2026-05-04,Card,L,CLOSED,Sample card issue 41,2026-05-17,2026-05-04,2026-05-17
T00042,C00594,2026-02-26,Card,HIGH,NEW,Sample card issue 42,,2026-02-26,2026-02-26
T00043,C00309,2025-08-21,Mobile App,M,RESOLVED,Sample mobile app issue 43,2025-09-05,2025-08-21,2025-09-05
T00044,C00168,2026-06-27,Payments,HIGH,IN PROGRESS,Sample payments issue 44,,2026-06-27,2026-06-27
T00045,C01121,2025-09-24,Card,HIGH,RESOLVED,Sample card issue 45,2025-10-07,2025-09-24,2025-10-07
T00046,C00587,2026-03-06,Card,MEDIUM,IN PROGRESS,Sample card issue 46,,2026-03-06,2026-03-06
T00047,C00879,2025-11-11,Mobile App,HIGH,IN PROGRESS,Sample mobile app issue 47,,2025-11-11,2025-11-11
T00048,C00208,2025-09-10,Payments,MEDIUM,CLOSED,Sample payments issue 48,2025-09-10,2025-09-10,2025-09-10
T00049,C01159,2025-11-16,Account,MEDIUM,NEW,Sample account issue 49,,2025-11-16,2025-11-16
T00050,C01119,2025-10-20,Mobile App,LOW,NEW,Sample mobile app issue 50,,2025-10-20,2025-10-20
T00051,C00460,2026-07-10,Account,LOW,RESOLVED,Sample account issue 51,2026-07-13,2026-07-10,2026-07-13
T00052,C00807,2025-12-05,Online Banking,L,OPEN,Sample online banking issue 52,,2025-12-05,2025-12-05
T00053,C00946,2025-09-17,Transfers,H,NEW,Sample transfers issue 53,,2025-09-17,2025-09-17
T00054,C01019,2026-08-04,Online Banking,HIGH,NEW,Sample online banking issue 54,,2026-08-04,2026-08-04
T00055,C00121,2025-12-19,Payments,MEDIUM,NEW,Sample payments issue 55,,2025-12-19,2025-12-19
T00056,C00196,2025-08-30,Online Banking,M,NEW,Sample online banking issue 56,,2025-08-30,2025-08-30
T00057,C01135,2025-11-17,Payments,LOW,CLOSED,Sample payments issue 57,2025-11-30,2025-11-17,2025-11-30
T00058,C00564,2026-08-09,Payments,L,CLOSED,Sample payments issue 58,2026-08-13,2026-08-09,2026-08-13
T00059,C00251,2026-05-04,Card,M,OPEN,Sample card issue 59,,2026-05-04,2026-05-04
T00060,C00610,2026-01-27,Mobile App,MEDIUM,NEW,Sample mobile app issue 60,,2026-01-27,2026-01-27
T00061,C00570,2026-01-27,Account,HIGH,NEW,Sample account issue 61,,2026-01-27,2026-01-27
T00062,C00608,2025-10-26,Payments,M,NEW,Sample payments issue 62,,2025-10-26,2025-10-26
T00063,C00223,2026-01-23,Card,MEDIUM,NEW,Sample card issue 63,,2026-01-23,2026-01-23
T00064,C00441,2026-06-08,Online Banking,MEDIUM,CLOSED,Sample online banking issue 64,2026-06-17,2026-06-08,2026-06-17
T00065,C00164,2025-10-29,Mobile App,LOW,IN PROGRESS,Sample mobile app issue 65,,2025-10-29,2025-10-29
T00066,C00848,2026-06-23,Transfers,LOW,NEW,Sample transfers issue 66,,2026-06-23,2026-06-23
T00067,C00943,2026-02-03,Mobile App,H,IN PROGRESS,Sample mobile app issue 67,,2026-02-03,2026-02-03
T00068,C00053,2025-10-05,Transfers,MEDIUM,RESOLVED,Sample transfers issue 68,2025-10-19,2025-10-05,2025-10-19
T00069,C00674,2025-09-03,Card,HIGH,CLOSED,Sample card issue 69,2025-09-10,2025-09-03,2025-09-10
T00070,C00215,2025-10-15,Online Banking,MEDIUM,OPEN,Sample online banking issue 70,,2025-10-15,2025-10-15
T00071,C01170,2026-06-24,Account,H,NEW,Sample account issue 71,,2026-06-24,2026-06-24
T00072,C00558,2026-06-21,Mobile App,LOW,RESOLVED,Sample mobile app issue 72,2026-06-28,2026-06-21,2026-06-28
T00073,C00399,2025-10-23,Online Banking,HIGH,OPEN,Sample online banking issue 73,,2025-10-23,2025-10-23
T00074,C00442,2026-04-22,Account,MEDIUM,IN PROGRESS,Sample account issue 74,,2026-04-22,2026-04-22
T00075,C00421,2025-09-12,Transfers,LOW,RESOLVED,Sample transfers issue 75,2025-09-27,2025-09-12,2025-09-27
T00076,C00094,2026-03-31,Account,L,CLOSED,Sample account issue 76,2026-04-03,2026-03-31,2026-04-03
T00077,C00128,2025-11-12,Online Banking,H,IN PROGRESS,Sample online banking issue 77,,2025-11-12,2025-11-12
T00078,C00152,2026-01-08,Online Banking,M,RESOLVED,Sample online banking issue 78,2026-01-14,2026-01-08,2026-01-14
T00079,C00821,2025-11-13,Online Banking,H,OPEN,Sample online banking issue 79,,2025-11-13,2025-11-13
T00080,C00098,2026-03-27,Online Banking,M,CLOSED,Sample online banking issue 80,2026-03-29,2026-03-27,2026-03-29
T00081,C00309,2025-09-17,Online Banking,L,NEW,Sample online banking issue 81,,2025-09-17,2025-09-17
T00082,C00828,2025-11-04,Online Banking,L,RESOLVED,Sample online banking issue 82,2025-11-17,2025-11-04,2025-11-17
T00083,C00082,2026-08-02,Mobile App,HIGH,OPEN,Sample mobile app issue 83,,2026-08-02,2026-08-02
T00084,C00411,2026-03-22,Online Banking,M,NEW,Sample online banking issue 84,,2026-03-22,2026-03-22
T00085,C01134,2025-12-05,Account,M,IN PROGRESS,Sample account issue 85,,2025-12-05,2025-12-05
T00086,C00654,2026-05-31,Card,HIGH,OPEN,Sample card issue 86,,2026-05-31,2026-05-31
T00087,C00980,2026-07-11,Transfers,L,RESOLVED,Sample transfers issue 87,2026-07-12,2026-07-11,2026-07-12
T00088,C00205,2025-09-09,Payments,HIGH,OPEN,Sample payments issue 88,,2025-09-09,2025-09-09
T00089,C00664,2025-11-13,Online Banking,MEDIUM,RESOLVED,Sample online banking issue 89,2025-11-14,2025-11-13,2025-11-14
T00090,C00238,2026-06-29,Payments,HIGH,OPEN,Sample payments issue 90,,2026-06-29,2026-06-29
T00091,C00634,2026-06-10,Mobile App,H,OPEN,Sample mobile app issue 91,,2026-06-10,2026-06-10
T00092,C00009,2026-06-10,Payments,HIGH,IN PROGRESS,Sample payments issue 92,,2026-06-10,2026-06-10
T00093,C00189,2025-11-25,Account,H,CLOSED,Sample account issue 93,2025-11-27,2025-11-25,2025-11-27
T00094,C00613,2026-06-12,Transfers,M,CLOSED,Sample transfers issue 94,2026-06-26,2026-06-12,2026-06-26
T00095,C00437,2026-06-10,Mobile App,MEDIUM,RESOLVED,Sample mobile app issue 95,2026-06-12,2026-06-10,2026-06-12
T00096,C00780,2025-12-18,Payments,M,CLOSED,Sample payments issue 96,2025-12-29,2025-12-18,2025-12-29
T00097,C00147,2026-01-11,Mobile App,HIGH,NEW,Sample mobile app issue 97,,2026-01-11,2026-01-11
T00098,C01023,2025-11-08,Online Banking,M,OPEN,Sample online banking issue 98,,2025-11-08,2025-11-08
T00099,C00777,2025-10-08,Transfers,H,OPEN,Sample transfers issue 99,,2025-10-08,2025-10-08
T00100,C00511,2025-10-27,Card,LOW,IN PROGRESS,Sample card issue 100,,2025-10-27,2025-10-27
T00101,C00582,2026-06-02,Account,H,OPEN,Sample account issue 101,,2026-06-02,2026-06-02
T00102,C00688,2026-07-11,Online Banking,HIGH,NEW,Sample online banking issue 102,,2026-07-11,2026-07-11
T00103,C00888,2026-03-02,Payments,LOW,OPEN,Sample payments issue 103,,2026-03-02,2026-03-02
T00104,C01123,2026-05-16,Payments,M,RESOLVED,Sample payments issue 104,2026-05-18,2026-05-16,2026-05-18
T00105,C00662,2026-02-23,Card,HIGH,IN PROGRESS,Sample card issue 105,,2026-02-23,2026-02-23
T00106,C00005,2025-09-17,Online Banking,HIGH,RESOLVED,Sample online banking issue 106,2025-09-26,2025-09-17,2025-09-26
T00107,C00997,2025-09-28,Account,LOW,IN PROGRESS,Sample account issue 107,,2025-09-28,2025-09-28
T00108,C01077,2026-07-16,Mobile App,M,RESOLVED,Sample mobile app issue 108,2026-07-24,2026-07-16,2026-07-24
T00109,C01168,2026-01-12,Mobile App,L,RESOLVED,Sample mobile app issue 109,2026-01-21,2026-01-12,2026-01-21
T00110,C00757,2026-04-27,Online Banking,H,OPEN,Sample online banking issue 110,,2026-04-27,2026-04-27
T00111,C00925,2025-10-20,Payments,M,IN PROGRESS,Sample payments issue 111,,2025-10-20,2025-10-20
T00112,C00746,2025-09-13,Account,L,RESOLVED,Sample account issue 112,2025-09-19,2025-09-13,2025-09-19
T00113,C00919,2026-03-20,Card,LOW,NEW,Sample card issue 113,,2026-03-20,2026-03-20
T00114,C00828,2026-07-05,Payments,HIGH,RESOLVED,Sample payments issue 114,2026-07-09,2026-07-05,2026-07-09
T00115,C00752,2025-09-18,Payments,H,IN PROGRESS,Sample payments issue 115,,2025-09-18,2025-09-18
T00116,C00047,2026-04-08,Payments,LOW,RESOLVED,Sample payments issue 116,2026-04-08,2026-04-08,2026-04-08
T00117,C00563,2026-07-28,Account,H,OPEN,Sample account issue 117,,2026-07-28,2026-07-28
T00118,C01043,2026-04-27,Payments,LOW,OPEN,Sample payments issue 118,,2026-04-27,2026-04-27
T00119,C00083,2026-01-15,Account,LOW,NEW,Sample account issue 119,,2026-01-15,2026-01-15
T00120,C00008,2025-11-29,Online Banking,LOW,RESOLVED,Sample online banking issue 120,2025-12-02,2025-11-29,2025-12-02
T00121,C00557,2026-01-20,Transfers,H,RESOLVED,Sample transfers issue 121,2026-01-21,2026-01-20,2026-01-21
T00122,C00289,2025-12-13,Mobile App,H,NEW,Sample mobile app issue 122,,2025-12-13,2025-12-13
T00123,C01028,2025-12-20,Card,LOW,RESOLVED,Sample card issue 123,2025-12-25,2025-12-20,2025-12-25
T00124,C00331,2026-06-23,Account,HIGH,OPEN,Sample account issue 124,,2026-06-23,2026-06-23
T00125,C00304,2026-04-23,Mobile App,HIGH,NEW,Sample mobile app issue 125,,2026-04-23,2026-04-23
T00126,C00027,2026-05-21,Account,L,CLOSED,Sample account issue 126,2026-05-25,2026-05-21,2026-05-25
T00127,C01078,2026-03-29,Card,HIGH,RESOLVED,Sample card issue 127,2026-04-08,2026-03-29,2026-04-08
T00128,C00003,2026-02-16,Online Banking,M,CLOSED,Sample online banking issue 128,2026-02-25,2026-02-16,2026-02-25
T00129,C01136,2026-07-02,Transfers,M,OPEN,Sample transfers issue 129,,2026-07-02,2026-07-02
T00130,C00764,2025-12-30,Card,H,CLOSED,Sample card issue 130,2026-01-02,2025-12-30,2026-01-02
T00131,C00711,2025-08-23,Card,LOW,OPEN,Sample card issue 131,,2025-08-23,2025-08-23
T00132,C00653,2026-08-03,Card,MEDIUM,IN PROGRESS,Sample card issue 132,,2026-08-03,2026-08-03
T00133,C01087,2026-06-05,Transfers,L,NEW,Sample transfers issue 133,,2026-06-05,2026-06-05
T00134,C00593,2026-06-12,Payments,H,OPEN,Sample payments issue 134,,2026-06-12,2026-06-12
T00135,C01140,2025-09-25,Payments,H,IN PROGRESS,Sample payments issue 135,,2025-09-25,2025-09-25
T00136,C00262,2025-10-16,Online Banking,L,RESOLVED,Sample online banking issue 136,2025-10-23,2025-10-16,2025-10-23
T00137,C00615,2030-01-01,Online Banking,H,OPEN,Sample online banking issue 137,,2030-01-01,2026-08-10
T00138,C00675,2025-10-04,Transfers,HIGH,IN PROGRESS,Sample transfers issue 138,,2025-10-04,2025-10-04
T00139,C00682,2026-03-17,Mobile App,HIGH,OPEN,Sample mobile app issue 139,,2026-03-17,2026-03-17
T00140,C00538,2025-11-30,Transfers,M,OPEN,Sample transfers issue 140,,2025-11-30,2025-11-30
T00141,C00590,2025-12-21,Payments,LOW,CLOSED,Sample payments issue 141,2026-01-03,2025-12-21,2026-01-03
T00142,C00075,2025-10-01,Mobile App,HIGH,NEW,Sample mobile app issue 142,,2025-10-01,2025-10-01
T00143,C00790,2026-07-06,Online Banking,HIGH,CLOSED,Sample online banking issue 143,2026-07-13,2026-07-06,2026-07-13
T00144,C00466,2026-02-23,Transfers,MEDIUM,RESOLVED,Sample transfers issue 144,2026-02-23,2026-02-23,2026-02-23
T00145,C00299,2025-11-06,Transfers,H,CLOSED,Sample transfers issue 145,2025-11-09,2025-11-06,2025-11-09
T00146,C00491,2026-04-27,Account,LOW,CLOSED,Sample account issue 146,2026-05-11,2026-04-27,2026-05-11
T00147,C00680,2026-01-24,Account,L,CLOSED,Sample account issue 147,2026-01-24,2026-01-24,2026-01-24
T00148,C00763,2026-03-06,Payments,L,IN PROGRESS,Sample payments issue 148,,2026-03-06,2026-03-06
T00149,C00043,2025-10-30,Transfers,L,IN PROGRESS,Sample transfers issue 149,,2025-10-30,2025-10-30
T00150,C00002,2026-03-29,Mobile App,MEDIUM,NEW,Sample mobile app issue 150,,2026-03-29,2026-03-29
T00151,C00611,2025-10-14,Transfers,M,RESOLVED,Sample transfers issue 151,2025-10-15,2025-10-14,2025-10-15
T00152,C00773,2026-06-01,Online Banking,H,CLOSED,Sample online banking issue 152,2026-06-14,2026-06-01,2026-06-14
T00153,C00942,2026-07-25,Payments,HIGH,RESOLVED,Sample payments issue 153,2026-08-04,2026-07-25,2026-08-04
T00154,C00910,2026-04-21,Account,H,RESOLVED,Sample account issue 154,2026-04-29,2026-04-21,2026-04-29
T00155,C00910,2026-07-07,Card,MEDIUM,RESOLVED,Sample card issue 155,2026-07-17,2026-07-07,2026-07-17
T00156,C01148,2026-07-02,Payments,H,NEW,Sample payments issue 156,,2026-07-02,2026-07-02
T00157,C00733,2026-03-18,Card,HIGH,CLOSED,Sample card issue 157,2026-03-19,2026-03-18,2026-03-19
T00158,C00575,2025-09-27,Mobile App,HIGH,OPEN,Sample mobile app issue 158,,2025-09-27,2025-09-27
T00159,C00815,2025-12-16,Transfers,M,RESOLVED,Sample transfers issue 159,2025-12-21,2025-12-16,2025-12-21
T00160,C01022,2026-04-03,Payments,HIGH,IN PROGRESS,Sample payments issue 160,,2026-04-03,2026-04-03
T00161,C00578,2026-03-06,Mobile App,LOW,OPEN,Sample mobile app issue 161,,2026-03-06,2026-03-06
T00162,C00289,2026-05-16,Transfers,M,NEW,Sample transfers issue 162,,2026-05-16,2026-05-16
T00163,C01050,2026-05-21,Account,H,NEW,Sample account issue 163,,2026-05-21,2026-05-21
T00164,C00931,2026-08-02,Online Banking,LOW,IN PROGRESS,Sample online banking issue 164,,2026-08-02,2026-08-02
T00165,C00678,2026-06-15,Online Banking,M,IN PROGRESS,Sample online banking issue 165,,2026-06-15,2026-06-15
T00166,C01095,2026-04-14,Account,M,RESOLVED,Sample account issue 166,2026-04-17,2026-04-14,2026-04-17
T00167,C00059,2026-03-10,Mobile App,MEDIUM,RESOLVED,Sample mobile app issue 167,2026-03-19,2026-03-10,2026-03-19
T00168,C00333,2026-05-21,Online Banking,M,RESOLVED,Sample online banking issue 168,2026-06-02,2026-05-21,2026-06-02
T00169,C00126,2026-05-26,Payments,HIGH,IN PROGRESS,Sample payments issue 169,,2026-05-26,2026-05-26
T00170,C00296,2026-05-01,Transfers,L,NEW,Sample transfers issue 170,,2026-05-01,2026-05-01
T00171,C00372,2026-02-26,Account,HIGH,CLOSED,Sample account issue 171,2026-03-07,2026-02-26,2026-03-07
T00172,C01102,2026-07-07,Transfers,HIGH,IN PROGRESS,Sample transfers issue 172,,2026-07-07,2026-07-07
T00173,C00573,2025-11-23,Online Banking,H,RESOLVED,Sample online banking issue 173,2025-11-30,2025-11-23,2025-11-30
T00174,C00377,2026-06-08,Payments,LOW,CLOSED,Sample payments issue 174,2026-06-21,2026-06-08,2026-06-21
T00175,C00324,2025-10-06,Payments,H,CLOSED,Sample payments issue 175,2025-10-08,2025-10-06,2025-10-08
T00176,C00285,2025-12-13,Card,HIGH,IN PROGRESS,Sample card issue 176,,2025-12-13,2025-12-13
T00177,C00835,2026-08-05,Online Banking,MEDIUM,IN PROGRESS,Sample online banking issue 177,,2026-08-05,2026-08-05
T00178,C00736,2025-11-14,Online Banking,LOW,NEW,Sample online banking issue 178,,2025-11-14,2025-11-14
T00179,C00784,2026-04-17,Payments,L,CLOSED,Sample payments issue 179,2026-04-22,2026-04-17,2026-04-22
T00180,C00454,2026-05-03,Payments,HIGH,RESOLVED,Sample payments issue 180,2026-05-03,2026-05-03,2026-05-03
T00181,C00249,2026-02-18,Card,HIGH,OPEN,Sample card issue 181,,2026-02-18,2026-02-18
T00182,C00093,2025-10-22,Mobile App,M,NEW,Sample mobile app issue 182,,2025-10-22,2025-10-22
T00183,C00379,2025-11-19,Online Banking,HIGH,IN PROGRESS,Sample online banking issue 183,,2025-11-19,2025-11-19
T00184,C01199,2026-07-26,Transfers,H,RESOLVED,Sample transfers issue 184,2026-07-29,2026-07-26,2026-07-29
T00185,C00499,2026-06-25,Transfers,HIGH,CLOSED,Sample transfers issue 185,2026-07-02,2026-06-25,2026-07-02
T00186,C00998,2026-02-08,Payments,H,CLOSED,Sample payments issue 186,2026-02-15,2026-02-08,2026-02-15
T00187,C00120,2025-10-13,Online Banking,LOW,OPEN,Sample online banking issue 187,,2025-10-13,2025-10-13
T00188,C01192,2026-08-07,Transfers,LOW,NEW,Sample transfers issue 188,,2026-08-07,2026-08-07
T00189,C00300,2026-02-25,Payments,HIGH,RESOLVED,Sample payments issue 189,2026-02-28,2026-02-25,2026-02-28
T00190,C01009,2026-02-25,Transfers,H,RESOLVED,Sample transfers issue 190,2026-03-05,2026-02-25,2026-03-05
,C00634,2025-11-28,Account,H,IN PROGRESS,Sample account issue 191,,2025-11-28,2025-11-28
T00192,C00001,2025-12-31,Card,M,CLOSED,Sample card issue 192,2026-01-04,2025-12-31,2026-01-04
T00193,C00480,2026-02-23,Card,H,NEW,Sample card issue 193,,2026-02-23,2026-02-23
T00194,C00155,2026-02-02,Mobile App,M,RESOLVED,Sample mobile app issue 194,2026-02-16,2026-02-02,2026-02-16
T00195,C00590,2026-03-02,Payments,HIGH,RESOLVED,Sample payments issue 195,2026-03-11,2026-03-02,2026-03-11
T00196,C00243,2026-01-03,Transfers,L,OPEN,Sample transfers issue 196,,2026-01-03,2026-01-03
T00197,C00214,2026-03-20,Card,H,IN PROGRESS,Sample card issue 197,,2026-03-20,2026-03-20
T00198,C00862,2025-09-09,Payments,LOW,RESOLVED,Sample payments issue 198,2025-09-24,2025-09-09,2025-09-24
T00199,C00706,2026-01-11,Online Banking,HIGH,IN PROGRESS,Sample online banking issue 199,,2026-01-11,2026-01-11
T00200,C00257,2025-09-15,Online Banking,H,RESOLVED,Sample online banking issue 200,2025-09-28,2025-09-15,2025-09-28
T00201,C00178,2025-10-28,Mobile App,LOW,NEW,Sample mobile app issue 201,,2025-10-28,2025-10-28
T00202,C01122,2025-09-21,Payments,H,IN PROGRESS,Sample payments issue 202,,2025-09-21,2025-09-21
T00203,C00123,2026-01-22,Transfers,HIGH,OPEN,Sample transfers issue 203,,2026-01-22,2026-01-22
T00204,C00234,2026-06-12,Online Banking,MEDIUM,NEW,Sample online banking issue 204,,2026-06-12,2026-06-12
T00205,C00792,2025-12-17,Online Banking,LOW,CLOSED,Sample online banking issue 205,2025-12-31,2025-12-17,2025-12-31
T00206,C00504,2025-12-17,Account,HIGH,RESOLVED,Sample account issue 206,2025-12-23,2025-12-17,2025-12-23
T00207,C00996,2026-06-02,Transfers,H,NEW,Sample transfers issue 207,,2026-06-02,2026-06-02
T00208,C00319,2025-11-15,Mobile App,H,IN PROGRESS,Sample mobile app issue 208,,2025-11-15,2025-11-15
T00209,C01050,2026-06-09,Transfers,M,RESOLVED,Sample transfers issue 209,2026-06-18,2026-06-09,2026-06-18
T00210,C00172,2026-01-18,Payments,H,NEW,Sample payments issue 210,,2026-01-18,2026-01-18
T00211,C00639,2026-03-25,Mobile App,HIGH,NEW,Sample mobile app issue 211,,2026-03-25,2026-03-25
T00212,C00502,2026-08-07,Online Banking,MEDIUM,OPEN,Sample online banking issue 212,,2026-08-07,2026-08-07
T00213,C01102,2026-02-27,Mobile App,L,NEW,Sample mobile app issue 213,,2026-02-27,2026-02-27
T00214,C00150,2025-08-27,Card,HIGH,NEW,Sample card issue 214,,2025-08-27,2025-08-27
T00215,C00706,2026-06-06,Payments,L,IN PROGRESS,Sample payments issue 215,,2026-06-06,2026-06-06
T00216,C00428,2025-09-15,Payments,HIGH,CLOSED,Sample payments issue 216,2025-09-27,2025-09-15,2025-09-27
T00217,C01006,2025-12-16,Online Banking,LOW,CLOSED,Sample online banking issue 217,2025-12-24,2025-12-16,2025-12-24
T00218,C01018,2025-11-08,Transfers,MEDIUM,NEW,Sample transfers issue 218,,2025-11-08,2025-11-08
T00219,C00431,2026-02-24,Account,L,CLOSED,Sample account issue 219,2026-02-26,2026-02-24,2026-02-26
T00220,C00202,2026-06-08,Online Banking,M,OPEN,Sample online banking issue 220,,2026-06-08,2026-06-08
T00221,C00724,2025-09-11,Payments,HIGH,OPEN,Sample payments issue 221,,2025-09-11,2025-09-11
T00222,C00377,2025-08-25,Account,MEDIUM,RESOLVED,Sample account issue 222,2025-09-06,2025-08-25,2025-09-06
T00223,C00131,2026-01-03,Account,HIGH,NEW,Sample account issue 223,,2026-01-03,2026-01-03
T00224,C00648,2025-12-12,Account,M,NEW,Sample account issue 224,,2025-12-12,2025-12-12
T00225,C00749,2026-04-28,Payments,LOW,NEW,Sample payments issue 225,,2026-04-28,2026-04-28
T00226,C00962,2026-01-30,Payments,MEDIUM,IN PROGRESS,Sample payments issue 226,,2026-01-30,2026-01-30
T00227,C00602,2026-04-07,Mobile App,L,CLOSED,Sample mobile app issue 227,2026-04-21,2026-04-07,2026-04-21
T00228,C00571,2026-01-12,Card,L,NEW,Sample card issue 228,,2026-01-12,2026-01-12
T00229,C00045,2026-03-24,Online Banking,M,IN PROGRESS,Sample online banking issue 229,,2026-03-24,2026-03-24
T00230,C00012,2026-01-22,Account,MEDIUM,NEW,Sample account issue 230,,2026-01-22,2026-01-22
T00231,C00858,2025-10-26,Mobile App,M,NEW,Sample mobile app issue 231,,2025-10-26,2025-10-26
T00232,C00293,2026-02-03,Online Banking,LOW,CLOSED,Sample online banking issue 232,2026-02-13,2026-02-03,2026-02-13
T00233,C00856,2026-07-22,Payments,LOW,RESOLVED,Sample payments issue 233,2026-07-26,2026-07-22,2026-07-26
T00234,C00474,2025-12-09,Mobile App,LOW,NEW,Sample mobile app issue 234,,2025-12-09,2025-12-09
T00235,C00903,2026-03-08,Mobile App,L,OPEN,Sample mobile app issue 235,,2026-03-08,2026-03-08
T00236,C00552,2026-04-30,Transfers,HIGH,IN PROGRESS,Sample transfers issue 236,,2026-04-30,2026-04-30
T00237,C00226,2026-07-12,Mobile App,M,NEW,Sample mobile app issue 237,,2026-07-12,2026-07-12
T00238,C00382,2026-01-07,Online Banking,HIGH,IN PROGRESS,Sample online banking issue 238,,2026-01-07,2026-01-07
T00239,C00946,2026-05-10,Payments,L,IN PROGRESS,Sample payments issue 239,,2026-05-10,2026-05-10
T00240,C00707,2025-08-30,Account,MEDIUM,OPEN,Sample account issue 240,,2025-08-30,2025-08-30
T00241,C00239,2025-11-01,Account,L,RESOLVED,Sample account issue 241,2025-11-05,2025-11-01,2025-11-05
T00242,C00050,2026-03-22,Payments,HIGH,OPEN,Sample payments issue 242,,2026-03-22,2026-03-22
T00243,C00600,2026-04-23,Online Banking,MEDIUM,CLOSED,Sample online banking issue 243,2026-04-27,2026-04-23,2026-04-27
T00244,C00396,2025-11-07,Card,MEDIUM,NEW,Sample card issue 244,,2025-11-07,2025-11-07
T00245,C00115,2025-09-22,Transfers,L,NEW,Sample transfers issue 245,,2025-09-22,2025-09-22
T00246,C00132,2025-08-26,Account,LOW,IN PROGRESS,Sample account issue 246,,2025-08-26,2025-08-26
T00247,C00912,2026-01-28,Transfers,H,RESOLVED,Sample transfers issue 247,2026-02-09,2026-01-28,2026-02-09
T00248,C00450,2026-01-28,Payments,LOW,NEW,Sample payments issue 248,,2026-01-28,2026-01-28
T00249,C00009,2026-06-08,Card,H,CLOSED,Sample card issue 249,2026-06-21,2026-06-08,2026-06-21
T00250,C00056,2026-07-15,Card,H,NEW,Sample card issue 250,,2026-07-15,2026-07-15
T00251,C00550,2025-09-06,Mobile App,HIGH,CLOSED,Sample mobile app issue 251,2025-09-15,2025-09-06,2025-09-15
T00252,C00417,2026-02-01,Mobile App,HIGH,IN PROGRESS,Sample mobile app issue 252,,2026-02-01,2026-02-01
T00253,C01181,2026-05-02,Transfers,MEDIUM,RESOLVED,Sample transfers issue 253,2026-05-16,2026-05-02,2026-05-16
T00254,C01107,2026-08-07,Transfers,L,CLOSED,Sample transfers issue 254,2026-08-12,2026-08-07,2026-08-12
T00255,C00424,2026-01-23,Transfers,MEDIUM,RESOLVED,Sample transfers issue 255,2026-01-25,2026-01-23,2026-01-25
T00256,C00519,2026-08-14,Transfers,L,IN PROGRESS,Sample transfers issue 256,,2026-08-14,2026-08-14
T00257,C01152,2026-03-25,Online Banking,M,RESOLVED,Sample online banking issue 257,2026-03-29,2026-03-25,2026-03-29
T00258,C00107,2026-01-16,Mobile App,H,IN PROGRESS,Sample mobile app issue 258,,2026-01-16,2026-01-16
T00259,C00757,2026-05-14,Account,H,NEW,Sample account issue 259,,2026-05-14,2026-05-14
T00260,C00103,2025-11-03,Account,LOW,NEW,Sample account issue 260,,2025-11-03,2025-11-03
T00261,C00680,2026-08-18,Online Banking,M,OPEN,Sample online banking issue 261,,2026-08-18,2026-08-18
T00262,C00707,2026-01-30,Payments,L,OPEN,Sample payments issue 262,,2026-01-30,2026-01-30
T00263,C00100,2025-08-30,Mobile App,HIGH,OPEN,Sample mobile app issue 263,,2025-08-30,2025-08-30
T00264,C00523,2025-11-23,Account,LOW,CLOSED,Sample account issue 264,2025-11-24,2025-11-23,2025-11-24
T00265,C00126,2026-07-15,Account,M,OPEN,Sample account issue 265,,2026-07-15,2026-07-15
T00266,C00831,2026-04-17,Account,MEDIUM,OPEN,Sample account issue 266,,2026-04-17,2026-04-17
T00267,C00438,2025-12-01,Online Banking,M,IN PROGRESS,Sample online banking issue 267,,2025-12-01,2025-12-01
T00268,C01055,2026-05-13,Account,LOW,CLOSED,Sample account issue 268,2026-05-16,2026-05-13,2026-05-16
T00269,C00655,2026-04-29,Payments,M,RESOLVED,Sample payments issue 269,2026-05-08,2026-04-29,2026-05-08
T00270,C00087,2025-12-03,Card,L,OPEN,Sample card issue 270,,2025-12-03,2025-12-03
T00271,C00826,2025-09-25,Online Banking,L,OPEN,Sample online banking issue 271,,2025-09-25,2025-09-25
T00272,C00226,2026-03-09,Payments,MEDIUM,RESOLVED,Sample payments issue 272,2026-03-18,2026-03-09,2026-03-18
T00273,C00187,2025-12-31,Online Banking,L,CLOSED,Sample online banking issue 273,2026-01-08,2025-12-31,2026-01-08
T00274,C00211,2030-01-01,Payments,MEDIUM,NEW,Sample payments issue 274,,2030-01-01,2026-07-30
T00275,C00211,2025-10-12,Payments,MEDIUM,CLOSED,Sample payments issue 275,2025-10-18,2025-10-12,2025-10-18
T00276,C01057,2026-07-02,Account,MEDIUM,OPEN,Sample account issue 276,,2026-07-02,2026-07-02
T00277,C00175,2026-01-13,Online Banking,L,CLOSED,Sample online banking issue 277,2026-01-26,2026-01-13,2026-01-26
T00278,C00730,2025-10-30,Payments,L,RESOLVED,Sample payments issue 278,2025-11-11,2025-10-30,2025-11-11
T00279,C00408,2025-08-19,Transfers,HIGH,CLOSED,Sample transfers issue 279,2025-08-25,2025-08-19,2025-08-25
T00280,C00086,2026-01-19,Payments,LOW,OPEN,Sample payments issue 280,,2026-01-19,2026-01-19
T00281,C01099,2026-03-07,Account,HIGH,OPEN,Sample account issue 281,,2026-03-07,2026-03-07
T00282,C00731,2026-02-08,Account,LOW,NEW,Sample account issue 282,,2026-02-08,2026-02-08
T00283,C00713,2025-11-15,Mobile App,MEDIUM,OPEN,Sample mobile app issue 283,,2025-11-15,2025-11-15
T00284,C00757,2026-03-04,Mobile App,HIGH,RESOLVED,Sample mobile app issue 284,2026-03-08,2026-03-04,2026-03-08
T00285,C01185,2026-02-13,Card,LOW,NEW,Sample card issue 285,,2026-02-13,2026-02-13
T00286,C00327,2025-10-19,Account,MEDIUM,CLOSED,Sample account issue 286,2025-10-24,2025-10-19,2025-10-24
T00287,C00959,2026-01-26,Online Banking,LOW,NEW,Sample online banking issue 287,,2026-01-26,2026-01-26
T00288,C00089,2025-12-15,Mobile App,H,IN PROGRESS,Sample mobile app issue 288,,2025-12-15,2025-12-15
T00289,C00549,2025-09-04,Mobile App,MEDIUM,IN PROGRESS,Sample mobile app issue 289,,2025-09-04,2025-09-04
T00290,C00427,2026-01-11,Mobile App,H,CLOSED,Sample mobile app issue 290,2026-01-26,2026-01-11,2026-01-26
T00291,C01056,2026-05-07,Card,M,OPEN,Sample card issue 291,,2026-05-07,2026-05-07
T00292,C00367,2026-05-06,Payments,MEDIUM,NEW,Sample payments issue 292,,2026-05-06,2026-05-06
T00293,C00649,2026-02-03,Account,H,RESOLVED,Sample account issue 293,2026-02-10,2026-02-03,2026-02-10
T00294,C00126,2025-09-26,Transfers,HIGH,IN PROGRESS,Sample transfers issue 294,,2025-09-26,2025-09-26
T00295,C00760,2026-03-08,Mobile App,M,NEW,Sample mobile app issue 295,,2026-03-08,2026-03-08
T00296,C00010,2026-01-12,Card,L,OPEN,Sample card issue 296,,2026-01-12,2026-01-12
T00297,C01097,2025-12-22,Online Banking,L,NEW,Sample online banking issue 297,,2025-12-22,2025-12-22
T00298,C00017,2025-12-20,Transfers,LOW,NEW,Sample transfers issue 298,,2025-12-20,2025-12-20
T00299,C00342,2025-12-28,Mobile App,MEDIUM,NEW,Sample mobile app issue 299,,2025-12-28,2025-12-28
T00300,C00238,2025-12-18,Transfers,H,RESOLVED,Sample transfers issue 300,2026-01-01,2025-12-18,2026-01-01
T00301,C00654,2025-12-05,Card,HIGH,IN PROGRESS,Sample card issue 301,,2025-12-05,2025-12-05
T00302,C00003,2025-08-29,Card,L,RESOLVED,Sample card issue 302,2025-09-10,2025-08-29,2025-09-10
T00303,C00170,2026-07-18,Payments,HIGH,OPEN,Sample payments issue 303,,2026-07-18,2026-07-18
T00304,C00571,2026-07-12,Card,HIGH,OPEN,Sample card issue 304,,2026-07-12,2026-07-12
T00305,C00595,2026-05-11,Transfers,MEDIUM,IN PROGRESS,Sample transfers issue 305,,2026-05-11,2026-05-11
T00306,C00991,2026-04-30,Account,LOW,OPEN,Sample account issue 306,,2026-04-30,2026-04-30
T00307,C00875,2025-09-13,Online Banking,H,RESOLVED,Sample online banking issue 307,2025-09-28,2025-09-13,2025-09-28
T00308,C00771,2025-09-05,Online Banking,M,CLOSED,Sample online banking issue 308,2025-09-20,2025-09-05,2025-09-20
T00309,C00817,2025-08-20,Account,MEDIUM,CLOSED,Sample account issue 309,2025-09-02,2025-08-20,2025-09-02
T00310,C00774,2025-12-28,Online Banking,L,RESOLVED,Sample online banking issue 310,2026-01-06,2025-12-28,2026-01-06
T00311,C00545,2026-04-20,Account,H,NEW,Sample account issue 311,,2026-04-20,2026-04-20
T00312,C00331,2026-08-10,Card,M,CLOSED,Sample card issue 312,2026-08-21,2026-08-10,2026-08-21
T00313,C00940,2026-06-09,Card,L,RESOLVED,Sample card issue 313,2026-06-20,2026-06-09,2026-06-20
T00314,C00181,2026-05-08,Card,L,NEW,Sample card issue 314,,2026-05-08,2026-05-08
T00315,C00028,2026-07-11,Card,MEDIUM,IN PROGRESS,Sample card issue 315,,2026-07-11,2026-07-11
T00316,C00583,2026-08-08,Transfers,MEDIUM,IN PROGRESS,Sample transfers issue 316,,2026-08-08,2026-08-08
T00317,C00103,2025-09-09,Payments,H,NEW,Sample payments issue 317,,2025-09-09,2025-09-09
T00318,C00674,2026-02-28,Online Banking,H,RESOLVED,Sample online banking issue 318,2026-03-03,2026-02-28,2026-03-03
T00319,C00142,2025-08-24,Online Banking,MEDIUM,OPEN,Sample online banking issue 319,,2025-08-24,2025-08-24
T00320,C00019,2025-08-21,Payments,H,NEW,Sample payments issue 320,,2025-08-21,2025-08-21
T00321,C00822,2025-12-03,Card,M,OPEN,Sample card issue 321,,2025-12-03,2025-12-03
T00322,C00536,2025-11-05,Transfers,MEDIUM,CLOSED,Sample transfers issue 322,2025-11-11,2025-11-05,2025-11-11
T00323,C00417,2026-02-27,Mobile App,HIGH,CLOSED,Sample mobile app issue 323,2026-03-13,2026-02-27,2026-03-13
T00324,C01025,2026-03-08,Mobile App,LOW,IN PROGRESS,Sample mobile app issue 324,,2026-03-08,2026-03-08
T00325,C00183,2026-05-05,Payments,L,IN PROGRESS,Sample payments issue 325,,2026-05-05,2026-05-05
T00326,C01169,2026-05-15,Account,MEDIUM,OPEN,Sample account issue 326,,2026-05-15,2026-05-15
T00327,C00788,2025-12-20,Account,HIGH,CLOSED,Sample account issue 327,2025-12-22,2025-12-20,2025-12-22
T00328,C00794,2025-08-20,Transfers,M,CLOSED,Sample transfers issue 328,2025-09-02,2025-08-20,2025-09-02
T00329,C00047,2025-09-05,Card,HIGH,NEW,Sample card issue 329,,2025-09-05,2025-09-05
T00330,C00835,2026-07-03,Transfers,MEDIUM,RESOLVED,Sample transfers issue 330,2026-07-07,2026-07-03,2026-07-07
T00331,C00291,2026-02-13,Mobile App,M,NEW,Sample mobile app issue 331,,2026-02-13,2026-02-13
T00332,C00341,2026-01-29,Account,LOW,CLOSED,Sample account issue 332,2026-02-08,2026-01-29,2026-02-08
T00333,C00006,2025-12-06,Account,H,NEW,Sample account issue 333,,2025-12-06,2025-12-06
T00334,C01119,2026-08-01,Online Banking,MEDIUM,NEW,Sample online banking issue 334,,2026-08-01,2026-08-01
T00335,C00623,2025-09-12,Online Banking,LOW,OPEN,Sample online banking issue 335,,2025-09-12,2025-09-12
T00336,C00177,2026-02-06,Account,L,OPEN,Sample account issue 336,,2026-02-06,2026-02-06
T00337,C00427,2026-08-06,Account,HIGH,CLOSED,Sample account issue 337,2026-08-16,2026-08-06,2026-08-16
T00338,C00416,2025-12-08,Payments,LOW,OPEN,Sample payments issue 338,,2025-12-08,2025-12-08
T00339,C00656,2026-07-20,Card,MEDIUM,NEW,Sample card issue 339,,2026-07-20,2026-07-20
T00340,C00412,2025-09-17,Payments,H,NEW,Sample payments issue 340,,2025-09-17,2025-09-17
T00341,C00078,2026-07-04,Online Banking,L,OPEN,Sample online banking issue 341,,2026-07-04,2026-07-04
T00342,C01133,2026-07-23,Online Banking,MEDIUM,CLOSED,Sample online banking issue 342,2026-07-30,2026-07-23,2026-07-30
T00343,C00008,2025-11-25,Transfers,M,OPEN,Sample transfers issue 343,,2025-11-25,2025-11-25
T00344,C01079,2025-11-19,Card,LOW,OPEN,Sample card issue 344,,2025-11-19,2025-11-19
T00345,C00571,2026-04-22,Transfers,H,IN PROGRESS,Sample transfers issue 345,,2026-04-22,2026-04-22
T00346,C00104,2026-02-28,Mobile App,L,CLOSED,Sample mobile app issue 346,2026-03-05,2026-02-28,2026-03-05
T00347,C00452,2026-04-23,Account,LOW,OPEN,Sample account issue 347,,2026-04-23,2026-04-23
T00348,C00497,2026-01-03,Online Banking,MEDIUM,RESOLVED,Sample online banking issue 348,2026-01-16,2026-01-03,2026-01-16
T00349,C00051,2026-01-29,Mobile App,L,NEW,Sample mobile app issue 349,,2026-01-29,2026-01-29
T00350,C00879,2026-07-07,Card,L,NEW,Sample card issue 350,,2026-07-07,2026-07-07
T00351,C00621,2026-07-15,Mobile App,MEDIUM,IN PROGRESS,Sample mobile app issue 351,,2026-07-15,2026-07-15
T00352,C00008,2025-08-26,Payments,M,IN PROGRESS,Sample payments issue 352,,2025-08-26,2025-08-26
T00353,C00075,2026-04-28,Online Banking,M,OPEN,Sample online banking issue 353,,2026-04-28,2026-04-28
T00354,C00501,2025-09-04,Transfers,H,CLOSED,Sample transfers issue 354,2025-09-10,2025-09-04,2025-09-10
T00355,C00918,2025-10-09,Card,L,RESOLVED,Sample card issue 355,2025-10-24,2025-10-09,2025-10-24
T00356,C00194,2025-12-04,Card,L,IN PROGRESS,Sample card issue 356,,2025-12-04,2025-12-04
T00357,C00632,2025-10-23,Transfers,HIGH,OPEN,Sample transfers issue 357,,2025-10-23,2025-10-23
T00358,C00836,2025-09-11,Payments,LOW,RESOLVED,Sample payments issue 358,2025-09-18,2025-09-11,2025-09-18
T00359,C00213,2026-02-17,Transfers,MEDIUM,OPEN,Sample transfers issue 359,,2026-02-17,2026-02-17
T00360,C00202,2025-12-13,Transfers,L,RESOLVED,Sample transfers issue 360,2025-12-28,2025-12-13,2025-12-28
T00361,C01088,2025-12-08,Card,L,RESOLVED,Sample card issue 361,2025-12-20,2025-12-08,2025-12-20
T00362,C01116,2026-04-30,Payments,L,RESOLVED,Sample payments issue 362,2026-05-07,2026-04-30,2026-05-07
T00363,C00180,2025-09-12,Online Banking,LOW,IN PROGRESS,Sample online banking issue 363,,2025-09-12,2025-09-12
T00364,C00823,2025-09-17,Payments,HIGH,RESOLVED,Sample payments issue 364,2025-09-22,2025-09-17,2025-09-22
T00365,C00871,2025-10-19,Card,MEDIUM,NEW,Sample card issue 365,,2025-10-19,2025-10-19
T00366,C00399,2026-01-08,Mobile App,MEDIUM,RESOLVED,Sample mobile app issue 366,2026-01-08,2026-01-08,2026-01-08
T00367,C00666,2025-09-23,Payments,HIGH,RESOLVED,Sample payments issue 367,2025-09-25,2025-09-23,2025-09-25
T00368,C00597,2026-05-15,Payments,L,CLOSED,Sample payments issue 368,2026-05-15,2026-05-15,2026-05-15
T00369,C01159,2025-10-24,Account,L,NEW,Sample account issue 369,,2025-10-24,2025-10-24
T00370,C00700,2026-06-25,Account,L,NEW,Sample account issue 370,,2026-06-25,2026-06-25
T00371,C00889,2025-12-17,Card,M,RESOLVED,Sample card issue 371,2025-12-31,2025-12-17,2025-12-31
T00372,C00052,2025-10-14,Account,L,RESOLVED,Sample account issue 372,2025-10-26,2025-10-14,2025-10-26
T00373,C01090,2026-05-14,Transfers,H,CLOSED,Sample transfers issue 373,2026-05-25,2026-05-14,2026-05-25
T00374,C00596,2026-03-09,Online Banking,H,OPEN,Sample online banking issue 374,,2026-03-09,2026-03-09
T00375,C00676,2026-01-05,Payments,MEDIUM,OPEN,Sample payments issue 375,,2026-01-05,2026-01-05
T00376,C00144,2025-11-09,Mobile App,HIGH,CLOSED,Sample mobile app issue 376,2025-11-15,2025-11-09,2025-11-15
T00377,C00719,2025-10-20,Payments,H,IN PROGRESS,Sample payments issue 377,,2025-10-20,2025-10-20
T00378,C00234,2025-11-18,Online Banking,M,CLOSED,Sample online banking issue 378,2025-12-02,2025-11-18,2025-12-02
T00379,C00740,2025-11-22,Online Banking,H,RESOLVED,Sample online banking issue 379,2025-11-23,2025-11-22,2025-11-23
T00380,C00553,2026-08-16,Account,L,CLOSED,Sample account issue 380,2026-08-21,2026-08-16,2026-08-21
T00381,C00916,2025-08-23,Mobile App,L,NEW,Sample mobile app issue 381,,2025-08-23,2025-08-23
,C00949,2025-12-10,Transfers,H,IN PROGRESS,Sample transfers issue 382,,2025-12-10,2025-12-10
T00383,C00035,2025-10-02,Transfers,HIGH,NEW,Sample transfers issue 383,,2025-10-02,2025-10-02
T00384,C00253,2025-10-21,Online Banking,H,NEW,Sample online banking issue 384,,2025-10-21,2025-10-21
T00385,C00028,2026-06-03,Transfers,H,IN PROGRESS,Sample transfers issue 385,,2026-06-03,2026-06-03
T00386,C00074,2025-09-23,Transfers,MEDIUM,CLOSED,Sample transfers issue 386,2025-10-05,2025-09-23,2025-10-05
T00387,C00048,2026-03-31,Mobile App,MEDIUM,NEW,Sample mobile app issue 387,,2026-03-31,2026-03-31
T00388,C00372,2025-09-14,Card,HIGH,CLOSED,Sample card issue 388,2025-09-25,2025-09-14,2025-09-25
T00389,C00432,2026-04-24,Payments,H,NEW,Sample payments issue 389,,2026-04-24,2026-04-24
T00390,C00345,2025-09-28,Payments,H,CLOSED,Sample payments issue 390,2025-09-28,2025-09-28,2025-09-28
T00391,C00279,2026-08-12,Online Banking,M,RESOLVED,Sample online banking issue 391,2026-08-18,2026-08-12,2026-08-18
T00392,C00532,2026-05-22,Card,LOW,RESOLVED,Sample card issue 392,2026-06-04,2026-05-22,2026-06-04
T00393,C00962,2025-10-29,Card,LOW,RESOLVED,Sample card issue 393,2025-11-09,2025-10-29,2025-11-09
T00394,C00669,2025-09-27,Online Banking,MEDIUM,IN PROGRESS,Sample online banking issue 394,,2025-09-27,2025-09-27
T00395,C00568,2025-08-30,Transfers,M,OPEN,Sample transfers issue 395,,2025-08-30,2025-08-30
T00396,C01016,2026-01-30,Payments,M,CLOSED,Sample payments issue 396,2026-02-10,2026-01-30,2026-02-10
T00397,C00742,2026-07-24,Card,LOW,RESOLVED,Sample card issue 397,2026-08-08,2026-07-24,2026-08-08
T00398,C00449,2026-03-16,Account,M,IN PROGRESS,Sample account issue 398,,2026-03-16,2026-03-16
T00399,C00780,2026-03-02,Account,LOW,OPEN,Sample account issue 399,,2026-03-02,2026-03-02
T00400,C01053,2026-01-11,Account,HIGH,CLOSED,Sample account issue 400,2026-01-24,2026-01-11,2026-01-24
T00401,C00407,2025-09-11,Mobile App,M,IN PROGRESS,Sample mobile app issue 401,,2025-09-11,2025-09-11
T00402,C00724,2025-11-04,Transfers,LOW,NEW,Sample transfers issue 402,,2025-11-04,2025-11-04
T00403,C01013,2025-11-11,Payments,HIGH,RESOLVED,Sample payments issue 403,2025-11-16,2025-11-11,2025-11-16
T00404,C00642,2026-01-08,Mobile App,HIGH,RESOLVED,Sample mobile app issue 404,2026-01-17,2026-01-08,2026-01-17
T00405,C00944,2026-06-01,Transfers,MEDIUM,OPEN,Sample transfers issue 405,,2026-06-01,2026-06-01
T00406,C01041,2026-02-13,Online Banking,L,CLOSED,Sample online banking issue 406,2026-02-28,2026-02-13,2026-02-28
T00407,C00837,2026-03-23,Card,L,NEW,Sample card issue 407,,2026-03-23,2026-03-23
T00408,C00516,2025-11-04,Transfers,M,NEW,Sample transfers issue 408,,2025-11-04,2025-11-04
T00409,C00065,2026-04-16,Mobile App,M,RESOLVED,Sample mobile app issue 409,2026-04-26,2026-04-16,2026-04-26
T00410,C00123,2026-08-06,Account,M,IN PROGRESS,Sample account issue 410,,2026-08-06,2026-08-06
T00411,C00552,2030-01-01,Mobile App,MEDIUM,CLOSED,Sample mobile app issue 411,2026-08-07,2030-01-01,2026-08-07
T00412,C00017,2025-12-24,Transfers,H,NEW,Sample transfers issue 412,,2025-12-24,2025-12-24
T00413,C00353,2025-12-27,Account,L,NEW,Sample account issue 413,,2025-12-27,2025-12-27
T00414,C00958,2026-05-10,Transfers,MEDIUM,CLOSED,Sample transfers issue 414,2026-05-11,2026-05-10,2026-05-11
T00415,C00645,2026-04-24,Mobile App,M,RESOLVED,Sample mobile app issue 415,2026-04-28,2026-04-24,2026-04-28
T00416,C00010,2025-09-27,Transfers,HIGH,IN PROGRESS,Sample transfers issue 416,,2025-09-27,2025-09-27
T00417,C00864,2025-11-04,Online Banking,HIGH,OPEN,Sample online banking issue 417,,2025-11-04,2025-11-04
T00418,C00726,2026-02-28,Online Banking,H,CLOSED,Sample online banking issue 418,2026-03-11,2026-02-28,2026-03-11
T00419,C00010,2025-09-06,Transfers,M,NEW,Sample transfers issue 419,,2025-09-06,2025-09-06
T00420,C00379,2026-02-24,Transfers,L,OPEN,Sample transfers issue 420,,2026-02-24,2026-02-24
T00421,C00704,2026-07-01,Card,HIGH,IN PROGRESS,Sample card issue 421,,2026-07-01,2026-07-01
T00422,C00543,2026-07-16,Payments,LOW,NEW,Sample payments issue 422,,2026-07-16,2026-07-16
T00423,C01007,2025-09-01,Card,L,NEW,Sample card issue 423,,2025-09-01,2025-09-01
T00424,C00206,2026-03-02,Online Banking,H,NEW,Sample online banking issue 424,,2026-03-02,2026-03-02
T00425,C00723,2026-06-07,Transfers,L,NEW,Sample transfers issue 425,,2026-06-07,2026-06-07
T00426,C00822,2026-08-04,Card,M,IN PROGRESS,Sample card issue 426,,2026-08-04,2026-08-04
T00427,C01130,2026-05-16,Card,MEDIUM,RESOLVED,Sample card issue 427,2026-05-24,2026-05-16,2026-05-24
T00428,C00705,2025-09-07,Transfers,H,RESOLVED,Sample transfers issue 428,2025-09-12,2025-09-07,2025-09-12
T00429,C00745,2025-08-29,Mobile App,MEDIUM,OPEN,Sample mobile app issue 429,,2025-08-29,2025-08-29
T00430,C00717,2026-04-26,Mobile App,M,CLOSED,Sample mobile app issue 430,2026-05-02,2026-04-26,2026-05-02
T00431,C00532,2026-03-22,Online Banking,LOW,IN PROGRESS,Sample online banking issue 431,,2026-03-22,2026-03-22
T00432,C00166,2026-01-10,Mobile App,L,OPEN,Sample mobile app issue 432,,2026-01-10,2026-01-10
T00433,C00161,2026-04-22,Online Banking,MEDIUM,IN PROGRESS,Sample online banking issue 433,,2026-04-22,2026-04-22
T00434,C00733,2025-09-12,Account,M,IN PROGRESS,Sample account issue 434,,2025-09-12,2025-09-12
T00435,C00930,2025-09-02,Transfers,LOW,NEW,Sample transfers issue 435,,2025-09-02,2025-09-02
T00436,C00382,2026-08-02,Payments,L,RESOLVED,Sample payments issue 436,2026-08-06,2026-08-02,2026-08-06
T00437,C00507,2026-06-24,Card,MEDIUM,RESOLVED,Sample card issue 437,2026-07-08,2026-06-24,2026-07-08
T00438,C00178,2026-04-12,Card,LOW,RESOLVED,Sample card issue 438,2026-04-15,2026-04-12,2026-04-15
T00439,C00342,2026-03-09,Payments,MEDIUM,RESOLVED,Sample payments issue 439,2026-03-20,2026-03-09,2026-03-20
T00440,C00869,2026-04-09,Card,H,OPEN,Sample card issue 440,,2026-04-09,2026-04-09
T00441,C00243,2025-11-28,Mobile App,L,IN PROGRESS,Sample mobile app issue 441,,2025-11-28,2025-11-28
T00442,C00029,2025-09-17,Card,L,RESOLVED,Sample card issue 442,2025-09-29,2025-09-17,2025-09-29
T00443,C01170,2025-10-04,Payments,HIGH,OPEN,Sample payments issue 443,,2025-10-04,2025-10-04
T00444,C00042,2026-07-07,Card,HIGH,CLOSED,Sample card issue 444,2026-07-20,2026-07-07,2026-07-20
T00445,C00893,2025-10-06,Online Banking,LOW,CLOSED,Sample online banking issue 445,2025-10-16,2025-10-06,2025-10-16
T00446,C00688,2025-12-09,Account,H,OPEN,Sample account issue 446,,2025-12-09,2025-12-09
T00447,C01106,2025-08-19,Transfers,HIGH,IN PROGRESS,Sample transfers issue 447,,2025-08-19,2025-08-19
T00448,C00205,2026-06-15,Card,HIGH,RESOLVED,Sample card issue 448,2026-06-29,2026-06-15,2026-06-29
T00449,C01088,2026-04-30,Card,L,IN PROGRESS,Sample card issue 449,,2026-04-30,2026-04-30
T00450,C01029,2025-11-20,Account,M,OPEN,Sample account issue 450,,2025-11-20,2025-11-20
T00451,C00312,2026-07-03,Transfers,H,IN PROGRESS,Sample transfers issue 451,,2026-07-03,2026-07-03
T00452,C00497,2026-06-05,Mobile App,MEDIUM,IN PROGRESS,Sample mobile app issue 452,,2026-06-05,2026-06-05
T00453,C00297,2026-03-19,Online Banking,L,IN PROGRESS,Sample online banking issue 453,,2026-03-19,2026-03-19
T00454,C00505,2026-05-21,Online Banking,M,NEW,Sample online banking issue 454,,2026-05-21,2026-05-21
T00455,C00905,2026-06-12,Account,MEDIUM,RESOLVED,Sample account issue 455,2026-06-23,2026-06-12,2026-06-23
T00456,C00131,2025-12-23,Mobile App,H,NEW,Sample mobile app issue 456,,2025-12-23,2025-12-23
T00457,C00050,2026-03-02,Mobile App,LOW,IN PROGRESS,Sample mobile app issue 457,,2026-03-02,2026-03-02
T00458,C00175,2026-03-25,Card,L,IN PROGRESS,Sample card issue 458,,2026-03-25,2026-03-25
T00459,C00613,2025-08-21,Transfers,HIGH,NEW,Sample transfers issue 459,,2025-08-21,2025-08-21
T00460,C00174,2026-01-07,Card,H,CLOSED,Sample card issue 460,2026-01-18,2026-01-07,2026-01-18
T00461,C01199,2025-09-01,Transfers,MEDIUM,NEW,Sample transfers issue 461,,2025-09-01,2025-09-01
T00462,C00220,2025-12-14,Transfers,M,OPEN,Sample transfers issue 462,,2025-12-14,2025-12-14
T00463,C01198,2026-08-10,Transfers,H,RESOLVED,Sample transfers issue 463,2026-08-14,2026-08-10,2026-08-14
T00464,C00696,2025-09-08,Payments,H,RESOLVED,Sample payments issue 464,2025-09-12,2025-09-08,2025-09-12
T00465,C01043,2025-12-30,Card,H,NEW,Sample card issue 465,,2025-12-30,2025-12-30
T00466,C00171,2026-01-12,Transfers,LOW,NEW,Sample transfers issue 466,,2026-01-12,2026-01-12
T00467,C00319,2026-07-22,Card,HIGH,CLOSED,Sample card issue 467,2026-08-06,2026-07-22,2026-08-06
T00468,C01162,2026-06-29,Payments,H,CLOSED,Sample payments issue 468,2026-07-06,2026-06-29,2026-07-06
T00469,C00944,2026-03-07,Transfers,MEDIUM,RESOLVED,Sample transfers issue 469,2026-03-13,2026-03-07,2026-03-13
T00470,C00736,2025-12-14,Online Banking,HIGH,OPEN,Sample online banking issue 470,,2025-12-14,2025-12-14
T00471,C00003,2025-11-02,Payments,MEDIUM,CLOSED,Sample payments issue 471,2025-11-16,2025-11-02,2025-11-16
T00472,C00166,2025-09-23,Account,M,IN PROGRESS,Sample account issue 472,,2025-09-23,2025-09-23
T00473,C00562,2026-05-10,Account,M,OPEN,Sample account issue 473,,2026-05-10,2026-05-10
T00474,C00013,2026-07-23,Card,HIGH,OPEN,Sample card issue 474,,2026-07-23,2026-07-23
T00475,C01013,2025-09-22,Mobile App,L,RESOLVED,Sample mobile app issue 475,2025-09-29,2025-09-22,2025-09-29
T00476,C00635,2025-10-09,Card,LOW,OPEN,Sample card issue 476,,2025-10-09,2025-10-09
T00477,C00648,2026-02-22,Card,L,OPEN,Sample card issue 477,,2026-02-22,2026-02-22
T00478,C00487,2026-01-26,Online Banking,LOW,RESOLVED,Sample online banking issue 478,2026-02-07,2026-01-26,2026-02-07
T00479,C00422,2026-07-25,Online Banking,M,IN PROGRESS,Sample online banking issue 479,,2026-07-25,2026-07-25
T00480,C00141,2026-01-22,Account,L,RESOLVED,Sample account issue 480,2026-02-02,2026-01-22,2026-02-02
T00481,C00869,2025-08-19,Card,L,NEW,Sample card issue 481,,2025-08-19,2025-08-19
T00482,C00155,2025-12-03,Online Banking,HIGH,OPEN,Sample online banking issue 482,,2025-12-03,2025-12-03
T00483,C00354,2025-11-10,Payments,H,NEW,Sample payments issue 483,,2025-11-10,2025-11-10
T00484,C00500,2026-07-25,Online Banking,HIGH,IN PROGRESS,Sample online banking issue 484,,2026-07-25,2026-07-25
T00485,C01118,2026-03-28,Online Banking,M,RESOLVED,Sample online banking issue 485,2026-03-29,2026-03-28,2026-03-29
T00486,C00202,2026-05-29,Online Banking,HIGH,NEW,Sample online banking issue 486,,2026-05-29,2026-05-29
T00487,C00484,2025-11-17,Account,HIGH,CLOSED,Sample account issue 487,2025-11-22,2025-11-17,2025-11-22
T00488,C00158,2026-08-02,Transfers,LOW,CLOSED,Sample transfers issue 488,2026-08-08,2026-08-02,2026-08-08
T00489,C00842,2026-02-01,Transfers,HIGH,CLOSED,Sample transfers issue 489,2026-02-04,2026-02-01,2026-02-04
T00490,C01101,2026-01-18,Card,L,OPEN,Sample card issue 490,,2026-01-18,2026-01-18
T00491,C00981,2025-09-06,Transfers,HIGH,OPEN,Sample transfers issue 491,,2025-09-06,2025-09-06
T00492,C01046,2026-02-05,Payments,L,CLOSED,Sample payments issue 492,2026-02-05,2026-02-05,2026-02-05
T00493,C00996,2025-08-22,Transfers,MEDIUM,IN PROGRESS,Sample transfers issue 493,,2025-08-22,2025-08-22
T00494,C00088,2025-12-15,Online Banking,H,NEW,Sample online banking issue 494,,2025-12-15,2025-12-15
T00495,C00527,2026-02-18,Online Banking,LOW,NEW,Sample online banking issue 495,,2026-02-18,2026-02-18
T00496,C00019,2026-06-28,Payments,MEDIUM,OPEN,Sample payments issue 496,,2026-06-28,2026-06-28
T00497,C01149,2026-06-21,Account,M,RESOLVED,Sample account issue 497,2026-06-28,2026-06-21,2026-06-28
T00498,C00370,2026-08-04,Online Banking,HIGH,CLOSED,Sample online banking issue 498,2026-08-14,2026-08-04,2026-08-14
T00499,C00761,2025-12-27,Mobile App,H,OPEN,Sample mobile app issue 499,,2025-12-27,2025-12-27
T00500,C00543,2026-06-23,Mobile App,LOW,CLOSED,Sample mobile app issue 500,2026-06-25,2026-06-23,2026-06-25
T00501,C00745,2026-03-16,Account,MEDIUM,IN PROGRESS,Sample account issue 501,,2026-03-16,2026-03-16
T00502,C00810,2025-10-12,Mobile App,M,RESOLVED,Sample mobile app issue 502,2025-10-16,2025-10-12,2025-10-16
T00503,C00382,2026-02-26,Mobile App,MEDIUM,RESOLVED,Sample mobile app issue 503,2026-03-01,2026-02-26,2026-03-01
T00504,C00900,2026-01-11,Card,MEDIUM,RESOLVED,Sample card issue 504,2026-01-13,2026-01-11,2026-01-13
T00505,C01027,2025-09-02,Transfers,L,OPEN,Sample transfers issue 505,,2025-09-02,2025-09-02
T00506,C00493,2026-01-18,Payments,L,NEW,Sample payments issue 506,,2026-01-18,2026-01-18
T00507,C00823,2026-02-18,Card,MEDIUM,RESOLVED,Sample card issue 507,2026-02-21,2026-02-18,2026-02-21
T00508,C00763,2026-01-05,Online Banking,M,CLOSED,Sample online banking issue 508,2026-01-12,2026-01-05,2026-01-12
T00509,C00202,2025-12-08,Payments,HIGH,NEW,Sample payments issue 509,,2025-12-08,2025-12-08
T00510,C00587,2025-11-13,Transfers,H,CLOSED,Sample transfers issue 510,2025-11-28,2025-11-13,2025-11-28
T00511,C00592,2026-05-26,Card,LOW,NEW,Sample card issue 511,,2026-05-26,2026-05-26
T00512,C00609,2026-02-05,Account,MEDIUM,OPEN,Sample account issue 512,,2026-02-05,2026-02-05
T00513,C00869,2026-02-04,Payments,HIGH,NEW,Sample payments issue 513,,2026-02-04,2026-02-04
T00514,C00227,2026-04-29,Account,H,OPEN,Sample account issue 514,,2026-04-29,2026-04-29
T00515,C00611,2025-12-27,Transfers,HIGH,RESOLVED,Sample transfers issue 515,2025-12-30,2025-12-27,2025-12-30
T00516,C00381,2025-10-02,Account,M,OPEN,Sample account issue 516,,2025-10-02,2025-10-02
T00517,C00813,2025-11-30,Online Banking,L,NEW,Sample online banking issue 517,,2025-11-30,2025-11-30
T00518,C00537,2026-01-15,Payments,MEDIUM,NEW,Sample payments issue 518,,2026-01-15,2026-01-15
T00519,C00642,2026-08-05,Payments,MEDIUM,IN PROGRESS,Sample payments issue 519,,2026-08-05,2026-08-05
T00520,C01046,2025-11-16,Mobile App,MEDIUM,CLOSED,Sample mobile app issue 520,2025-11-28,2025-11-16,2025-11-28
T00521,C01129,2026-08-07,Payments,L,NEW,Sample payments issue 521,,2026-08-07,2026-08-07
T00522,C00570,2026-04-22,Online Banking,L,OPEN,Sample online banking issue 522,,2026-04-22,2026-04-22
T00523,C00465,2026-04-28,Payments,LOW,RESOLVED,Sample payments issue 523,2026-05-05,2026-04-28,2026-05-05
T00524,C00371,2026-07-09,Mobile App,LOW,IN PROGRESS,Sample mobile app issue 524,,2026-07-09,2026-07-09
T00525,C00344,2026-06-05,Transfers,MEDIUM,CLOSED,Sample transfers issue 525,2026-06-08,2026-06-05,2026-06-08
T00526,C00457,2026-07-20,Mobile App,M,RESOLVED,Sample mobile app issue 526,2026-07-30,2026-07-20,2026-07-30
T00527,C00103,2026-07-17,Account,MEDIUM,OPEN,Sample account issue 527,,2026-07-17,2026-07-17
T00528,C00193,2025-09-01,Mobile App,H,NEW,Sample mobile app issue 528,,2025-09-01,2025-09-01
T00529,C01052,2025-11-13,Card,HIGH,RESOLVED,Sample card issue 529,2025-11-18,2025-11-13,2025-11-18
T00530,C00395,2026-03-28,Mobile App,H,RESOLVED,Sample mobile app issue 530,2026-03-31,2026-03-28,2026-03-31
T00531,C01195,2026-07-05,Payments,MEDIUM,CLOSED,Sample payments issue 531,2026-07-08,2026-07-05,2026-07-08
T00532,C00686,2025-09-19,Payments,LOW,OPEN,Sample payments issue 532,,2025-09-19,2025-09-19
T00533,C00978,2026-01-01,Mobile App,M,CLOSED,Sample mobile app issue 533,2026-01-09,2026-01-01,2026-01-09
T00534,C00117,2025-10-25,Mobile App,M,CLOSED,Sample mobile app issue 534,2025-11-08,2025-10-25,2025-11-08
T00535,C01005,2026-05-28,Online Banking,H,NEW,Sample online banking issue 535,,2026-05-28,2026-05-28
T00536,C00839,2026-06-23,Mobile App,M,IN PROGRESS,Sample mobile app issue 536,,2026-06-23,2026-06-23
T00537,C00195,2026-01-17,Mobile App,L,IN PROGRESS,Sample mobile app issue 537,,2026-01-17,2026-01-17
T00538,C00887,2025-10-05,Online Banking,H,CLOSED,Sample online banking issue 538,2025-10-08,2025-10-05,2025-10-08
T00539,C00642,2025-12-09,Transfers,MEDIUM,NEW,Sample transfers issue 539,,2025-12-09,2025-12-09
T00540,C00410,2026-04-16,Payments,H,OPEN,Sample payments issue 540,,2026-04-16,2026-04-16
T00541,C00722,2026-05-24,Account,MEDIUM,CLOSED,Sample account issue 541,2026-06-07,2026-05-24,2026-06-07
T00542,C00625,2026-05-19,Payments,L,RESOLVED,Sample payments issue 542,2026-05-22,2026-05-19,2026-05-22
T00543,C01149,2026-01-20,Payments,L,NEW,Sample payments issue 543,,2026-01-20,2026-01-20
T00544,C00433,2026-07-13,Mobile App,L,OPEN,Sample mobile app issue 544,,2026-07-13,2026-07-13
T00545,C01087,2025-08-30,Payments,HIGH,CLOSED,Sample payments issue 545,2025-08-31,2025-08-30,2025-08-31
T00546,C00425,2025-08-26,Online Banking,LOW,OPEN,Sample online banking issue 546,,2025-08-26,2025-08-26
T00547,C01012,2026-08-12,Payments,M,RESOLVED,Sample payments issue 547,2026-08-14,2026-08-12,2026-08-14
T00548,C00797,2030-01-01,Online Banking,HIGH,NEW,Sample online banking issue 548,,2030-01-01,2026-05-14
T00549,C00247,2025-08-30,Payments,HIGH,NEW,Sample payments issue 549,,2025-08-30,2025-08-30
T00550,C01185,2026-07-10,Account,H,RESOLVED,Sample account issue 550,2026-07-20,2026-07-10,2026-07-20
T00551,C00116,2026-07-26,Transfers,HIGH,IN PROGRESS,Sample transfers issue 551,,2026-07-26,2026-07-26
T00552,C00732,2025-12-18,Mobile App,LOW,NEW,Sample mobile app issue 552,,2025-12-18,2025-12-18
T00553,C00682,2026-03-20,Mobile App,L,IN PROGRESS,Sample mobile app issue 553,,2026-03-20,2026-03-20
T00554,C00863,2026-04-25,Transfers,HIGH,IN PROGRESS,Sample transfers issue 554,,2026-04-25,2026-04-25
T00555,C00987,2025-09-04,Card,M,CLOSED,Sample card issue 555,2025-09-07,2025-09-04,2025-09-07
T00556,C00660,2026-04-29,Card,M,CLOSED,Sample card issue 556,2026-05-03,2026-04-29,2026-05-03
T00557,C00378,2026-06-25,Online Banking,M,RESOLVED,Sample online banking issue 557,2026-07-03,2026-06-25,2026-07-03
T00558,C00521,2025-11-06,Transfers,MEDIUM,OPEN,Sample transfers issue 558,,2025-11-06,2025-11-06
T00559,C00374,2026-01-15,Online Banking,LOW,NEW,Sample online banking issue 559,,2026-01-15,2026-01-15
T00560,C01111,2026-05-14,Online Banking,MEDIUM,RESOLVED,Sample online banking issue 560,2026-05-15,2026-05-14,2026-05-15
T00561,C00529,2026-04-21,Account,H,CLOSED,Sample account issue 561,2026-04-29,2026-04-21,2026-04-29
T00562,C00479,2026-05-04,Account,H,CLOSED,Sample account issue 562,2026-05-12,2026-05-04,2026-05-12
T00563,C00497,2026-03-11,Online Banking,H,RESOLVED,Sample online banking issue 563,2026-03-17,2026-03-11,2026-03-17
T00564,C00692,2025-12-21,Mobile App,L,CLOSED,Sample mobile app issue 564,2026-01-02,2025-12-21,2026-01-02
T00565,C00627,2026-07-26,Transfers,M,CLOSED,Sample transfers issue 565,2026-08-08,2026-07-26,2026-08-08
T00566,C00569,2025-10-26,Card,LOW,CLOSED,Sample card issue 566,2025-11-09,2025-10-26,2025-11-09
T00567,C00221,2026-08-02,Transfers,MEDIUM,CLOSED,Sample transfers issue 567,2026-08-07,2026-08-02,2026-08-07
T00568,C00191,2025-12-14,Account,MEDIUM,NEW,Sample account issue 568,,2025-12-14,2025-12-14
T00569,C00423,2026-01-25,Online Banking,HIGH,CLOSED,Sample online banking issue 569,2026-01-27,2026-01-25,2026-01-27
T00570,C00928,2025-10-04,Payments,H,RESOLVED,Sample payments issue 570,2025-10-10,2025-10-04,2025-10-10
T00571,C00981,2025-12-17,Online Banking,LOW,NEW,Sample online banking issue 571,,2025-12-17,2025-12-17
T00572,C00370,2026-04-25,Online Banking,M,IN PROGRESS,Sample online banking issue 572,,2026-04-25,2026-04-25
,C00350,2026-06-12,Transfers,LOW,NEW,Sample transfers issue 573,,2026-06-12,2026-06-12
T00574,C01076,2026-04-02,Transfers,LOW,OPEN,Sample transfers issue 574,,2026-04-02,2026-04-02
T00575,C00504,2026-04-23,Payments,HIGH,OPEN,Sample payments issue 575,,2026-04-23,2026-04-23
T00576,C00030,2026-04-20,Account,H,RESOLVED,Sample account issue 576,2026-04-30,2026-04-20,2026-04-30
T00577,C00635,2025-11-13,Transfers,M,OPEN,Sample transfers issue 577,,2025-11-13,2025-11-13
T00578,C01133,2026-04-03,Account,M,NEW,Sample account issue 578,,2026-04-03,2026-04-03
T00579,C00573,2026-05-31,Card,HIGH,OPEN,Sample card issue 579,,2026-05-31,2026-05-31
T00580,C00631,2026-02-11,Transfers,MEDIUM,OPEN,Sample transfers issue 580,,2026-02-11,2026-02-11
T00581,C00187,2026-01-20,Transfers,H,IN PROGRESS,Sample transfers issue 581,,2026-01-20,2026-01-20
T00582,C00134,2025-09-10,Transfers,M,CLOSED,Sample transfers issue 582,2025-09-23,2025-09-10,2025-09-23
T00583,C01180,2026-01-17,Online Banking,M,IN PROGRESS,Sample online banking issue 583,,2026-01-17,2026-01-17
T00584,C00720,2026-06-27,Payments,HIGH,IN PROGRESS,Sample payments issue 584,,2026-06-27,2026-06-27
T00585,C00958,2025-10-05,Card,H,CLOSED,Sample card issue 585,2025-10-07,2025-10-05,2025-10-07
T00586,C00275,2026-03-08,Transfers,M,IN PROGRESS,Sample transfers issue 586,,2026-03-08,2026-03-08
T00587,C00115,2026-03-05,Transfers,L,OPEN,Sample transfers issue 587,,2026-03-05,2026-03-05
T00588,C00145,2026-05-19,Transfers,H,RESOLVED,Sample transfers issue 588,2026-05-21,2026-05-19,2026-05-21
T00589,C00786,2025-09-23,Account,M,NEW,Sample account issue 589,,2025-09-23,2025-09-23
T00590,C01184,2025-10-07,Card,L,IN PROGRESS,Sample card issue 590,,2025-10-07,2025-10-07
T00591,C00358,2026-05-21,Transfers,HIGH,OPEN,Sample transfers issue 591,,2026-05-21,2026-05-21
T00592,C01195,2025-12-16,Payments,LOW,RESOLVED,Sample payments issue 592,2025-12-28,2025-12-16,2025-12-28
T00593,C01168,2026-01-14,Card,M,CLOSED,Sample card issue 593,2026-01-19,2026-01-14,2026-01-19
T00594,C00786,2026-04-21,Mobile App,H,NEW,Sample mobile app issue 594,,2026-04-21,2026-04-21
T00595,C00134,2025-10-31,Online Banking,LOW,IN PROGRESS,Sample online banking issue 595,,2025-10-31,2025-10-31
T00596,C00034,2025-11-14,Mobile App,L,NEW,Sample mobile app issue 596,,2025-11-14,2025-11-14
T00597,C00575,2026-04-22,Card,LOW,IN PROGRESS,Sample card issue 597,,2026-04-22,2026-04-22
T00598,C00005,2025-09-29,Account,MEDIUM,NEW,Sample account issue 598,,2025-09-29,2025-09-29
T00599,C00385,2026-01-13,Mobile App,M,NEW,Sample mobile app issue 599,,2026-01-13,2026-01-13
T00600,C00615,2026-01-21,Card,LOW,NEW,Sample card issue 600,,2026-01-21,2026-01-21
T00601,C00528,2025-11-27,Card,HIGH,CLOSED,Sample card issue 601,2025-12-04,2025-11-27,2025-12-04
T00602,C01079,2025-12-20,Online Banking,MEDIUM,IN PROGRESS,Sample online banking issue 602,,2025-12-20,2025-12-20
T00603,C00077,2026-01-07,Transfers,L,CLOSED,Sample transfers issue 603,2026-01-15,2026-01-07,2026-01-15
T00604,C00360,2026-01-08,Account,M,IN PROGRESS,Sample account issue 604,,2026-01-08,2026-01-08
T00605,C00274,2026-04-13,Payments,L,CLOSED,Sample payments issue 605,2026-04-18,2026-04-13,2026-04-18
T00606,C00922,2026-03-03,Online Banking,M,IN PROGRESS,Sample online banking issue 606,,2026-03-03,2026-03-03
T00607,C01183,2026-05-06,Online Banking,M,IN PROGRESS,Sample online banking issue 607,,2026-05-06,2026-05-06
T00608,C00558,2026-05-27,Mobile App,MEDIUM,CLOSED,Sample mobile app issue 608,2026-06-07,2026-05-27,2026-06-07
T00609,C01166,2025-09-29,Card,MEDIUM,OPEN,Sample card issue 609,,2025-09-29,2025-09-29
T00610,C00430,2025-10-13,Account,M,RESOLVED,Sample account issue 610,2025-10-22,2025-10-13,2025-10-22
T00611,C00830,2025-10-15,Payments,M,OPEN,Sample payments issue 611,,2025-10-15,2025-10-15
T00612,C00256,2026-07-27,Payments,L,IN PROGRESS,Sample payments issue 612,,2026-07-27,2026-07-27
T00613,C00078,2025-11-24,Online Banking,L,NEW,Sample online banking issue 613,,2025-11-24,2025-11-24
T00614,C00280,2025-10-21,Account,L,IN PROGRESS,Sample account issue 614,,2025-10-21,2025-10-21
T00615,C00584,2025-12-01,Account,LOW,RESOLVED,Sample account issue 615,2025-12-07,2025-12-01,2025-12-07
T00616,C00889,2025-10-10,Mobile App,MEDIUM,RESOLVED,Sample mobile app issue 616,2025-10-22,2025-10-10,2025-10-22
T00617,C00034,2025-12-31,Payments,MEDIUM,CLOSED,Sample payments issue 617,2026-01-08,2025-12-31,2026-01-08
T00618,C00046,2025-08-25,Payments,MEDIUM,OPEN,Sample payments issue 618,,2025-08-25,2025-08-25
T00619,C00535,2025-10-23,Online Banking,L,OPEN,Sample online banking issue 619,,2025-10-23,2025-10-23
T00620,C00054,2026-01-05,Online Banking,HIGH,OPEN,Sample online banking issue 620,,2026-01-05,2026-01-05
T00621,C00918,2025-11-23,Transfers,H,IN PROGRESS,Sample transfers issue 621,,2025-11-23,2025-11-23
T00622,C00858,2026-02-27,Account,MEDIUM,RESOLVED,Sample account issue 622,2026-03-14,2026-02-27,2026-03-14
T00623,C00694,2026-03-05,Transfers,H,OPEN,Sample transfers issue 623,,2026-03-05,2026-03-05
T00624,C00197,2025-11-14,Online Banking,MEDIUM,CLOSED,Sample online banking issue 624,2025-11-27,2025-11-14,2025-11-27
T00625,C01153,2025-12-10,Account,LOW,IN PROGRESS,Sample account issue 625,,2025-12-10,2025-12-10
T00626,C00582,2025-09-03,Card,LOW,NEW,Sample card issue 626,,2025-09-03,2025-09-03
T00627,C00891,2026-05-04,Mobile App,L,IN PROGRESS,Sample mobile app issue 627,,2026-05-04,2026-05-04
T00628,C00570,2025-11-27,Online Banking,M,IN PROGRESS,Sample online banking issue 628,,2025-11-27,2025-11-27
T00629,C00837,2026-08-10,Payments,LOW,IN PROGRESS,Sample payments issue 629,,2026-08-10,2026-08-10
T00630,C00703,2025-10-27,Payments,M,NEW,Sample payments issue 630,,2025-10-27,2025-10-27
T00631,C00542,2026-07-26,Transfers,HIGH,NEW,Sample transfers issue 631,,2026-07-26,2026-07-26
T00632,C01100,2025-11-04,Payments,L,RESOLVED,Sample payments issue 632,2025-11-06,2025-11-04,2025-11-06
T00633,C00255,2026-05-25,Payments,M,IN PROGRESS,Sample payments issue 633,,2026-05-25,2026-05-25
T00634,C00115,2026-08-01,Account,LOW,NEW,Sample account issue 634,,2026-08-01,2026-08-01
T00635,C01005,2026-04-17,Transfers,MEDIUM,CLOSED,Sample transfers issue 635,2026-04-27,2026-04-17,2026-04-27
T00636,C00147,2026-05-22,Mobile App,LOW,RESOLVED,Sample mobile app issue 636,2026-05-31,2026-05-22,2026-05-31
T00637,C00589,2026-01-20,Mobile App,L,NEW,Sample mobile app issue 637,,2026-01-20,2026-01-20
T00638,C00790,2026-04-15,Transfers,HIGH,RESOLVED,Sample transfers issue 638,2026-04-16,2026-04-15,2026-04-16
T00639,C00039,2026-03-06,Card,LOW,CLOSED,Sample card issue 639,2026-03-17,2026-03-06,2026-03-17
T00640,C00290,2026-07-06,Online Banking,MEDIUM,OPEN,Sample online banking issue 640,,2026-07-06,2026-07-06
T00641,C00683,2025-11-10,Mobile App,H,CLOSED,Sample mobile app issue 641,2025-11-22,2025-11-10,2025-11-22
T00642,C00603,2025-10-10,Online Banking,LOW,NEW,Sample online banking issue 642,,2025-10-10,2025-10-10
T00643,C01003,2025-12-04,Card,MEDIUM,IN PROGRESS,Sample card issue 643,,2025-12-04,2025-12-04
T00644,C00100,2026-02-20,Payments,HIGH,CLOSED,Sample payments issue 644,2026-03-04,2026-02-20,2026-03-04
T00645,C00301,2026-02-01,Payments,H,IN PROGRESS,Sample payments issue 645,,2026-02-01,2026-02-01
T00646,C00623,2026-05-11,Account,LOW,RESOLVED,Sample account issue 646,2026-05-17,2026-05-11,2026-05-17
T00647,C00529,2026-03-27,Transfers,MEDIUM,NEW,Sample transfers issue 647,,2026-03-27,2026-03-27
T00648,C00501,2025-12-01,Transfers,HIGH,CLOSED,Sample transfers issue 648,2025-12-13,2025-12-01,2025-12-13
T00649,C00309,2026-06-26,Transfers,HIGH,CLOSED,Sample transfers issue 649,2026-06-28,2026-06-26,2026-06-28
T00650,C00864,2026-04-27,Payments,H,IN PROGRESS,Sample payments issue 650,,2026-04-27,2026-04-27
T00651,C00451,2025-12-17,Payments,H,OPEN,Sample payments issue 651,,2025-12-17,2025-12-17
T00652,C00732,2026-01-02,Account,MEDIUM,IN PROGRESS,Sample account issue 652,,2026-01-02,2026-01-02
T00653,C00847,2025-12-25,Transfers,HIGH,RESOLVED,Sample transfers issue 653,2025-12-30,2025-12-25,2025-12-30
T00654,C00911,2026-02-01,Payments,L,NEW,Sample payments issue 654,,2026-02-01,2026-02-01
T00655,C01136,2026-03-11,Mobile App,L,OPEN,Sample mobile app issue 655,,2026-03-11,2026-03-11
T00656,C00767,2025-12-11,Payments,L,RESOLVED,Sample payments issue 656,2025-12-19,2025-12-11,2025-12-19
T00657,C00491,2026-04-01,Transfers,M,IN PROGRESS,Sample transfers issue 657,,2026-04-01,2026-04-01
T00658,C00726,2025-12-04,Card,HIGH,IN PROGRESS,Sample card issue 658,,2025-12-04,2025-12-04
T00659,C00492,2026-01-02,Online Banking,MEDIUM,RESOLVED,Sample online banking issue 659,2026-01-10,2026-01-02,2026-01-10
T00660,C00974,2026-01-31,Mobile App,M,RESOLVED,Sample mobile app issue 660,2026-02-13,2026-01-31,2026-02-13
T00661,C00047,2026-08-06,Card,MEDIUM,IN PROGRESS,Sample card issue 661,,2026-08-06,2026-08-06
T00662,C00632,2026-01-15,Online Banking,L,RESOLVED,Sample online banking issue 662,2026-01-26,2026-01-15,2026-01-26
T00663,C00611,2026-01-03,Card,H,IN PROGRESS,Sample card issue 663,,2026-01-03,2026-01-03
T00664,C00426,2026-07-11,Payments,LOW,IN PROGRESS,Sample payments issue 664,,2026-07-11,2026-07-11
T00665,C00120,2026-05-04,Mobile App,H,OPEN,Sample mobile app issue 665,,2026-05-04,2026-05-04
T00666,C00569,2025-09-23,Mobile App,LOW,OPEN,Sample mobile app issue 666,,2025-09-23,2025-09-23
T00667,C00732,2026-08-01,Payments,LOW,RESOLVED,Sample payments issue 667,2026-08-12,2026-08-01,2026-08-12
T00668,C00595,2025-12-02,Card,LOW,NEW,Sample card issue 668,,2025-12-02,2025-12-02
T00669,C01076,2026-04-06,Card,M,IN PROGRESS,Sample card issue 669,,2026-04-06,2026-04-06
T00670,C00701,2025-09-17,Card,HIGH,RESOLVED,Sample card issue 670,2025-09-28,2025-09-17,2025-09-28
T00671,C00881,2026-05-08,Payments,H,NEW,Sample payments issue 671,,2026-05-08,2026-05-08
T00672,C00533,2025-09-29,Online Banking,MEDIUM,OPEN,Sample online banking issue 672,,2025-09-29,2025-09-29
T00673,C00123,2026-08-04,Online Banking,LOW,CLOSED,Sample online banking issue 673,2026-08-06,2026-08-04,2026-08-06
T00674,C00741,2026-04-15,Mobile App,MEDIUM,IN PROGRESS,Sample mobile app issue 674,,2026-04-15,2026-04-15
T00675,C01028,2026-07-10,Mobile App,L,OPEN,Sample mobile app issue 675,,2026-07-10,2026-07-10
T00676,C00178,2025-10-20,Online Banking,L,RESOLVED,Sample online banking issue 676,2025-10-30,2025-10-20,2025-10-30
T00677,C00441,2026-06-27,Mobile App,LOW,IN PROGRESS,Sample mobile app issue 677,,2026-06-27,2026-06-27
T00678,C00874,2026-01-01,Payments,H,IN PROGRESS,Sample payments issue 678,,2026-01-01,2026-01-01
T00679,C00919,2026-03-12,Payments,MEDIUM,IN PROGRESS,Sample payments issue 679,,2026-03-12,2026-03-12
T00680,C00998,2026-07-02,Mobile App,LOW,CLOSED,Sample mobile app issue 680,2026-07-15,2026-07-02,2026-07-15
T00681,C00946,2026-08-18,Transfers,LOW,IN PROGRESS,Sample transfers issue 681,,2026-08-18,2026-08-18
T00682,C00786,2025-10-24,Transfers,L,RESOLVED,Sample transfers issue 682,2025-11-05,2025-10-24,2025-11-05
T00683,C00764,2026-06-04,Transfers,LOW,CLOSED,Sample transfers issue 683,2026-06-04,2026-06-04,2026-06-04
T00684,C00703,2026-06-11,Payments,L,IN PROGRESS,Sample payments issue 684,,2026-06-11,2026-06-11
T00685,C01079,2030-01-01,Online Banking,LOW,IN PROGRESS,Sample online banking issue 685,,2030-01-01,2025-10-22
T00686,C00337,2025-10-06,Account,LOW,OPEN,Sample account issue 686,,2025-10-06,2025-10-06
T00687,C00370,2026-04-21,Online Banking,L,NEW,Sample online banking issue 687,,2026-04-21,2026-04-21
T00688,C00866,2025-08-23,Payments,M,NEW,Sample payments issue 688,,2025-08-23,2025-08-23
T00689,C00986,2026-08-10,Account,LOW,IN PROGRESS,Sample account issue 689,,2026-08-10,2026-08-10
T00690,C00319,2026-04-17,Card,H,CLOSED,Sample card issue 690,2026-04-30,2026-04-17,2026-04-30
T00691,C00138,2026-04-11,Account,HIGH,OPEN,Sample account issue 691,,2026-04-11,2026-04-11
T00692,C00067,2026-07-04,Payments,M,CLOSED,Sample payments issue 692,2026-07-16,2026-07-04,2026-07-16
T00693,C00499,2025-12-13,Payments,HIGH,IN PROGRESS,Sample payments issue 693,,2025-12-13,2025-12-13
T00694,C00930,2025-11-09,Account,LOW,CLOSED,Sample account issue 694,2025-11-11,2025-11-09,2025-11-11
T00695,C00535,2025-12-05,Card,MEDIUM,IN PROGRESS,Sample card issue 695,,2025-12-05,2025-12-05
T00696,C00006,2026-03-18,Card,HIGH,IN PROGRESS,Sample card issue 696,,2026-03-18,2026-03-18
T00697,C00212,2026-03-04,Account,H,CLOSED,Sample account issue 697,2026-03-12,2026-03-04,2026-03-12
T00698,C00463,2025-09-08,Transfers,L,NEW,Sample transfers issue 698,,2025-09-08,2025-09-08
T00699,C00169,2025-12-15,Account,L,NEW,Sample account issue 699,,2025-12-15,2025-12-15
T00700,C01018,2025-09-03,Account,MEDIUM,RESOLVED,Sample account issue 700,2025-09-16,2025-09-03,2025-09-16
T00701,C00185,2026-03-17,Card,HIGH,OPEN,Sample card issue 701,,2026-03-17,2026-03-17
T00702,C00385,2026-02-12,Mobile App,H,OPEN,Sample mobile app issue 702,,2026-02-12,2026-02-12
T00703,C00766,2026-06-07,Mobile App,HIGH,IN PROGRESS,Sample mobile app issue 703,,2026-06-07,2026-06-07
T00704,C00161,2026-04-04,Mobile App,M,RESOLVED,Sample mobile app issue 704,2026-04-14,2026-04-04,2026-04-14
T00705,C00344,2026-05-03,Transfers,LOW,CLOSED,Sample transfers issue 705,2026-05-14,2026-05-03,2026-05-14
T00706,C00119,2026-06-19,Account,L,RESOLVED,Sample account issue 706,2026-06-29,2026-06-19,2026-06-29
T00707,C00156,2025-11-24,Transfers,HIGH,IN PROGRESS,Sample transfers issue 707,,2025-11-24,2025-11-24
T00708,C01063,2025-11-08,Account,H,RESOLVED,Sample account issue 708,2025-11-18,2025-11-08,2025-11-18
T00709,C00365,2026-02-07,Mobile App,HIGH,RESOLVED,Sample mobile app issue 709,2026-02-18,2026-02-07,2026-02-18
T00710,C00452,2025-11-16,Online Banking,M,NEW,Sample online banking issue 710,,2025-11-16,2025-11-16
T00711,C00085,2025-11-19,Mobile App,LOW,CLOSED,Sample mobile app issue 711,2025-11-21,2025-11-19,2025-11-21
T00712,C00134,2026-07-21,Mobile App,M,NEW,Sample mobile app issue 712,,2026-07-21,2026-07-21
T00713,C00261,2026-02-02,Account,LOW,NEW,Sample account issue 713,,2026-02-02,2026-02-02
T00714,C00322,2025-10-12,Account,H,NEW,Sample account issue 714,,2025-10-12,2025-10-12
T00715,C00949,2025-08-31,Mobile App,LOW,CLOSED,Sample mobile app issue 715,2025-09-11,2025-08-31,2025-09-11
T00716,C00209,2026-04-17,Mobile App,HIGH,OPEN,Sample mobile app issue 716,,2026-04-17,2026-04-17
T00717,C00968,2026-07-17,Card,HIGH,CLOSED,Sample card issue 717,2026-07-27,2026-07-17,2026-07-27
T00718,C00606,2026-03-20,Online Banking,LOW,OPEN,Sample online banking issue 718,,2026-03-20,2026-03-20
T00719,C00511,2026-01-25,Card,H,OPEN,Sample card issue 719,,2026-01-25,2026-01-25
T00720,C00401,2026-03-01,Account,H,IN PROGRESS,Sample account issue 720,,2026-03-01,2026-03-01
T00721,C00080,2026-07-17,Card,HIGH,IN PROGRESS,Sample card issue 721,,2026-07-17,2026-07-17
T00722,C00022,2026-07-19,Account,MEDIUM,IN PROGRESS,Sample account issue 722,,2026-07-19,2026-07-19
T00723,C00205,2026-01-05,Transfers,H,CLOSED,Sample transfers issue 723,2026-01-07,2026-01-05,2026-01-07
T00724,C01125,2025-10-07,Mobile App,M,RESOLVED,Sample mobile app issue 724,2025-10-18,2025-10-07,2025-10-18
T00725,C00936,2025-09-13,Account,MEDIUM,IN PROGRESS,Sample account issue 725,,2025-09-13,2025-09-13
T00726,C00626,2025-08-21,Transfers,M,RESOLVED,Sample transfers issue 726,2025-08-28,2025-08-21,2025-08-28
T00727,C00377,2026-03-16,Mobile App,L,OPEN,Sample mobile app issue 727,,2026-03-16,2026-03-16
T00728,C00833,2025-10-20,Card,L,OPEN,Sample card issue 728,,2025-10-20,2025-10-20
T00729,C00313,2025-10-16,Account,H,IN PROGRESS,Sample account issue 729,,2025-10-16,2025-10-16
T00730,C00169,2026-01-17,Transfers,L,IN PROGRESS,Sample transfers issue 730,,2026-01-17,2026-01-17
T00731,C00215,2026-06-27,Payments,LOW,OPEN,Sample payments issue 731,,2026-06-27,2026-06-27
T00732,C00121,2026-02-04,Online Banking,LOW,RESOLVED,Sample online banking issue 732,2026-02-06,2026-02-04,2026-02-06
T00733,C00513,2025-11-22,Card,HIGH,NEW,Sample card issue 733,,2025-11-22,2025-11-22
T00734,C01032,2026-06-16,Payments,HIGH,RESOLVED,Sample payments issue 734,2026-06-20,2026-06-16,2026-06-20
T00735,C01023,2026-06-02,Transfers,M,OPEN,Sample transfers issue 735,,2026-06-02,2026-06-02
T00736,C00781,2025-09-26,Transfers,L,RESOLVED,Sample transfers issue 736,2025-10-01,2025-09-26,2025-10-01
T00737,C01084,2025-10-31,Online Banking,HIGH,RESOLVED,Sample online banking issue 737,2025-11-04,2025-10-31,2025-11-04
T00738,C01174,2025-09-29,Payments,LOW,IN PROGRESS,Sample payments issue 738,,2025-09-29,2025-09-29
T00739,C00708,2026-07-05,Online Banking,L,OPEN,Sample online banking issue 739,,2026-07-05,2026-07-05
T00740,C00721,2026-04-23,Transfers,MEDIUM,NEW,Sample transfers issue 740,,2026-04-23,2026-04-23
T00741,C00934,2026-06-13,Mobile App,H,NEW,Sample mobile app issue 741,,2026-06-13,2026-06-13
T00742,C00299,2025-08-23,Card,H,NEW,Sample card issue 742,,2025-08-23,2025-08-23
T00743,C00696,2026-07-26,Mobile App,L,RESOLVED,Sample mobile app issue 743,2026-08-03,2026-07-26,2026-08-03
T00744,C00392,2025-12-09,Account,L,NEW,Sample account issue 744,,2025-12-09,2025-12-09
T00745,C00717,2025-12-24,Card,H,OPEN,Sample card issue 745,,2025-12-24,2025-12-24
T00746,C00092,2026-03-20,Card,M,IN PROGRESS,Sample card issue 746,,2026-03-20,2026-03-20
T00747,C00302,2025-09-06,Transfers,LOW,CLOSED,Sample transfers issue 747,2025-09-06,2025-09-06,2025-09-06
T00748,C00090,2025-11-27,Payments,M,RESOLVED,Sample payments issue 748,2025-11-27,2025-11-27,2025-11-27
T00749,C00373,2025-11-09,Card,M,OPEN,Sample card issue 749,,2025-11-09,2025-11-09
T00750,C00978,2026-08-12,Account,M,RESOLVED,Sample account issue 750,2026-08-23,2026-08-12,2026-08-23
T00751,C01187,2025-12-31,Online Banking,H,RESOLVED,Sample online banking issue 751,2026-01-10,2025-12-31,2026-01-10
T00752,C01030,2026-04-09,Transfers,LOW,OPEN,Sample transfers issue 752,,2026-04-09,2026-04-09
T00753,C00804,2025-10-23,Payments,LOW,CLOSED,Sample payments issue 753,2025-11-02,2025-10-23,2025-11-02
T00754,C00193,2026-04-08,Online Banking,MEDIUM,NEW,Sample online banking issue 754,,2026-04-08,2026-04-08
T00755,C00276,2026-03-03,Payments,HIGH,IN PROGRESS,Sample payments issue 755,,2026-03-03,2026-03-03
T00756,C01042,2025-11-28,Mobile App,L,CLOSED,Sample mobile app issue 756,2025-12-13,2025-11-28,2025-12-13
T00757,C00487,2026-01-04,Payments,H,RESOLVED,Sample payments issue 757,2026-01-15,2026-01-04,2026-01-15
T00758,C00263,2026-05-05,Payments,HIGH,RESOLVED,Sample payments issue 758,2026-05-06,2026-05-05,2026-05-06
T00759,C00201,2025-10-20,Online Banking,LOW,OPEN,Sample online banking issue 759,,2025-10-20,2025-10-20
T00760,C00573,2026-05-11,Online Banking,MEDIUM,CLOSED,Sample online banking issue 760,2026-05-23,2026-05-11,2026-05-23
T00761,C00916,2025-10-21,Transfers,H,IN PROGRESS,Sample transfers issue 761,,2025-10-21,2025-10-21
T00762,C01043,2025-10-27,Card,H,CLOSED,Sample card issue 762,2025-10-27,2025-10-27,2025-10-27
T00763,C00526,2026-05-04,Online Banking,L,IN PROGRESS,Sample online banking issue 763,,2026-05-04,2026-05-04
,C00504,2025-10-22,Transfers,L,IN PROGRESS,Sample transfers issue 764,,2025-10-22,2025-10-22
T00765,C00151,2026-05-24,Account,L,CLOSED,Sample account issue 765,2026-06-02,2026-05-24,2026-06-02
T00766,C00942,2025-08-19,Account,L,OPEN,Sample account issue 766,,2025-08-19,2025-08-19
T00767,C00631,2026-07-25,Card,MEDIUM,IN PROGRESS,Sample card issue 767,,2026-07-25,2026-07-25
T00768,C00735,2026-06-14,Mobile App,H,CLOSED,Sample mobile app issue 768,2026-06-21,2026-06-14,2026-06-21
T00769,C00116,2026-01-21,Transfers,L,RESOLVED,Sample transfers issue 769,2026-01-27,2026-01-21,2026-01-27
T00770,C00807,2026-03-02,Card,MEDIUM,NEW,Sample card issue 770,,2026-03-02,2026-03-02
T00771,C01059,2026-08-14,Mobile App,MEDIUM,CLOSED,Sample mobile app issue 771,2026-08-22,2026-08-14,2026-08-22
T00772,C00779,2025-10-02,Account,LOW,CLOSED,Sample account issue 772,2025-10-15,2025-10-02,2025-10-15
T00773,C00342,2025-09-14,Mobile App,M,NEW,Sample mobile app issue 773,,2025-09-14,2025-09-14
T00774,C01077,2025-09-13,Card,HIGH,CLOSED,Sample card issue 774,2025-09-18,2025-09-13,2025-09-18
T00775,C01080,2025-11-17,Online Banking,HIGH,OPEN,Sample online banking issue 775,,2025-11-17,2025-11-17
T00776,C00430,2026-06-01,Account,H,NEW,Sample account issue 776,,2026-06-01,2026-06-01
T00777,C01097,2026-01-07,Payments,LOW,CLOSED,Sample payments issue 777,2026-01-17,2026-01-07,2026-01-17
T00778,C01015,2026-03-19,Payments,L,RESOLVED,Sample payments issue 778,2026-04-03,2026-03-19,2026-04-03
T00779,C00664,2026-08-09,Account,L,CLOSED,Sample account issue 779,2026-08-21,2026-08-09,2026-08-21
T00780,C00575,2026-04-28,Transfers,L,RESOLVED,Sample transfers issue 780,2026-05-06,2026-04-28,2026-05-06
T00781,C00301,2026-03-05,Account,H,CLOSED,Sample account issue 781,2026-03-20,2026-03-05,2026-03-20
T00782,C00411,2026-04-22,Transfers,H,IN PROGRESS,Sample transfers issue 782,,2026-04-22,2026-04-22
T00783,C00676,2025-12-17,Account,L,IN PROGRESS,Sample account issue 783,,2025-12-17,2025-12-17
T00784,C01001,2025-10-01,Mobile App,M,NEW,Sample mobile app issue 784,,2025-10-01,2025-10-01
T00785,C00132,2025-11-16,Online Banking,LOW,RESOLVED,Sample online banking issue 785,2025-11-24,2025-11-16,2025-11-24
T00786,C00791,2025-09-27,Mobile App,LOW,IN PROGRESS,Sample mobile app issue 786,,2025-09-27,2025-09-27
T00787,C00247,2026-05-30,Account,LOW,RESOLVED,Sample account issue 787,2026-06-13,2026-05-30,2026-06-13
T00788,C01010,2025-09-19,Mobile App,MEDIUM,OPEN,Sample mobile app issue 788,,2025-09-19,2025-09-19
T00789,C00550,2026-04-09,Card,L,IN PROGRESS,Sample card issue 789,,2026-04-09,2026-04-09
T00790,C00148,2026-01-22,Account,M,IN PROGRESS,Sample account issue 790,,2026-01-22,2026-01-22
T00791,C00826,2025-09-24,Online Banking,MEDIUM,RESOLVED,Sample online banking issue 791,2025-10-03,2025-09-24,2025-10-03
T00792,C00017,2025-11-20,Card,H,CLOSED,Sample card issue 792,2025-12-03,2025-11-20,2025-12-03
T00793,C01033,2025-11-02,Account,HIGH,NEW,Sample account issue 793,,2025-11-02,2025-11-02
T00794,C00393,2026-07-18,Payments,H,OPEN,Sample payments issue 794,,2026-07-18,2026-07-18
T00795,C00974,2026-07-06,Mobile App,LOW,IN PROGRESS,Sample mobile app issue 795,,2026-07-06,2026-07-06
T00796,C00576,2025-09-25,Card,HIGH,NEW,Sample card issue 796,,2025-09-25,2025-09-25
T00797,C00441,2026-06-15,Mobile App,M,CLOSED,Sample mobile app issue 797,2026-06-23,2026-06-15,2026-06-23
T00798,C00782,2025-09-13,Payments,MEDIUM,CLOSED,Sample payments issue 798,2025-09-18,2025-09-13,2025-09-18
T00799,C01065,2025-11-08,Mobile App,M,OPEN,Sample mobile app issue 799,,2025-11-08,2025-11-08
T00800,C01037,2026-01-07,Online Banking,H,OPEN,Sample online banking issue 800,,2026-01-07,2026-01-07
T00801,C00403,2026-03-31,Card,M,OPEN,Sample card issue 801,,2026-03-31,2026-03-31
T00802,C00684,2025-11-08,Online Banking,HIGH,OPEN,Sample online banking issue 802,,2025-11-08,2025-11-08
T00803,C01080,2026-01-06,Account,MEDIUM,NEW,Sample account issue 803,,2026-01-06,2026-01-06
T00804,C00669,2026-01-26,Account,M,RESOLVED,Sample account issue 804,2026-01-29,2026-01-26,2026-01-29
T00805,C00502,2026-04-01,Account,L,RESOLVED,Sample account issue 805,2026-04-01,2026-04-01,2026-04-01
T00806,C00896,2026-06-01,Mobile App,MEDIUM,RESOLVED,Sample mobile app issue 806,2026-06-02,2026-06-01,2026-06-02
T00807,C00279,2026-04-04,Payments,H,RESOLVED,Sample payments issue 807,2026-04-08,2026-04-04,2026-04-08
T00808,C00423,2025-09-30,Transfers,MEDIUM,IN PROGRESS,Sample transfers issue 808,,2025-09-30,2025-09-30
T00809,C01175,2025-08-27,Mobile App,H,IN PROGRESS,Sample mobile app issue 809,,2025-08-27,2025-08-27
T00810,C01087,2026-06-25,Transfers,M,CLOSED,Sample transfers issue 810,2026-06-29,2026-06-25,2026-06-29
T00811,C00747,2026-01-21,Mobile App,LOW,RESOLVED,Sample mobile app issue 811,2026-01-25,2026-01-21,2026-01-25
T00812,C00732,2026-07-28,Online Banking,M,NEW,Sample online banking issue 812,,2026-07-28,2026-07-28
T00813,C00504,2025-09-20,Mobile App,H,NEW,Sample mobile app issue 813,,2025-09-20,2025-09-20
T00814,C00656,2025-09-08,Account,L,RESOLVED,Sample account issue 814,2025-09-22,2025-09-08,2025-09-22
T00815,C00792,2026-06-08,Card,HIGH,OPEN,Sample card issue 815,,2026-06-08,2026-06-08
T00816,C00760,2026-01-17,Card,MEDIUM,IN PROGRESS,Sample card issue 816,,2026-01-17,2026-01-17
T00817,C00810,2025-12-17,Account,H,CLOSED,Sample account issue 817,2025-12-25,2025-12-17,2025-12-25
T00818,C00704,2026-01-02,Payments,H,CLOSED,Sample payments issue 818,2026-01-02,2026-01-02,2026-01-02
T00819,C01034,2025-09-11,Mobile App,H,CLOSED,Sample mobile app issue 819,2025-09-14,2025-09-11,2025-09-14
T00820,C00141,2025-12-28,Account,HIGH,RESOLVED,Sample account issue 820,2026-01-08,2025-12-28,2026-01-08
T00821,C00197,2025-10-29,Account,M,IN PROGRESS,Sample account issue 821,,2025-10-29,2025-10-29
T00822,C00422,2030-01-01,Account,LOW,NEW,Sample account issue 822,,2030-01-01,2025-10-13
T00823,C01109,2026-06-28,Mobile App,HIGH,RESOLVED,Sample mobile app issue 823,2026-07-06,2026-06-28,2026-07-06
T00824,C00689,2025-11-25,Mobile App,LOW,NEW,Sample mobile app issue 824,,2025-11-25,2025-11-25
T00825,C00912,2025-10-30,Payments,MEDIUM,RESOLVED,Sample payments issue 825,2025-11-07,2025-10-30,2025-11-07
T00826,C00076,2026-02-20,Mobile App,MEDIUM,RESOLVED,Sample mobile app issue 826,2026-03-02,2026-02-20,2026-03-02
T00827,C00621,2026-08-09,Account,LOW,IN PROGRESS,Sample account issue 827,,2026-08-09,2026-08-09
T00828,C00431,2025-10-09,Transfers,LOW,IN PROGRESS,Sample transfers issue 828,,2025-10-09,2025-10-09
T00829,C01100,2026-03-15,Payments,MEDIUM,NEW,Sample payments issue 829,,2026-03-15,2026-03-15
T00830,C00841,2025-09-16,Account,L,RESOLVED,Sample account issue 830,2025-09-19,2025-09-16,2025-09-19
T00831,C00006,2026-05-21,Transfers,L,NEW,Sample transfers issue 831,,2026-05-21,2026-05-21
T00832,C00830,2026-04-04,Payments,LOW,CLOSED,Sample payments issue 832,2026-04-05,2026-04-04,2026-04-05
T00833,C00709,2026-04-17,Online Banking,HIGH,IN PROGRESS,Sample online banking issue 833,,2026-04-17,2026-04-17
T00834,C00256,2026-02-15,Payments,H,CLOSED,Sample payments issue 834,2026-03-01,2026-02-15,2026-03-01
T00835,C00253,2025-09-13,Online Banking,M,OPEN,Sample online banking issue 835,,2025-09-13,2025-09-13
T00836,C00932,2025-09-23,Payments,HIGH,IN PROGRESS,Sample payments issue 836,,2025-09-23,2025-09-23
T00837,C00147,2026-03-24,Card,LOW,CLOSED,Sample card issue 837,2026-04-01,2026-03-24,2026-04-01
T00838,C00355,2026-04-06,Card,M,CLOSED,Sample card issue 838,2026-04-21,2026-04-06,2026-04-21
T00839,C00522,2026-02-12,Payments,H,RESOLVED,Sample payments issue 839,2026-02-22,2026-02-12,2026-02-22
T00840,C01000,2026-04-26,Account,M,IN PROGRESS,Sample account issue 840,,2026-04-26,2026-04-26
T00841,C00767,2026-07-01,Transfers,MEDIUM,RESOLVED,Sample transfers issue 841,2026-07-11,2026-07-01,2026-07-11
T00842,C00487,2026-05-01,Card,HIGH,CLOSED,Sample card issue 842,2026-05-11,2026-05-01,2026-05-11
T00843,C00716,2025-11-17,Account,L,IN PROGRESS,Sample account issue 843,,2025-11-17,2025-11-17
T00844,C00618,2026-08-09,Payments,MEDIUM,CLOSED,Sample payments issue 844,2026-08-20,2026-08-09,2026-08-20
T00845,C00838,2026-02-14,Transfers,MEDIUM,CLOSED,Sample transfers issue 845,2026-02-17,2026-02-14,2026-02-17
T00846,C00538,2026-07-27,Mobile App,LOW,NEW,Sample mobile app issue 846,,2026-07-27,2026-07-27
T00847,C00841,2025-09-25,Card,HIGH,OPEN,Sample card issue 847,,2025-09-25,2025-09-25
T00848,C00619,2026-04-18,Transfers,MEDIUM,NEW,Sample transfers issue 848,,2026-04-18,2026-04-18
T00849,C00953,2026-08-18,Online Banking,H,IN PROGRESS,Sample online banking issue 849,,2026-08-18,2026-08-18
T00850,C00197,2026-04-12,Transfers,M,RESOLVED,Sample transfers issue 850,2026-04-26,2026-04-12,2026-04-26
T00851,C00503,2025-12-09,Transfers,M,CLOSED,Sample transfers issue 851,2025-12-24,2025-12-09,2025-12-24
T00852,C00655,2026-06-16,Transfers,L,CLOSED,Sample transfers issue 852,2026-06-27,2026-06-16,2026-06-27
T00853,C00444,2026-02-25,Mobile App,MEDIUM,OPEN,Sample mobile app issue 853,,2026-02-25,2026-02-25
T00854,C00825,2026-03-26,Transfers,H,IN PROGRESS,Sample transfers issue 854,,2026-03-26,2026-03-26
T00855,C00796,2026-06-17,Card,H,RESOLVED,Sample card issue 855,2026-06-17,2026-06-17,2026-06-17
T00856,C00713,2026-08-09,Payments,L,OPEN,Sample payments issue 856,,2026-08-09,2026-08-09
T00857,C00081,2025-09-05,Transfers,H,OPEN,Sample transfers issue 857,,2025-09-05,2025-09-05
T00858,C00943,2026-01-06,Payments,L,OPEN,Sample payments issue 858,,2026-01-06,2026-01-06
T00859,C00069,2025-09-22,Mobile App,MEDIUM,IN PROGRESS,Sample mobile app issue 859,,2025-09-22,2025-09-22
T00860,C00641,2025-11-13,Mobile App,M,RESOLVED,Sample mobile app issue 860,2025-11-18,2025-11-13,2025-11-18
T00861,C00320,2025-09-04,Payments,H,OPEN,Sample payments issue 861,,2025-09-04,2025-09-04
T00862,C01126,2026-02-13,Transfers,L,CLOSED,Sample transfers issue 862,2026-02-20,2026-02-13,2026-02-20
T00863,C00512,2026-01-13,Transfers,M,RESOLVED,Sample transfers issue 863,2026-01-25,2026-01-13,2026-01-25
T00864,C00754,2026-05-09,Card,LOW,RESOLVED,Sample card issue 864,2026-05-24,2026-05-09,2026-05-24
T00865,C01002,2026-02-17,Online Banking,H,CLOSED,Sample online banking issue 865,2026-03-02,2026-02-17,2026-03-02
T00866,C01094,2025-12-29,Card,L,NEW,Sample card issue 866,,2025-12-29,2025-12-29
T00867,C00438,2026-05-01,Online Banking,HIGH,IN PROGRESS,Sample online banking issue 867,,2026-05-01,2026-05-01
T00868,C00015,2026-02-23,Card,H,OPEN,Sample card issue 868,,2026-02-23,2026-02-23
T00869,C00959,2026-04-01,Online Banking,M,NEW,Sample online banking issue 869,,2026-04-01,2026-04-01
T00870,C00465,2026-05-26,Mobile App,MEDIUM,RESOLVED,Sample mobile app issue 870,2026-06-04,2026-05-26,2026-06-04
T00871,C00983,2026-01-23,Account,LOW,NEW,Sample account issue 871,,2026-01-23,2026-01-23
T00872,C00549,2025-11-01,Online Banking,L,RESOLVED,Sample online banking issue 872,2025-11-15,2025-11-01,2025-11-15
T00873,C00023,2026-08-07,Transfers,LOW,NEW,Sample transfers issue 873,,2026-08-07,2026-08-07
T00874,C00895,2026-07-23,Account,M,RESOLVED,Sample account issue 874,2026-07-30,2026-07-23,2026-07-30
T00875,C00052,2025-11-04,Payments,L,NEW,Sample payments issue 875,,2025-11-04,2025-11-04
T00876,C00851,2026-05-21,Card,HIGH,IN PROGRESS,Sample card issue 876,,2026-05-21,2026-05-21
T00877,C00140,2025-12-20,Transfers,HIGH,CLOSED,Sample transfers issue 877,2025-12-28,2025-12-20,2025-12-28
T00878,C01195,2025-12-02,Payments,H,CLOSED,Sample payments issue 878,2025-12-14,2025-12-02,2025-12-14
T00879,C00264,2026-07-04,Transfers,HIGH,NEW,Sample transfers issue 879,,2026-07-04,2026-07-04
T00880,C00341,2026-05-25,Account,M,OPEN,Sample account issue 880,,2026-05-25,2026-05-25
T00881,C01200,2026-05-29,Online Banking,MEDIUM,RESOLVED,Sample online banking issue 881,2026-05-31,2026-05-29,2026-05-31
T00882,C00627,2025-09-24,Account,MEDIUM,CLOSED,Sample account issue 882,2025-09-28,2025-09-24,2025-09-28
T00883,C00559,2026-03-08,Transfers,MEDIUM,RESOLVED,Sample transfers issue 883,2026-03-16,2026-03-08,2026-03-16
T00884,C00768,2026-02-09,Card,LOW,NEW,Sample card issue 884,,2026-02-09,2026-02-09
T00885,C00157,2026-03-09,Account,H,IN PROGRESS,Sample account issue 885,,2026-03-09,2026-03-09
T00886,C01091,2025-11-25,Transfers,LOW,OPEN,Sample transfers issue 886,,2025-11-25,2025-11-25
T00887,C00438,2025-08-27,Online Banking,MEDIUM,IN PROGRESS,Sample online banking issue 887,,2025-08-27,2025-08-27
T00888,C00038,2025-12-31,Mobile App,LOW,NEW,Sample mobile app issue 888,,2025-12-31,2025-12-31
T00889,C00423,2026-02-26,Online Banking,L,NEW,Sample online banking issue 889,,2026-02-26,2026-02-26
T00890,C00444,2025-09-21,Transfers,MEDIUM,CLOSED,Sample transfers issue 890,2025-09-24,2025-09-21,2025-09-24
T00891,C01100,2026-01-11,Online Banking,M,CLOSED,Sample online banking issue 891,2026-01-20,2026-01-11,2026-01-20
T00892,C00783,2025-12-07,Account,LOW,OPEN,Sample account issue 892,,2025-12-07,2025-12-07
T00893,C00153,2026-06-11,Online Banking,M,NEW,Sample online banking issue 893,,2026-06-11,2026-06-11
T00894,C00498,2025-09-14,Card,M,CLOSED,Sample card issue 894,2025-09-21,2025-09-14,2025-09-21
T00895,C00228,2026-04-04,Online Banking,HIGH,OPEN,Sample online banking issue 895,,2026-04-04,2026-04-04
T00896,C00425,2026-01-04,Mobile App,MEDIUM,NEW,Sample mobile app issue 896,,2026-01-04,2026-01-04
T00897,C01041,2026-08-13,Online Banking,MEDIUM,NEW,Sample online banking issue 897,,2026-08-13,2026-08-13
T00898,C00989,2026-01-28,Payments,H,IN PROGRESS,Sample payments issue 898,,2026-01-28,2026-01-28
T00899,C00990,2025-10-29,Payments,MEDIUM,OPEN,Sample payments issue 899,,2025-10-29,2025-10-29
T00900,C00773,2026-06-24,Payments,HIGH,CLOSED,Sample payments issue 900,2026-07-01,2026-06-24,2026-07-01
T00901,C00990,2025-10-13,Online Banking,MEDIUM,IN PROGRESS,Sample online banking issue 901,,2025-10-13,2025-10-13
T00902,C00853,2025-09-18,Transfers,HIGH,RESOLVED,Sample transfers issue 902,2025-09-20,2025-09-18,2025-09-20
T00903,C00578,2026-07-01,Online Banking,L,RESOLVED,Sample online banking issue 903,2026-07-05,2026-07-01,2026-07-05
T00904,C00102,2025-11-23,Mobile App,LOW,CLOSED,Sample mobile app issue 904,2025-12-05,2025-11-23,2025-12-05
T00905,C00799,2026-03-18,Mobile App,L,OPEN,Sample mobile app issue 905,,2026-03-18,2026-03-18
T00906,C00332,2026-04-27,Card,MEDIUM,OPEN,Sample card issue 906,,2026-04-27,2026-04-27
T00907,C00526,2026-03-19,Payments,L,IN PROGRESS,Sample payments issue 907,,2026-03-19,2026-03-19
T00908,C00171,2026-01-11,Online Banking,MEDIUM,RESOLVED,Sample online banking issue 908,2026-01-20,2026-01-11,2026-01-20
T00909,C00473,2026-07-31,Transfers,L,IN PROGRESS,Sample transfers issue 909,,2026-07-31,2026-07-31
T00910,C00513,2025-09-03,Payments,L,OPEN,Sample payments issue 910,,2025-09-03,2025-09-03
T00911,C00032,2026-08-02,Transfers,HIGH,CLOSED,Sample transfers issue 911,2026-08-17,2026-08-02,2026-08-17
T00912,C00235,2026-03-19,Account,LOW,NEW,Sample account issue 912,,2026-03-19,2026-03-19
T00913,C01132,2025-10-17,Online Banking,H,RESOLVED,Sample online banking issue 913,2025-10-18,2025-10-17,2025-10-18
T00914,C00814,2026-02-08,Card,L,CLOSED,Sample card issue 914,2026-02-11,2026-02-08,2026-02-11
T00915,C00023,2026-06-07,Payments,MEDIUM,CLOSED,Sample payments issue 915,2026-06-19,2026-06-07,2026-06-19
T00916,C00681,2026-03-30,Online Banking,HIGH,NEW,Sample online banking issue 916,,2026-03-30,2026-03-30
T00917,C00816,2026-07-15,Transfers,LOW,CLOSED,Sample transfers issue 917,2026-07-22,2026-07-15,2026-07-22
T00918,C00823,2026-06-09,Card,H,IN PROGRESS,Sample card issue 918,,2026-06-09,2026-06-09
T00919,C00868,2026-06-08,Online Banking,L,NEW,Sample online banking issue 919,,2026-06-08,2026-06-08
T00920,C00566,2026-08-06,Account,L,CLOSED,Sample account issue 920,2026-08-20,2026-08-06,2026-08-20
T00921,C00475,2026-08-13,Mobile App,HIGH,NEW,Sample mobile app issue 921,,2026-08-13,2026-08-13
T00922,C00611,2026-02-11,Mobile App,HIGH,CLOSED,Sample mobile app issue 922,2026-02-18,2026-02-11,2026-02-18
T00923,C00837,2025-09-03,Online Banking,M,CLOSED,Sample online banking issue 923,2025-09-05,2025-09-03,2025-09-05
T00924,C00173,2026-01-01,Account,MEDIUM,NEW,Sample account issue 924,,2026-01-01,2026-01-01
T00925,C00773,2026-03-12,Account,L,IN PROGRESS,Sample account issue 925,,2026-03-12,2026-03-12
T00926,C00054,2026-04-29,Online Banking,HIGH,IN PROGRESS,Sample online banking issue 926,,2026-04-29,2026-04-29
T00927,C00182,2026-07-08,Online Banking,HIGH,IN PROGRESS,Sample online banking issue 927,,2026-07-08,2026-07-08
T00928,C00178,2025-11-13,Card,L,NEW,Sample card issue 928,,2025-11-13,2025-11-13
T00929,C01194,2026-03-02,Mobile App,LOW,IN PROGRESS,Sample mobile app issue 929,,2026-03-02,2026-03-02
T00930,C00695,2025-12-15,Card,L,CLOSED,Sample card issue 930,2025-12-15,2025-12-15,2025-12-15
T00931,C01010,2025-12-29,Payments,H,OPEN,Sample payments issue 931,,2025-12-29,2025-12-29
T00932,C00067,2025-12-13,Card,M,OPEN,Sample card issue 932,,2025-12-13,2025-12-13
T00933,C01174,2026-01-20,Online Banking,M,CLOSED,Sample online banking issue 933,2026-02-03,2026-01-20,2026-02-03
T00934,C00783,2026-07-12,Account,H,NEW,Sample account issue 934,,2026-07-12,2026-07-12
T00935,C00519,2026-03-03,Payments,L,OPEN,Sample payments issue 935,,2026-03-03,2026-03-03
T00936,C00490,2026-04-22,Card,MEDIUM,CLOSED,Sample card issue 936,2026-05-02,2026-04-22,2026-05-02
T00937,C01142,2026-02-02,Online Banking,MEDIUM,CLOSED,Sample online banking issue 937,2026-02-10,2026-02-02,2026-02-10
T00938,C00893,2026-01-24,Transfers,H,RESOLVED,Sample transfers issue 938,2026-02-07,2026-01-24,2026-02-07
T00939,C00636,2026-08-14,Card,M,RESOLVED,Sample card issue 939,2026-08-22,2026-08-14,2026-08-22
T00940,C00478,2025-09-17,Transfers,H,CLOSED,Sample transfers issue 940,2025-10-01,2025-09-17,2025-10-01
T00941,C00467,2025-09-25,Online Banking,HIGH,RESOLVED,Sample online banking issue 941,2025-10-02,2025-09-25,2025-10-02
T00942,C00861,2026-05-20,Mobile App,LOW,IN PROGRESS,Sample mobile app issue 942,,2026-05-20,2026-05-20
T00943,C00541,2025-12-30,Payments,M,IN PROGRESS,Sample payments issue 943,,2025-12-30,2025-12-30
T00944,C01112,2026-06-20,Account,M,OPEN,Sample account issue 944,,2026-06-20,2026-06-20
T00945,C00622,2025-11-18,Mobile App,LOW,OPEN,Sample mobile app issue 945,,2025-11-18,2025-11-18
T00946,C01109,2026-01-06,Online Banking,H,NEW,Sample online banking issue 946,,2026-01-06,2026-01-06
T00947,C00593,2026-02-23,Account,HIGH,RESOLVED,Sample account issue 947,2026-02-23,2026-02-23,2026-02-23
T00948,C01196,2025-12-14,Payments,M,OPEN,Sample payments issue 948,,2025-12-14,2025-12-14
T00949,C00847,2025-10-26,Payments,H,IN PROGRESS,Sample payments issue 949,,2025-10-26,2025-10-26
T00950,C00992,2026-06-26,Online Banking,L,OPEN,Sample online banking issue 950,,2026-06-26,2026-06-26
T00951,C00742,2025-12-19,Payments,M,RESOLVED,Sample payments issue 951,2025-12-28,2025-12-19,2025-12-28
T00952,C00700,2025-09-08,Payments,MEDIUM,IN PROGRESS,Sample payments issue 952,,2025-09-08,2025-09-08
T00953,C00341,2026-06-03,Card,MEDIUM,CLOSED,Sample card issue 953,2026-06-17,2026-06-03,2026-06-17
T00954,C01039,2025-09-03,Account,M,CLOSED,Sample account issue 954,2025-09-09,2025-09-03,2025-09-09
,C01188,2026-04-03,Card,H,OPEN,Sample card issue 955,,2026-04-03,2026-04-03
T00956,C00779,2025-10-11,Transfers,L,CLOSED,Sample transfers issue 956,2025-10-19,2025-10-11,2025-10-19
T00957,C00777,2026-02-21,Payments,LOW,RESOLVED,Sample payments issue 957,2026-02-21,2026-02-21,2026-02-21
T00958,C00836,2025-10-20,Transfers,H,CLOSED,Sample transfers issue 958,2025-10-25,2025-10-20,2025-10-25
T00959,C01123,2030-01-01,Payments,MEDIUM,CLOSED,Sample payments issue 959,2026-05-03,2030-01-01,2026-05-03
T00960,C00935,2026-08-01,Payments,MEDIUM,CLOSED,Sample payments issue 960,2026-08-15,2026-08-01,2026-08-15
T00961,C00084,2025-10-17,Payments,LOW,IN PROGRESS,Sample payments issue 961,,2025-10-17,2025-10-17
T00962,C00771,2026-05-05,Card,HIGH,CLOSED,Sample card issue 962,2026-05-18,2026-05-05,2026-05-18
T00963,C00910,2025-12-07,Transfers,H,RESOLVED,Sample transfers issue 963,2025-12-12,2025-12-07,2025-12-12
T00964,C00897,2025-09-09,Online Banking,HIGH,OPEN,Sample online banking issue 964,,2025-09-09,2025-09-09
T00965,C01135,2026-02-16,Card,L,OPEN,Sample card issue 965,,2026-02-16,2026-02-16
T00966,C00067,2026-01-16,Card,MEDIUM,NEW,Sample card issue 966,,2026-01-16,2026-01-16
T00967,C00414,2025-11-15,Account,HIGH,NEW,Sample account issue 967,,2025-11-15,2025-11-15
T00968,C00496,2026-04-22,Transfers,H,NEW,Sample transfers issue 968,,2026-04-22,2026-04-22
T00969,C00471,2026-06-06,Mobile App,M,NEW,Sample mobile app issue 969,,2026-06-06,2026-06-06
T00970,C00057,2026-03-28,Payments,MEDIUM,RESOLVED,Sample payments issue 970,2026-03-28,2026-03-28,2026-03-28
T00971,C00465,2025-11-02,Transfers,LOW,IN PROGRESS,Sample transfers issue 971,,2025-11-02,2025-11-02
T00972,C00268,2026-08-17,Transfers,HIGH,RESOLVED,Sample transfers issue 972,2026-08-28,2026-08-17,2026-08-28
T00973,C00288,2026-02-25,Account,L,RESOLVED,Sample account issue 973,2026-03-09,2026-02-25,2026-03-09
T00974,C01036,2026-03-15,Card,M,OPEN,Sample card issue 974,,2026-03-15,2026-03-15
T00975,C00784,2026-04-16,Online Banking,M,RESOLVED,Sample online banking issue 975,2026-04-17,2026-04-16,2026-04-17
T00976,C01089,2026-04-11,Account,MEDIUM,CLOSED,Sample account issue 976,2026-04-21,2026-04-11,2026-04-21
T00977,C00239,2026-02-25,Online Banking,L,NEW,Sample online banking issue 977,,2026-02-25,2026-02-25
T00978,C00342,2025-09-29,Account,M,CLOSED,Sample account issue 978,2025-09-29,2025-09-29,2025-09-29
T00979,C01085,2026-02-20,Card,H,IN PROGRESS,Sample card issue 979,,2026-02-20,2026-02-20
T00980,C00841,2026-03-06,Payments,M,NEW,Sample payments issue 980,,2026-03-06,2026-03-06
T00981,C00062,2026-06-12,Account,MEDIUM,IN PROGRESS,Sample account issue 981,,2026-06-12,2026-06-12
T00982,C00813,2025-11-06,Mobile App,H,RESOLVED,Sample mobile app issue 982,2025-11-20,2025-11-06,2025-11-20
T00983,C00469,2025-09-05,Online Banking,LOW,NEW,Sample online banking issue 983,,2025-09-05,2025-09-05
T00984,C00251,2025-10-20,Card,HIGH,NEW,Sample card issue 984,,2025-10-20,2025-10-20
T00985,C00668,2026-07-11,Online Banking,L,RESOLVED,Sample online banking issue 985,2026-07-12,2026-07-11,2026-07-12
T00986,C01182,2026-01-25,Mobile App,LOW,RESOLVED,Sample mobile app issue 986,2026-01-31,2026-01-25,2026-01-31
T00987,C01075,2026-06-12,Mobile App,MEDIUM,CLOSED,Sample mobile app issue 987,2026-06-27,2026-06-12,2026-06-27
T00988,C00157,2026-05-29,Card,M,CLOSED,Sample card issue 988,2026-06-13,2026-05-29,2026-06-13
T00989,C00742,2026-05-30,Mobile App,MEDIUM,IN PROGRESS,Sample mobile app issue 989,,2026-05-30,2026-05-30
T00990,C01183,2026-05-22,Payments,MEDIUM,CLOSED,Sample payments issue 990,2026-05-25,2026-05-22,2026-05-25
T00991,C00875,2026-03-13,Online Banking,H,IN PROGRESS,Sample online banking issue 991,,2026-03-13,2026-03-13
T00992,C01110,2026-04-20,Card,L,NEW,Sample card issue 992,,2026-04-20,2026-04-20
T00993,C00010,2025-12-02,Payments,H,OPEN,Sample payments issue 993,,2025-12-02,2025-12-02
T00994,C00085,2026-03-06,Transfers,HIGH,OPEN,Sample transfers issue 994,,2026-03-06,2026-03-06
T00995,C00163,2025-11-22,Account,HIGH,RESOLVED,Sample account issue 995,2025-12-01,2025-11-22,2025-12-01
T00996,C00327,2026-08-08,Transfers,LOW,NEW,Sample transfers issue 996,,2026-08-08,2026-08-08
T00997,C01002,2025-08-23,Online Banking,M,OPEN,Sample online banking issue 997,,2025-08-23,2025-08-23
T00998,C00137,2026-03-19,Account,MEDIUM,IN PROGRESS,Sample account issue 998,,2026-03-19,2026-03-19
T00999,C00282,2026-03-30,Mobile App,LOW,CLOSED,Sample mobile app issue 999,2026-04-14,2026-03-30,2026-04-14
T01000,C00552,2025-08-27,Online Banking,MEDIUM,OPEN,Sample online banking issue 1000,,2025-08-27,2025-08-27
T01001,C00655,2026-01-18,Payments,LOW,NEW,Sample payments issue 1001,,2026-01-18,2026-01-18
T01002,C00351,2026-08-09,Account,MEDIUM,OPEN,Sample account issue 1002,,2026-08-09,2026-08-09
T01003,C00565,2025-09-04,Account,HIGH,CLOSED,Sample account issue 1003,2025-09-18,2025-09-04,2025-09-18
T01004,C00816,2026-07-23,Transfers,H,NEW,Sample transfers issue 1004,,2026-07-23,2026-07-23
T01005,C01112,2025-12-15,Account,HIGH,CLOSED,Sample account issue 1005,2025-12-25,2025-12-15,2025-12-25
T01006,C00763,2026-05-07,Mobile App,L,OPEN,Sample mobile app issue 1006,,2026-05-07,2026-05-07
T01007,C01138,2025-12-09,Card,HIGH,NEW,Sample card issue 1007,,2025-12-09,2025-12-09
T01008,C00101,2026-01-27,Payments,H,CLOSED,Sample payments issue 1008,2026-01-27,2026-01-27,2026-01-27
T01009,C00315,2026-04-08,Payments,HIGH,IN PROGRESS,Sample payments issue 1009,,2026-04-08,2026-04-08
T01010,C00549,2026-06-11,Online Banking,LOW,RESOLVED,Sample online banking issue 1010,2026-06-26,2026-06-11,2026-06-26
T01011,C00205,2025-09-13,Mobile App,L,CLOSED,Sample mobile app issue 1011,2025-09-23,2025-09-13,2025-09-23
T01012,C00748,2025-09-28,Online Banking,H,RESOLVED,Sample online banking issue 1012,2025-09-28,2025-09-28,2025-09-28
T01013,C00990,2026-06-25,Payments,LOW,CLOSED,Sample payments issue 1013,2026-07-08,2026-06-25,2026-07-08
T01014,C00265,2026-06-12,Mobile App,M,OPEN,Sample mobile app issue 1014,,2026-06-12,2026-06-12
T01015,C00245,2026-07-12,Online Banking,L,CLOSED,Sample online banking issue 1015,2026-07-16,2026-07-12,2026-07-16
T01016,C00488,2026-05-31,Card,HIGH,CLOSED,Sample card issue 1016,2026-06-11,2026-05-31,2026-06-11
T01017,C00922,2025-08-23,Mobile App,H,NEW,Sample mobile app issue 1017,,2025-08-23,2025-08-23
T01018,C01200,2026-04-03,Payments,M,CLOSED,Sample payments issue 1018,2026-04-09,2026-04-03,2026-04-09
T01019,C00212,2025-12-03,Mobile App,M,NEW,Sample mobile app issue 1019,,2025-12-03,2025-12-03
T01020,C00256,2025-11-17,Account,H,IN PROGRESS,Sample account issue 1020,,2025-11-17,2025-11-17
T01021,C00909,2026-01-11,Mobile App,H,NEW,Sample mobile app issue 1021,,2026-01-11,2026-01-11
T01022,C00956,2026-03-27,Online Banking,M,CLOSED,Sample online banking issue 1022,2026-04-01,2026-03-27,2026-04-01
T01023,C00227,2025-12-26,Transfers,M,IN PROGRESS,Sample transfers issue 1023,,2025-12-26,2025-12-26
T01024,C00958,2026-05-17,Mobile App,HIGH,IN PROGRESS,Sample mobile app issue 1024,,2026-05-17,2026-05-17
T01025,C00267,2025-10-24,Payments,M,RESOLVED,Sample payments issue 1025,2025-10-29,2025-10-24,2025-10-29
T01026,C01118,2025-10-15,Mobile App,HIGH,OPEN,Sample mobile app issue 1026,,2025-10-15,2025-10-15
T01027,C00616,2025-08-29,Card,LOW,OPEN,Sample card issue 1027,,2025-08-29,2025-08-29
T01028,C00890,2025-10-28,Card,LOW,RESOLVED,Sample card issue 1028,2025-11-11,2025-10-28,2025-11-11
T01029,C00609,2025-12-25,Account,HIGH,RESOLVED,Sample account issue 1029,2025-12-30,2025-12-25,2025-12-30
T01030,C00702,2025-09-27,Card,M,IN PROGRESS,Sample card issue 1030,,2025-09-27,2025-09-27
T01031,C00771,2025-10-04,Card,M,RESOLVED,Sample card issue 1031,2025-10-19,2025-10-04,2025-10-19
T01032,C00832,2025-12-18,Account,LOW,OPEN,Sample account issue 1032,,2025-12-18,2025-12-18
T01033,C00089,2026-03-14,Mobile App,HIGH,NEW,Sample mobile app issue 1033,,2026-03-14,2026-03-14
T01034,C00554,2025-10-08,Card,L,CLOSED,Sample card issue 1034,2025-10-09,2025-10-08,2025-10-09
T01035,C00608,2025-09-21,Transfers,HIGH,OPEN,Sample transfers issue 1035,,2025-09-21,2025-09-21
T01036,C00063,2026-03-21,Online Banking,LOW,RESOLVED,Sample online banking issue 1036,2026-04-03,2026-03-21,2026-04-03
T01037,C00135,2026-07-24,Online Banking,MEDIUM,CLOSED,Sample online banking issue 1037,2026-08-02,2026-07-24,2026-08-02
T01038,C00468,2025-08-26,Payments,MEDIUM,IN PROGRESS,Sample payments issue 1038,,2025-08-26,2025-08-26
T01039,C00344,2026-01-18,Account,MEDIUM,NEW,Sample account issue 1039,,2026-01-18,2026-01-18
T01040,C00750,2026-02-04,Card,M,NEW,Sample card issue 1040,,2026-02-04,2026-02-04
T01041,C00453,2025-10-18,Online Banking,MEDIUM,NEW,Sample online banking issue 1041,,2025-10-18,2025-10-18
T01042,C00174,2025-10-16,Online Banking,LOW,NEW,Sample online banking issue 1042,,2025-10-16,2025-10-16
T01043,C00681,2026-04-03,Online Banking,HIGH,OPEN,Sample online banking issue 1043,,2026-04-03,2026-04-03
T01044,C00233,2025-12-23,Online Banking,MEDIUM,NEW,Sample online banking issue 1044,,2025-12-23,2025-12-23
T01045,C00637,2026-05-16,Payments,H,NEW,Sample payments issue 1045,,2026-05-16,2026-05-16
T01046,C01171,2026-04-08,Payments,H,RESOLVED,Sample payments issue 1046,2026-04-18,2026-04-08,2026-04-18
T01047,C00545,2026-08-13,Mobile App,HIGH,OPEN,Sample mobile app issue 1047,,2026-08-13,2026-08-13
T01048,C00676,2025-10-10,Card,L,NEW,Sample card issue 1048,,2025-10-10,2025-10-10
T01049,C00628,2025-11-21,Payments,HIGH,IN PROGRESS,Sample payments issue 1049,,2025-11-21,2025-11-21
T01050,C00662,2026-05-30,Transfers,L,CLOSED,Sample transfers issue 1050,2026-06-06,2026-05-30,2026-06-06
T01051,C00169,2026-01-17,Payments,M,RESOLVED,Sample payments issue 1051,2026-02-01,2026-01-17,2026-02-01
T01052,C00341,2026-04-13,Card,MEDIUM,CLOSED,Sample card issue 1052,2026-04-13,2026-04-13,2026-04-13
T01053,C00484,2026-05-27,Payments,MEDIUM,IN PROGRESS,Sample payments issue 1053,,2026-05-27,2026-05-27
T01054,C00416,2026-03-05,Online Banking,HIGH,OPEN,Sample online banking issue 1054,,2026-03-05,2026-03-05
T01055,C00078,2025-10-13,Mobile App,LOW,CLOSED,Sample mobile app issue 1055,2025-10-13,2025-10-13,2025-10-13
T01056,C00616,2025-09-27,Payments,MEDIUM,OPEN,Sample payments issue 1056,,2025-09-27,2025-09-27
T01057,C00639,2026-01-22,Transfers,M,OPEN,Sample transfers issue 1057,,2026-01-22,2026-01-22
T01058,C00666,2026-06-05,Card,M,RESOLVED,Sample card issue 1058,2026-06-20,2026-06-05,2026-06-20
T01059,C00582,2026-04-07,Transfers,HIGH,OPEN,Sample transfers issue 1059,,2026-04-07,2026-04-07
T01060,C00821,2025-09-24,Online Banking,L,NEW,Sample online banking issue 1060,,2025-09-24,2025-09-24
T01061,C00126,2025-12-09,Transfers,LOW,CLOSED,Sample transfers issue 1061,2025-12-13,2025-12-09,2025-12-13
T01062,C01170,2026-01-09,Account,HIGH,RESOLVED,Sample account issue 1062,2026-01-20,2026-01-09,2026-01-20
T01063,C00474,2025-10-04,Account,LOW,NEW,Sample account issue 1063,,2025-10-04,2025-10-04
T01064,C00655,2025-10-28,Account,HIGH,RESOLVED,Sample account issue 1064,2025-10-28,2025-10-28,2025-10-28
T01065,C00711,2025-09-09,Transfers,HIGH,CLOSED,Sample transfers issue 1065,2025-09-14,2025-09-09,2025-09-14
T01066,C00936,2025-11-29,Account,HIGH,RESOLVED,Sample account issue 1066,2025-12-06,2025-11-29,2025-12-06
T01067,C00505,2026-04-13,Card,H,CLOSED,Sample card issue 1067,2026-04-16,2026-04-13,2026-04-16
T01068,C00698,2025-12-15,Account,HIGH,NEW,Sample account issue 1068,,2025-12-15,2025-12-15
T01069,C00371,2025-09-30,Online Banking,HIGH,NEW,Sample online banking issue 1069,,2025-09-30,2025-09-30
T01070,C00367,2026-01-14,Online Banking,HIGH,IN PROGRESS,Sample online banking issue 1070,,2026-01-14,2026-01-14
T01071,C01168,2026-03-21,Online Banking,L,RESOLVED,Sample online banking issue 1071,2026-03-29,2026-03-21,2026-03-29
T01072,C00940,2026-02-08,Transfers,HIGH,NEW,Sample transfers issue 1072,,2026-02-08,2026-02-08
T01073,C00711,2026-07-21,Card,H,NEW,Sample card issue 1073,,2026-07-21,2026-07-21
T01074,C00099,2026-03-06,Payments,HIGH,OPEN,Sample payments issue 1074,,2026-03-06,2026-03-06
T01075,C00197,2026-04-13,Account,H,NEW,Sample account issue 1075,,2026-04-13,2026-04-13
T01076,C00731,2025-12-12,Account,M,OPEN,Sample account issue 1076,,2025-12-12,2025-12-12
T01077,C00547,2025-11-18,Mobile App,LOW,RESOLVED,Sample mobile app issue 1077,2025-11-19,2025-11-18,2025-11-19
T01078,C00312,2025-08-26,Account,HIGH,OPEN,Sample account issue 1078,,2025-08-26,2025-08-26
T01079,C00806,2025-09-21,Account,M,IN PROGRESS,Sample account issue 1079,,2025-09-21,2025-09-21
T01080,C00321,2026-07-13,Mobile App,M,OPEN,Sample mobile app issue 1080,,2026-07-13,2026-07-13
T01081,C00657,2026-02-09,Card,HIGH,OPEN,Sample card issue 1081,,2026-02-09,2026-02-09
T01082,C01059,2025-11-30,Payments,H,OPEN,Sample payments issue 1082,,2025-11-30,2025-11-30
T01083,C00708,2025-10-22,Card,H,OPEN,Sample card issue 1083,,2025-10-22,2025-10-22
T01084,C00636,2026-02-21,Transfers,L,NEW,Sample transfers issue 1084,,2026-02-21,2026-02-21
T01085,C00964,2026-04-10,Mobile App,H,OPEN,Sample mobile app issue 1085,,2026-04-10,2026-04-10
T01086,C01017,2026-03-01,Account,H,RESOLVED,Sample account issue 1086,2026-03-11,2026-03-01,2026-03-11
T01087,C01055,2026-01-30,Card,LOW,RESOLVED,Sample card issue 1087,2026-02-06,2026-01-30,2026-02-06
T01088,C00839,2025-09-20,Account,HIGH,NEW,Sample account issue 1088,,2025-09-20,2025-09-20
T01089,C00841,2026-08-10,Transfers,HIGH,RESOLVED,Sample transfers issue 1089,2026-08-13,2026-08-10,2026-08-13
T01090,C00886,2026-07-11,Transfers,HIGH,CLOSED,Sample transfers issue 1090,2026-07-22,2026-07-11,2026-07-22
T01091,C00002,2026-03-10,Online Banking,MEDIUM,NEW,Sample online banking issue 1091,,2026-03-10,2026-03-10
T01092,C00086,2026-01-07,Account,M,OPEN,Sample account issue 1092,,2026-01-07,2026-01-07
T01093,C01152,2026-06-01,Account,LOW,OPEN,Sample account issue 1093,,2026-06-01,2026-06-01
T01094,C00861,2026-02-02,Transfers,L,CLOSED,Sample transfers issue 1094,2026-02-13,2026-02-02,2026-02-13
T01095,C00389,2026-01-02,Account,LOW,RESOLVED,Sample account issue 1095,2026-01-04,2026-01-02,2026-01-04
T01096,C00087,2030-01-01,Mobile App,LOW,RESOLVED,Sample mobile app issue 1096,2026-04-30,2030-01-01,2026-04-30
T01097,C00091,2025-10-19,Online Banking,H,OPEN,Sample online banking issue 1097,,2025-10-19,2025-10-19
T01098,C00444,2026-03-26,Online Banking,L,RESOLVED,Sample online banking issue 1098,2026-03-29,2026-03-26,2026-03-29
T01099,C00425,2026-06-03,Mobile App,H,RESOLVED,Sample mobile app issue 1099,2026-06-06,2026-06-03,2026-06-06
T01100,C00498,2026-03-28,Payments,L,RESOLVED,Sample payments issue 1100,2026-03-31,2026-03-28,2026-03-31
T01101,C01041,2025-11-24,Payments,MEDIUM,OPEN,Sample payments issue 1101,,2025-11-24,2025-11-24
T01102,C01081,2025-08-21,Online Banking,LOW,CLOSED,Sample online banking issue 1102,2025-09-01,2025-08-21,2025-09-01
T01103,C00073,2026-02-19,Account,LOW,RESOLVED,Sample account issue 1103,2026-02-20,2026-02-19,2026-02-20
T01104,C01141,2025-10-20,Payments,L,RESOLVED,Sample payments issue 1104,2025-10-30,2025-10-20,2025-10-30
T01105,C01074,2026-05-28,Card,H,RESOLVED,Sample card issue 1105,2026-06-12,2026-05-28,2026-06-12
T01106,C01000,2026-08-12,Transfers,HIGH,RESOLVED,Sample transfers issue 1106,2026-08-16,2026-08-12,2026-08-16
T01107,C00595,2026-08-18,Transfers,MEDIUM,CLOSED,Sample transfers issue 1107,2026-08-21,2026-08-18,2026-08-21
T01108,C00432,2026-05-31,Payments,M,NEW,Sample payments issue 1108,,2026-05-31,2026-05-31
T01109,C00955,2026-01-15,Online Banking,L,IN PROGRESS,Sample online banking issue 1109,,2026-01-15,2026-01-15
T01110,C00455,2026-04-26,Mobile App,H,OPEN,Sample mobile app issue 1110,,2026-04-26,2026-04-26
T01111,C01197,2026-01-26,Mobile App,LOW,CLOSED,Sample mobile app issue 1111,2026-02-09,2026-01-26,2026-02-09
T01112,C00523,2025-10-31,Online Banking,M,IN PROGRESS,Sample online banking issue 1112,,2025-10-31,2025-10-31
T01113,C00946,2026-03-26,Payments,H,CLOSED,Sample payments issue 1113,2026-04-01,2026-03-26,2026-04-01
T01114,C01156,2026-04-07,Account,H,RESOLVED,Sample account issue 1114,2026-04-22,2026-04-07,2026-04-22
T01115,C00764,2026-01-08,Payments,H,RESOLVED,Sample payments issue 1115,2026-01-21,2026-01-08,2026-01-21
T01116,C00207,2025-11-04,Payments,H,IN PROGRESS,Sample payments issue 1116,,2025-11-04,2025-11-04
T01117,C00883,2026-01-13,Account,H,IN PROGRESS,Sample account issue 1117,,2026-01-13,2026-01-13
T01118,C00425,2026-02-20,Payments,M,CLOSED,Sample payments issue 1118,2026-03-03,2026-02-20,2026-03-03
T01119,C00100,2026-04-13,Mobile App,LOW,OPEN,Sample mobile app issue 1119,,2026-04-13,2026-04-13
T01120,C00301,2025-09-17,Mobile App,H,RESOLVED,Sample mobile app issue 1120,2025-09-23,2025-09-17,2025-09-23
T01121,C01084,2026-08-02,Account,M,NEW,Sample account issue 1121,,2026-08-02,2026-08-02
T01122,C00492,2026-01-11,Card,MEDIUM,IN PROGRESS,Sample card issue 1122,,2026-01-11,2026-01-11
T01123,C00038,2025-08-23,Card,LOW,RESOLVED,Sample card issue 1123,2025-09-07,2025-08-23,2025-09-07
T01124,C01015,2026-05-08,Payments,LOW,OPEN,Sample payments issue 1124,,2026-05-08,2026-05-08
T01125,C00330,2025-11-06,Mobile App,MEDIUM,RESOLVED,Sample mobile app issue 1125,2025-11-09,2025-11-06,2025-11-09
T01126,C01122,2026-06-24,Account,MEDIUM,IN PROGRESS,Sample account issue 1126,,2026-06-24,2026-06-24
T01127,C00212,2025-09-08,Online Banking,HIGH,NEW,Sample online banking issue 1127,,2025-09-08,2025-09-08
T01128,C00768,2026-04-06,Card,M,OPEN,Sample card issue 1128,,2026-04-06,2026-04-06
T01129,C00119,2026-02-27,Online Banking,M,IN PROGRESS,Sample online banking issue 1129,,2026-02-27,2026-02-27
T01130,C00075,2026-03-20,Mobile App,LOW,CLOSED,Sample mobile app issue 1130,2026-03-21,2026-03-20,2026-03-21
T01131,C01016,2025-11-03,Mobile App,MEDIUM,CLOSED,Sample mobile app issue 1131,2025-11-09,2025-11-03,2025-11-09
T01132,C01045,2025-09-29,Mobile App,MEDIUM,RESOLVED,Sample mobile app issue 1132,2025-10-06,2025-09-29,2025-10-06
T01133,C00200,2026-06-10,Payments,MEDIUM,IN PROGRESS,Sample payments issue 1133,,2026-06-10,2026-06-10
T01134,C00578,2026-05-01,Card,HIGH,OPEN,Sample card issue 1134,,2026-05-01,2026-05-01
T01135,C00122,2025-11-22,Transfers,H,NEW,Sample transfers issue 1135,,2025-11-22,2025-11-22
T01136,C00458,2026-08-03,Account,M,CLOSED,Sample account issue 1136,2026-08-05,2026-08-03,2026-08-05
T01137,C00463,2026-05-30,Mobile App,H,CLOSED,Sample mobile app issue 1137,2026-06-08,2026-05-30,2026-06-08
T01138,C00897,2025-12-10,Online Banking,L,IN PROGRESS,Sample online banking issue 1138,,2025-12-10,2025-12-10
T01139,C00847,2025-11-02,Account,MEDIUM,RESOLVED,Sample account issue 1139,2025-11-12,2025-11-02,2025-11-12
T01140,C00399,2026-06-01,Transfers,M,CLOSED,Sample transfers issue 1140,2026-06-16,2026-06-01,2026-06-16
T01141,C00298,2026-06-28,Card,M,CLOSED,Sample card issue 1141,2026-07-10,2026-06-28,2026-07-10
T01142,C00828,2026-05-31,Transfers,H,RESOLVED,Sample transfers issue 1142,2026-06-10,2026-05-31,2026-06-10
T01143,C00512,2026-08-16,Card,H,NEW,Sample card issue 1143,,2026-08-16,2026-08-16
T01144,C00080,2026-06-13,Account,M,NEW,Sample account issue 1144,,2026-06-13,2026-06-13
T01145,C00378,2026-02-04,Online Banking,M,RESOLVED,Sample online banking issue 1145,2026-02-18,2026-02-04,2026-02-18
,C01155,2026-07-09,Mobile App,LOW,IN PROGRESS,Sample mobile app issue 1146,,2026-07-09,2026-07-09
T01147,C01058,2026-07-27,Online Banking,LOW,IN PROGRESS,Sample online banking issue 1147,,2026-07-27,2026-07-27
T01148,C00143,2026-05-26,Account,MEDIUM,CLOSED,Sample account issue 1148,2026-05-26,2026-05-26,2026-05-26
T01149,C01111,2026-01-24,Transfers,H,RESOLVED,Sample transfers issue 1149,2026-01-25,2026-01-24,2026-01-25
T01150,C00261,2026-05-18,Mobile App,MEDIUM,NEW,Sample mobile app issue 1150,,2026-05-18,2026-05-18
T01151,C00996,2025-11-22,Account,LOW,CLOSED,Sample account issue 1151,2025-12-01,2025-11-22,2025-12-01
T01152,C01141,2025-10-08,Mobile App,MEDIUM,OPEN,Sample mobile app issue 1152,,2025-10-08,2025-10-08
T01153,C00288,2026-05-11,Account,MEDIUM,RESOLVED,Sample account issue 1153,2026-05-13,2026-05-11,2026-05-13
T01154,C00578,2026-01-30,Mobile App,M,CLOSED,Sample mobile app issue 1154,2026-02-09,2026-01-30,2026-02-09
T01155,C00297,2026-03-16,Online Banking,HIGH,NEW,Sample online banking issue 1155,,2026-03-16,2026-03-16
T01156,C01100,2026-04-08,Account,L,CLOSED,Sample account issue 1156,2026-04-12,2026-04-08,2026-04-12
T01157,C00145,2026-01-29,Transfers,HIGH,NEW,Sample transfers issue 1157,,2026-01-29,2026-01-29
T01158,C00158,2025-12-25,Payments,M,NEW,Sample payments issue 1158,,2025-12-25,2025-12-25
T01159,C00151,2026-02-12,Card,H,OPEN,Sample card issue 1159,,2026-02-12,2026-02-12
T01160,C00313,2025-11-19,Transfers,MEDIUM,OPEN,Sample transfers issue 1160,,2025-11-19,2025-11-19
T01161,C00249,2025-09-05,Account,L,RESOLVED,Sample account issue 1161,2025-09-08,2025-09-05,2025-09-08
T01162,C00785,2026-04-13,Online Banking,H,CLOSED,Sample online banking issue 1162,2026-04-26,2026-04-13,2026-04-26
T01163,C00190,2026-08-06,Payments,L,IN PROGRESS,Sample payments issue 1163,,2026-08-06,2026-08-06
T01164,C01189,2025-11-01,Online Banking,L,OPEN,Sample online banking issue 1164,,2025-11-01,2025-11-01
T01165,C00293,2026-06-15,Payments,M,IN PROGRESS,Sample payments issue 1165,,2026-06-15,2026-06-15
T01166,C00130,2025-12-13,Account,H,RESOLVED,Sample account issue 1166,2025-12-19,2025-12-13,2025-12-19
T01167,C00576,2026-04-28,Online Banking,H,IN PROGRESS,Sample online banking issue 1167,,2026-04-28,2026-04-28
T01168,C00213,2026-05-09,Mobile App,H,OPEN,Sample mobile app issue 1168,,2026-05-09,2026-05-09
T01169,C00020,2025-11-04,Account,M,OPEN,Sample account issue 1169,,2025-11-04,2025-11-04
T01170,C00645,2026-07-06,Card,LOW,NEW,Sample card issue 1170,,2026-07-06,2026-07-06
T01171,C00639,2026-06-20,Account,MEDIUM,RESOLVED,Sample account issue 1171,2026-06-20,2026-06-20,2026-06-20
T01172,C00003,2026-07-30,Payments,L,CLOSED,Sample payments issue 1172,2026-08-10,2026-07-30,2026-08-10
T01173,C00929,2026-03-31,Payments,H,OPEN,Sample payments issue 1173,,2026-03-31,2026-03-31
T01174,C00436,2026-03-20,Mobile App,H,CLOSED,Sample mobile app issue 1174,2026-04-03,2026-03-20,2026-04-03
T01175,C00538,2026-08-07,Online Banking,M,NEW,Sample online banking issue 1175,,2026-08-07,2026-08-07
T01176,C00971,2026-01-31,Account,HIGH,IN PROGRESS,Sample account issue 1176,,2026-01-31,2026-01-31
T01177,C00968,2026-06-01,Transfers,L,RESOLVED,Sample transfers issue 1177,2026-06-11,2026-06-01,2026-06-11
T01178,C00549,2026-04-03,Payments,H,OPEN,Sample payments issue 1178,,2026-04-03,2026-04-03
T01179,C00544,2026-04-27,Payments,M,NEW,Sample payments issue 1179,,2026-04-27,2026-04-27
T01180,C00471,2025-10-06,Online Banking,HIGH,CLOSED,Sample online banking issue 1180,2025-10-20,2025-10-06,2025-10-20
T01181,C00469,2025-10-11,Transfers,MEDIUM,OPEN,Sample transfers issue 1181,,2025-10-11,2025-10-11
T01182,C00381,2025-10-08,Online Banking,LOW,IN PROGRESS,Sample online banking issue 1182,,2025-10-08,2025-10-08
T01183,C00009,2026-01-23,Online Banking,MEDIUM,IN PROGRESS,Sample online banking issue 1183,,2026-01-23,2026-01-23
T01184,C00874,2026-08-10,Card,MEDIUM,NEW,Sample card issue 1184,,2026-08-10,2026-08-10
T01185,C01140,2026-02-20,Online Banking,H,NEW,Sample online banking issue 1185,,2026-02-20,2026-02-20
T01186,C00180,2026-02-21,Card,LOW,RESOLVED,Sample card issue 1186,2026-03-05,2026-02-21,2026-03-05
T01187,C01094,2026-07-31,Online Banking,L,OPEN,Sample online banking issue 1187,,2026-07-31,2026-07-31
T01188,C00834,2026-01-23,Account,H,IN PROGRESS,Sample account issue 1188,,2026-01-23,2026-01-23
T01189,C00812,2026-05-26,Card,H,IN PROGRESS,Sample card issue 1189,,2026-05-26,2026-05-26
T01190,C00126,2026-02-01,Online Banking,M,IN PROGRESS,Sample online banking issue 1190,,2026-02-01,2026-02-01
T01191,C00820,2026-01-05,Mobile App,MEDIUM,IN PROGRESS,Sample mobile app issue 1191,,2026-01-05,2026-01-05
T01192,C00776,2025-10-16,Mobile App,LOW,IN PROGRESS,Sample mobile app issue 1192,,2025-10-16,2025-10-16
T01193,C00517,2025-09-27,Mobile App,L,CLOSED,Sample mobile app issue 1193,2025-10-05,2025-09-27,2025-10-05
T01194,C00505,2026-07-14,Transfers,MEDIUM,RESOLVED,Sample transfers issue 1194,2026-07-14,2026-07-14,2026-07-14
T01195,C00934,2026-06-25,Online Banking,MEDIUM,OPEN,Sample online banking issue 1195,,2026-06-25,2026-06-25
T01196,C00996,2026-08-16,Payments,HIGH,OPEN,Sample payments issue 1196,,2026-08-16,2026-08-16
T01197,C00635,2025-09-18,Mobile App,L,RESOLVED,Sample mobile app issue 1197,2025-09-28,2025-09-18,2025-09-28
T01198,C00910,2026-05-09,Online Banking,L,NEW,Sample online banking issue 1198,,2026-05-09,2026-05-09
T01199,C00906,2026-06-27,Online Banking,H,OPEN,Sample online banking issue 1199,,2026-06-27,2026-06-27
T01200,C00570,2025-10-29,Online Banking,L,RESOLVED,Sample online banking issue 1200,2025-10-30,2025-10-29,2025-10-30
